{"FormOID":"023E7244-AE96-46BB-8A84-E22EB2E00617","Form":"Neuro-QOL Bank v1.1 - Satisfaction w SRA","Properties":[{"MinNumItems":"4"},{"MaxNumItems":"12"},{"IRTModel":"0"},{"SelectionMethod":"1"},{"MinTheta":"-4.00"},{"MaxTheta":"4.00"},{"ThetaIncrement":"0.1000"},{"MaxStdErr":"0.30"},{"SelectionGroupSize":"1"},{"LogisticScaling":"1.0000"},{"DistMean":"0.00"},{"DistStdDev":"1.00"},{"FirstItem":""},{"CalibrationSample":"Wave 1B"},{"SetSelectionMethod":"Instance"}],"Items":[{"FormItemOID":"05F578B2-F89B-487E-9B48-432532723D83","ID":"NQSAT36","A_GRM":"5.19369","Map":[{"ItemResponseOID":"75FFB013-588C-4D69-81FD-C58D8584B4BF","StepOrder":"1","Threshold":"-1.3297"},{"ItemResponseOID":"5BFDDA7B-ABD0-4346-BCA9-2AF2A64CBAAC","StepOrder":"2","Threshold":"-1.0529"},{"ItemResponseOID":"C64656FF-3AC6-46B0-B7AC-50853BC3D092","StepOrder":"3","Threshold":"-0.7935"},{"ItemResponseOID":"93F1DB29-E1F1-49A5-AFAB-33D1DA53DF8D","StepOrder":"4","Threshold":"-0.4128"}]},{"FormItemOID":"0819123B-F594-4256-80D5-35F05989BB9D","ID":"NQSAT27","A_GRM":"3.02010","Map":[{"ItemResponseOID":"AA476022-340C-4439-80E1-7811E737AF86","StepOrder":"1","Threshold":"-1.5475"},{"ItemResponseOID":"82E887A1-F05F-49F7-80A0-5E87ED77BB0A","StepOrder":"2","Threshold":"-1.1436"},{"ItemResponseOID":"A2AB5416-CB5E-40F3-A7BF-20B014ED5826","StepOrder":"3","Threshold":"-0.5937"},{"ItemResponseOID":"8AD98371-2135-417F-82CA-1C86399F16A5","StepOrder":"4","Threshold":"-0.0922"}]},{"FormItemOID":"11E1D55D-AE9C-4FF9-8920-C0542860DFF8","ID":"NQSAT41","A_GRM":"3.37631","Map":[{"ItemResponseOID":"E3264D18-2D99-45C7-A0FD-6274E0D189DC","StepOrder":"1","Threshold":"-1.2907"},{"ItemResponseOID":"34F424E8-A8EC-4731-80E6-CAD14BB5A69C","StepOrder":"2","Threshold":"-0.9823"},{"ItemResponseOID":"8F6B7F7A-A0CD-4540-B5B8-F2002F342619","StepOrder":"3","Threshold":"-0.5457"},{"ItemResponseOID":"5724C7D1-1A76-4DF2-8137-DBDD23BF46CA","StepOrder":"4","Threshold":"-0.0730"}]},{"FormItemOID":"1368B767-AAEB-4BD4-8D02-3BC9F51E76E0","ID":"NQSAT14","A_GRM":"4.78275","Map":[{"ItemResponseOID":"7CAAD9F0-6F35-4FF8-AD92-4BD32C1E3107","StepOrder":"1","Threshold":"-1.4742"},{"ItemResponseOID":"052BA6C2-E35E-4D6B-BA9E-67641D113305","StepOrder":"2","Threshold":"-1.0535"},{"ItemResponseOID":"F8C77A58-23FF-4369-B495-9C74117236F8","StepOrder":"3","Threshold":"-0.6893"},{"ItemResponseOID":"1F387616-D0ED-47CF-910B-9474D25CB240","StepOrder":"4","Threshold":"-0.2994"}]},{"FormItemOID":"1402C4A4-FD20-47B2-A250-4671E5FC1C68","ID":"NQSAT08","A_GRM":"4.95377","Map":[{"ItemResponseOID":"43F334AC-C611-4EFF-A3C9-76E0239C4DC0","StepOrder":"1","Threshold":"-1.2093"},{"ItemResponseOID":"AEA90756-CACA-41FD-A2D0-EA19B8C6EEAF","StepOrder":"2","Threshold":"-0.9376"},{"ItemResponseOID":"98B236B1-ACE8-4B18-B1FB-E624BEB5D3FB","StepOrder":"3","Threshold":"-0.4027"},{"ItemResponseOID":"28815C74-3EAD-4DF2-A0CF-02DE53D94B4D","StepOrder":"4","Threshold":"0.0648"}]},{"FormItemOID":"1FB10980-0A2F-45BC-A804-52B7B0BDF270","ID":"NQSAT42","A_GRM":"5.51738","Map":[{"ItemResponseOID":"3CC44956-618D-42F5-97C9-8A69310CA8FF","StepOrder":"1","Threshold":"-1.2866"},{"ItemResponseOID":"58644739-8E0C-473C-8B09-293BA9FDC58D","StepOrder":"2","Threshold":"-0.9615"},{"ItemResponseOID":"A44E2AA1-79A6-4923-99A5-B5F59E9CDD5E","StepOrder":"3","Threshold":"-0.5175"},{"ItemResponseOID":"FCAFDE2E-25C7-4591-AAB5-2E45E7ADC122","StepOrder":"4","Threshold":"-0.1567"}]},{"FormItemOID":"265AA0A2-1781-4564-9666-A91FEB6688C0","ID":"NQSAT50","A_GRM":"5.26880","Map":[{"ItemResponseOID":"240A9237-029C-4606-9BAE-BD90BEBD595F","StepOrder":"1","Threshold":"-1.0591"},{"ItemResponseOID":"D62F3D4D-4344-4349-842B-09D154D25CEB","StepOrder":"2","Threshold":"-0.8529"},{"ItemResponseOID":"B7B60F28-0779-4837-B8CA-8F7DFB1C339D","StepOrder":"3","Threshold":"-0.4672"},{"ItemResponseOID":"8C49FEA8-6BB4-4C8D-ADDE-18E1A5DEF7E4","StepOrder":"4","Threshold":"-0.0795"}]},{"FormItemOID":"2847E79E-2965-450C-B35A-3EC6C957B395","ID":"NQSAT18","A_GRM":"4.85975","Map":[{"ItemResponseOID":"F4DAFD0A-CFF2-4C29-B83C-C21020D21C0B","StepOrder":"1","Threshold":"-1.1959"},{"ItemResponseOID":"A836D65C-E364-4A28-B387-CDEEA7C2626C","StepOrder":"2","Threshold":"-0.7877"},{"ItemResponseOID":"162F6865-4DB3-499F-BDC2-C69B0D7141A7","StepOrder":"3","Threshold":"-0.3076"},{"ItemResponseOID":"AFF5A6FD-8A8C-4108-B471-E7839FA8024B","StepOrder":"4","Threshold":"0.1212"}]},{"FormItemOID":"2F8461AA-FC50-4C58-9147-453627004F96","ID":"NQSAT23","A_GRM":"4.09645","Map":[{"ItemResponseOID":"930A6FF1-E178-489A-9C6C-D97D1896583D","StepOrder":"1","Threshold":"-1.4386"},{"ItemResponseOID":"629DD73A-F30A-4CD8-8877-F796F5696DEF","StepOrder":"2","Threshold":"-1.0998"},{"ItemResponseOID":"345B9317-7B22-47A5-9D68-5FB4B4F59573","StepOrder":"3","Threshold":"-0.7227"},{"ItemResponseOID":"9E319855-92C1-4C44-B069-EA4508DEECD2","StepOrder":"4","Threshold":"-0.3443"}]},{"FormItemOID":"331C5A06-3460-4104-9D6C-D4D36EF4BFA4","ID":"NQSAT10","A_GRM":"3.46607","Map":[{"ItemResponseOID":"C769C83F-D8F1-4F08-90EC-0F411801933B","StepOrder":"1","Threshold":"-1.7084"},{"ItemResponseOID":"C492C06E-DC4A-44A4-B5E7-3E4031B4AB60","StepOrder":"2","Threshold":"-1.3281"},{"ItemResponseOID":"09F93D16-0F18-40B1-95D0-52B50ECDFF51","StepOrder":"3","Threshold":"-0.8489"},{"ItemResponseOID":"CE5A42B8-EBBE-486E-953D-DA0DF0A3483C","StepOrder":"4","Threshold":"-0.4490"}]},{"FormItemOID":"3A86D823-6063-48B3-9C7C-EC3CDEECE128","ID":"NQSAT39","A_GRM":"5.76723","Map":[{"ItemResponseOID":"AF772982-7C6A-4FCF-82BA-21F199113853","StepOrder":"1","Threshold":"-1.3569"},{"ItemResponseOID":"002B7364-37C8-4DA4-B4BA-9FA12E9B1AFA","StepOrder":"2","Threshold":"-1.0373"},{"ItemResponseOID":"B1E37133-1225-49B1-9127-BBC490A42661","StepOrder":"3","Threshold":"-0.6656"},{"ItemResponseOID":"EC9FCCCF-0202-405D-B41A-763E3A935E85","StepOrder":"4","Threshold":"-0.3165"}]},{"FormItemOID":"3B5456D5-7377-4AF6-9FD1-2CBD4D176072","ID":"NQSAT02","A_GRM":"4.02613","Map":[{"ItemResponseOID":"EDDD108D-0790-486D-AA40-D72DB657C9DB","StepOrder":"1","Threshold":"-1.4656"},{"ItemResponseOID":"9617B3A0-4956-49E1-A91A-812550341CB9","StepOrder":"2","Threshold":"-1.0524"},{"ItemResponseOID":"A3B8E8E7-1313-4910-B052-8AA91D4076B0","StepOrder":"3","Threshold":"-0.6740"},{"ItemResponseOID":"FFB28523-ED7C-4D53-9FB5-48159B96337C","StepOrder":"4","Threshold":"-0.2563"}]},{"FormItemOID":"427C0F6F-D753-498A-BBAD-6CF0673BBC5A","ID":"NQSAT47","A_GRM":"6.43296","Map":[{"ItemResponseOID":"AA0DBD4A-B6DE-487E-B4FB-81B601641862","StepOrder":"1","Threshold":"-1.1628"},{"ItemResponseOID":"8FA7A6EB-2421-4F70-898D-D8008222CD8C","StepOrder":"2","Threshold":"-0.8568"},{"ItemResponseOID":"65F15B92-7C62-417E-8D4A-C4ECA2C0FC78","StepOrder":"3","Threshold":"-0.4508"},{"ItemResponseOID":"FD50D55F-DDE7-47E5-BAC1-3B717CDB5F69","StepOrder":"4","Threshold":"0.0128"}]},{"FormItemOID":"45953056-9772-4069-8E2D-D9F1D28DBB2A","ID":"NQSAT40","A_GRM":"5.00662","Map":[{"ItemResponseOID":"6219F5DE-B519-4A3B-B676-BF416AF45E16","StepOrder":"1","Threshold":"-1.3693"},{"ItemResponseOID":"0ED69D97-4F23-433C-85BD-9461E3A1D9C7","StepOrder":"2","Threshold":"-1.0471"},{"ItemResponseOID":"ACBE2D2B-F60A-45E8-BE1D-F388A50C8013","StepOrder":"3","Threshold":"-0.7125"},{"ItemResponseOID":"F26919C2-66B4-4FFA-B54D-667002C2A228","StepOrder":"4","Threshold":"-0.3551"}]},{"FormItemOID":"4658BDF6-1208-4233-BCAA-F4C8CC1786B2","ID":"NQSAT44","A_GRM":"6.11907","Map":[{"ItemResponseOID":"71DF2E7D-F775-4110-8753-15F487690936","StepOrder":"1","Threshold":"-1.2267"},{"ItemResponseOID":"85E9F345-9B3C-4227-8B12-885A3FE13888","StepOrder":"2","Threshold":"-0.8672"},{"ItemResponseOID":"F70EC1A9-C952-4E52-91D5-00697A42120A","StepOrder":"3","Threshold":"-0.4598"},{"ItemResponseOID":"DAA0124E-4368-4EA9-B516-8DDA344281AD","StepOrder":"4","Threshold":"-0.0765"}]},{"FormItemOID":"490A106C-5AA0-4DE6-BE4A-EA912A9F8AD4","ID":"NQSAT30","A_GRM":"5.13581","Map":[{"ItemResponseOID":"CC74B2A3-0363-4410-B61E-E725F061F7E1","StepOrder":"1","Threshold":"-1.2053"},{"ItemResponseOID":"E16A74B6-F461-4657-B847-E4D852426467","StepOrder":"2","Threshold":"-0.8630"},{"ItemResponseOID":"2D2FBC0E-8F68-45F3-ABEB-7CEC9B48F178","StepOrder":"3","Threshold":"-0.4088"},{"ItemResponseOID":"7F667288-9C01-4A79-AF9B-75810C641DAE","StepOrder":"4","Threshold":"0.0406"}]},{"FormItemOID":"4A23BCBC-3F23-4DEA-865D-B0015747621B","ID":"NQSAT20","A_GRM":"4.87261","Map":[{"ItemResponseOID":"8E1DF18B-917D-44D6-BC99-1393ECB20EA6","StepOrder":"1","Threshold":"-1.0870"},{"ItemResponseOID":"E8AD4D1E-43E5-4170-A90F-C0D3804C0D36","StepOrder":"2","Threshold":"-0.7092"},{"ItemResponseOID":"B9D0FB2D-0625-4E2C-8B83-25B5A32B9930","StepOrder":"3","Threshold":"-0.2769"},{"ItemResponseOID":"FFB297E2-9A44-431C-A85F-C9BDD1E442D6","StepOrder":"4","Threshold":"0.1617"}]},{"FormItemOID":"528FDE41-9443-4719-BE79-2BB0C33CC42D","ID":"NQSAT13","A_GRM":"4.24740","Map":[{"ItemResponseOID":"0FADFFCB-9130-4901-B131-27216CDD30AC","StepOrder":"1","Threshold":"-1.5086"},{"ItemResponseOID":"330B3F02-6A8A-4DEE-845B-E2412CAD9A07","StepOrder":"2","Threshold":"-1.1097"},{"ItemResponseOID":"3949583C-E18A-4D9F-BCB1-6AF2752014CA","StepOrder":"3","Threshold":"-0.7373"},{"ItemResponseOID":"68430486-9CFE-4E81-B8B4-73FB008132C8","StepOrder":"4","Threshold":"-0.3584"}]},{"FormItemOID":"6BA3FB04-D8ED-454E-AD16-156DA9BCFAAD","ID":"NQSAT15","A_GRM":"3.61494","Map":[{"ItemResponseOID":"99619CE8-A6B4-42BF-B465-0FFC3FD12CFA","StepOrder":"1","Threshold":"-1.6539"},{"ItemResponseOID":"9EF33F8C-EF82-459C-8F95-281D86EB9C9A","StepOrder":"2","Threshold":"-1.1803"},{"ItemResponseOID":"D7244B0D-B0D4-40A8-A97C-836418E75204","StepOrder":"3","Threshold":"-0.7345"},{"ItemResponseOID":"9B37ED5D-726D-4C78-985A-AA6E60B7CB60","StepOrder":"4","Threshold":"-0.2538"}]},{"FormItemOID":"70602BC5-A9CC-453D-9059-5480F6DD1A82","ID":"NQSAT22","A_GRM":"2.78435","Map":[{"ItemResponseOID":"20732DDE-8CAD-4761-AE81-A980AE9439BF","StepOrder":"1","Threshold":"-1.7999"},{"ItemResponseOID":"07C694E0-A334-43F0-A57A-994BF55EA62F","StepOrder":"2","Threshold":"-1.4247"},{"ItemResponseOID":"FED4C54E-760C-4A25-A803-0B8B12856E6A","StepOrder":"3","Threshold":"-0.9367"},{"ItemResponseOID":"A494472C-8CDD-4023-BE54-DB3C9CD47ACE","StepOrder":"4","Threshold":"-0.4796"}]},{"FormItemOID":"71898ABC-F02D-4D7A-8E43-8CFC1EC2C9AB","ID":"NQSAT46","A_GRM":"6.26510","Map":[{"ItemResponseOID":"0D422BFE-6CD4-4A34-93AD-8B791F47F1BA","StepOrder":"1","Threshold":"-1.2034"},{"ItemResponseOID":"35B52DD9-DC3C-492C-9E33-06D4F31B9963","StepOrder":"2","Threshold":"-0.8833"},{"ItemResponseOID":"25921A13-1BAE-4A14-888E-67FF179C48F8","StepOrder":"3","Threshold":"-0.4545"},{"ItemResponseOID":"88602E46-57AB-40B5-8AD6-F546A7D1649C","StepOrder":"4","Threshold":"-0.0895"}]},{"FormItemOID":"74624574-E539-4F1B-BAE3-31E30C61CEE3","ID":"NQSAT25","A_GRM":"4.18240","Map":[{"ItemResponseOID":"CF92E559-B1C3-4A0E-A9C2-973D146FCBFB","StepOrder":"1","Threshold":"-1.3553"},{"ItemResponseOID":"F0403DB2-3992-43D3-9088-63EB58F760D7","StepOrder":"2","Threshold":"-0.9991"},{"ItemResponseOID":"4A49014E-6995-4683-ACFB-52A070ABEFBB","StepOrder":"3","Threshold":"-0.6403"},{"ItemResponseOID":"426C799E-D2B0-4FF5-8102-1EEDF80F105C","StepOrder":"4","Threshold":"-0.2249"}]},{"FormItemOID":"75811CF6-124F-400E-9D7A-0839D92EB602","ID":"NQSAT38","A_GRM":"5.47056","Map":[{"ItemResponseOID":"5133F21B-835A-4853-9AAE-6E7EFC969D44","StepOrder":"1","Threshold":"-1.3164"},{"ItemResponseOID":"515AA71C-2750-442C-AD39-AA4375E486ED","StepOrder":"2","Threshold":"-0.9815"},{"ItemResponseOID":"BFA153BF-B716-41C4-B770-1CF2F89A1742","StepOrder":"3","Threshold":"-0.6230"},{"ItemResponseOID":"20C31529-0B67-4524-94A4-8765E6C63B2A","StepOrder":"4","Threshold":"-0.2828"}]},{"FormItemOID":"7BDA0FD3-05A7-416C-BC0F-1762D5F8E229","ID":"NQSAT03","A_GRM":"4.91734","Map":[{"ItemResponseOID":"2C5C6D25-4D9D-4A92-965C-C2F3A340CEB7","StepOrder":"1","Threshold":"-1.3877"},{"ItemResponseOID":"CACD39B9-AD2D-4C3B-91CF-80C62D411407","StepOrder":"2","Threshold":"-0.9496"},{"ItemResponseOID":"DF971745-438F-4F79-B913-9C04806949A9","StepOrder":"3","Threshold":"-0.6424"},{"ItemResponseOID":"F3370ABD-EE5A-4BF0-9957-53E06DE69472","StepOrder":"4","Threshold":"-0.3162"}]},{"FormItemOID":"7C12DF2E-C908-495E-8AC5-1BD66C736C3C","ID":"NQSAT06","A_GRM":"5.15511","Map":[{"ItemResponseOID":"0F458901-8CCE-4A92-A45B-A783FA62DA20","StepOrder":"1","Threshold":"-1.2799"},{"ItemResponseOID":"9F49D0ED-6EE0-4FED-BB8E-427679057B07","StepOrder":"2","Threshold":"-0.9743"},{"ItemResponseOID":"0E7FE7F1-4DCC-4840-BFDB-D749E71398C6","StepOrder":"3","Threshold":"-0.5023"},{"ItemResponseOID":"F010179C-BA34-40B0-A20F-DF8D4ADB5D57","StepOrder":"4","Threshold":"-0.0351"}]},{"FormItemOID":"7EEDC026-A5E7-4E16-AC85-34CB3FCC8A06","ID":"NQSAT45","A_GRM":"6.73558","Map":[{"ItemResponseOID":"FA59990A-9C95-4C13-9B96-3BA74F7C79B0","StepOrder":"1","Threshold":"-1.2791"},{"ItemResponseOID":"595A91E8-E376-4299-B353-CF863CC40AF5","StepOrder":"2","Threshold":"-0.9283"},{"ItemResponseOID":"4DD13CBB-3CD5-465F-9219-4ADD586F3BB4","StepOrder":"3","Threshold":"-0.5091"},{"ItemResponseOID":"87B437D9-C241-4B93-95E5-9F8440297A35","StepOrder":"4","Threshold":"-0.1273"}]},{"FormItemOID":"80944AA2-27B8-4F40-81CA-025298031B8E","ID":"NQSAT11","A_GRM":"4.71696","Map":[{"ItemResponseOID":"E96B03D4-2E0E-4CF1-B00B-B94111AA369D","StepOrder":"1","Threshold":"-1.4915"},{"ItemResponseOID":"3EBBB0A5-F30F-40DD-A5BE-83E7945D5EF8","StepOrder":"2","Threshold":"-1.1183"},{"ItemResponseOID":"DDD79DD7-9659-47BF-A283-DEC224567C2C","StepOrder":"3","Threshold":"-0.6988"},{"ItemResponseOID":"0105D68C-B24E-4DDD-A741-0182DC347652","StepOrder":"4","Threshold":"-0.3722"}]},{"FormItemOID":"84573845-8603-4687-BCE8-D9641D580794","ID":"NQSAT33","A_GRM":"5.22911","Map":[{"ItemResponseOID":"BFC96C2B-308D-4EE8-96D7-03196ADDB2B2","StepOrder":"1","Threshold":"-1.0572"},{"ItemResponseOID":"591C3021-E1E7-44D1-8E8B-D593847F1CF4","StepOrder":"2","Threshold":"-0.7345"},{"ItemResponseOID":"C6CA3BE2-D8DA-46D2-ABF6-DA5177AF5D3B","StepOrder":"3","Threshold":"-0.3049"},{"ItemResponseOID":"B9FC5563-575C-45EC-B0C5-9F134013FCBC","StepOrder":"4","Threshold":"0.1093"}]},{"FormItemOID":"86A945D4-B576-44D8-A086-FF30833856B8","ID":"NQSAT04","A_GRM":"3.59176","Map":[{"ItemResponseOID":"A20B8BFB-07A0-4A7B-9D09-5AC84FC56A67","StepOrder":"1","Threshold":"-1.3291"},{"ItemResponseOID":"FBC2C694-85AE-4450-81FE-CDD34F1FD61C","StepOrder":"2","Threshold":"-1.0004"},{"ItemResponseOID":"69EB7EBC-468D-4FE6-A547-27E2542EB4E0","StepOrder":"3","Threshold":"-0.5435"},{"ItemResponseOID":"65AC68A7-7D88-4157-ABC3-89BEEBBEC05C","StepOrder":"4","Threshold":"0.0141"}]},{"FormItemOID":"873311EA-BD27-4E69-9C38-50A52708BB0F","ID":"NQSAT37","A_GRM":"5.21751","Map":[{"ItemResponseOID":"5103A49D-C99C-4BBA-88C3-A011A316D0D4","StepOrder":"1","Threshold":"-1.3305"},{"ItemResponseOID":"4734BD27-729A-403E-8001-B5A82B724814","StepOrder":"2","Threshold":"-1.0135"},{"ItemResponseOID":"A286CD5C-2FCC-45FE-9815-5573948633E5","StepOrder":"3","Threshold":"-0.7589"},{"ItemResponseOID":"776BDE68-D5F6-47DC-8F11-6CE2163F6947","StepOrder":"4","Threshold":"-0.4180"}]},{"FormItemOID":"8F32C68F-7E66-43DF-9B51-AD5E03462BD7","ID":"NQSAT19","A_GRM":"4.17953","Map":[{"ItemResponseOID":"3FEEFE6A-15F8-4CEE-AB71-82546AEEC7D2","StepOrder":"1","Threshold":"-1.1507"},{"ItemResponseOID":"4067773E-A0C1-40D4-8EDC-659F5975981C","StepOrder":"2","Threshold":"-0.7715"},{"ItemResponseOID":"E8A09A24-7069-495D-97E6-36631E9751F0","StepOrder":"3","Threshold":"-0.2652"},{"ItemResponseOID":"5B507535-A406-42E9-9810-A50E88966415","StepOrder":"4","Threshold":"0.2158"}]},{"FormItemOID":"9D7E27B3-E7CB-4CEE-A526-53DB7EC60FBB","ID":"NQSAT29","A_GRM":"4.74385","Map":[{"ItemResponseOID":"18D83C14-FA58-49AE-899E-12227A6E0B0B","StepOrder":"1","Threshold":"-1.2707"},{"ItemResponseOID":"68C1613A-22C9-48ED-AFD3-D23B51D8BE89","StepOrder":"2","Threshold":"-0.8269"},{"ItemResponseOID":"1CC87600-32DB-441B-BC77-8CDCD22C726C","StepOrder":"3","Threshold":"-0.3870"},{"ItemResponseOID":"C9BF45BA-BD09-43D3-83DC-F6427E129959","StepOrder":"4","Threshold":"0.0620"}]},{"FormItemOID":"A505FB6D-F54F-4DE8-9E31-260B586D941E","ID":"NQSAT31","A_GRM":"3.83640","Map":[{"ItemResponseOID":"89603661-BA59-48B6-95EB-3669555106D0","StepOrder":"1","Threshold":"-1.1684"},{"ItemResponseOID":"B0BFAD38-0355-4C59-AF4D-C72BE06E9899","StepOrder":"2","Threshold":"-0.7657"},{"ItemResponseOID":"61BA024B-1139-47A1-8ED1-B5B36A2E7460","StepOrder":"3","Threshold":"-0.2847"},{"ItemResponseOID":"59863B45-239F-463E-9A4A-8F9AA90A505E","StepOrder":"4","Threshold":"0.1036"}]},{"FormItemOID":"AF499C3E-C5C5-4D66-9D3E-F845FF92BE12","ID":"NQSAT01","A_GRM":"3.44117","Map":[{"ItemResponseOID":"996B9A9D-6E30-4103-BBAE-26FE5C2E5B92","StepOrder":"1","Threshold":"-1.6880"},{"ItemResponseOID":"09EE147B-2A54-4BB5-A907-3E39DA7AE3D4","StepOrder":"2","Threshold":"-1.3527"},{"ItemResponseOID":"BC00BC05-0DFD-47AC-8BA7-C4A898EFF5E9","StepOrder":"3","Threshold":"-0.7940"},{"ItemResponseOID":"CE0344F6-5525-44FA-93A8-A893BC2CC053","StepOrder":"4","Threshold":"-0.3364"}]},{"FormItemOID":"B18367B9-FA9F-48B9-9641-87AC1932F984","ID":"NQSAT12","A_GRM":"4.60318","Map":[{"ItemResponseOID":"1DF85F5E-B889-4D23-AF5B-F6D805B2E583","StepOrder":"1","Threshold":"-1.4630"},{"ItemResponseOID":"73C1BA90-C280-417E-AB81-B6484929C969","StepOrder":"2","Threshold":"-1.0875"},{"ItemResponseOID":"B163398E-2E04-4683-A475-CA97DD07A890","StepOrder":"3","Threshold":"-0.6805"},{"ItemResponseOID":"E731732A-A890-4A88-B141-B766E7E95A79","StepOrder":"4","Threshold":"-0.3035"}]},{"FormItemOID":"B266DAC8-29C3-45AB-A593-6FE0ED191540","ID":"NQSAT49","A_GRM":"5.79896","Map":[{"ItemResponseOID":"A788D4A5-E488-44E7-BABC-F178BC7D2A29","StepOrder":"1","Threshold":"-1.2028"},{"ItemResponseOID":"1C2F7F41-3384-47D6-A9AD-1652776FA795","StepOrder":"2","Threshold":"-0.8992"},{"ItemResponseOID":"349922D8-2E75-418D-9868-8091B8C91EA7","StepOrder":"3","Threshold":"-0.4243"},{"ItemResponseOID":"BBECDB2A-3D5E-4340-B526-07714157E9CE","StepOrder":"4","Threshold":"0.0198"}]},{"FormItemOID":"C7E282E7-BDCA-416A-8806-902393615EC0","ID":"NQSAT32","A_GRM":"4.55839","Map":[{"ItemResponseOID":"45063537-68E7-4A37-A3E6-67F5C68844C5","StepOrder":"1","Threshold":"-1.3170"},{"ItemResponseOID":"67290BD6-7F91-4C16-9AE2-69B8F4E4C8C9","StepOrder":"2","Threshold":"-0.8891"},{"ItemResponseOID":"18181984-CBD2-463A-AD75-95AD8147CACE","StepOrder":"3","Threshold":"-0.3175"},{"ItemResponseOID":"E71B3617-D960-4437-89FB-722DE1BB1DB1","StepOrder":"4","Threshold":"0.0922"}]},{"FormItemOID":"D243C7F3-5DC3-4C77-93EC-B7867F1B02E2","ID":"NQSAT51","A_GRM":"3.61500","Map":[{"ItemResponseOID":"AB1301B1-228F-42F5-B984-70B5CF3642A8","StepOrder":"1","Threshold":"-1.3245"},{"ItemResponseOID":"045A5153-954B-496A-AAFD-7774DDE0FCAB","StepOrder":"2","Threshold":"-0.9026"},{"ItemResponseOID":"C2AA8670-15B3-491E-9020-27A83DB6BC57","StepOrder":"3","Threshold":"-0.5530"},{"ItemResponseOID":"CBD79112-0BDC-4513-B502-F9A2DD59C258","StepOrder":"4","Threshold":"-0.2126"}]},{"FormItemOID":"ECD44CF8-5D05-43A8-8FF3-72F49955C1E2","ID":"NQSAT21","A_GRM":"3.63374","Map":[{"ItemResponseOID":"92014160-D419-4318-BDBE-FA2B403064AA","StepOrder":"1","Threshold":"-1.0773"},{"ItemResponseOID":"6DBD3ECE-37C2-4441-A623-AE66D2856BA0","StepOrder":"2","Threshold":"-0.6945"},{"ItemResponseOID":"E89E78FA-5376-4E63-8A93-F21944962333","StepOrder":"3","Threshold":"-0.2111"},{"ItemResponseOID":"8C20CDDC-7DE7-4A90-ABF3-8444BDBB2337","StepOrder":"4","Threshold":"0.2780"}]},{"FormItemOID":"EE0895C7-C043-47DB-A07B-C3D1A313F803","ID":"NQSAT24","A_GRM":"5.10245","Map":[{"ItemResponseOID":"FE158AE3-B966-460D-AD3C-8010D6DE09E9","StepOrder":"1","Threshold":"-1.3542"},{"ItemResponseOID":"7C566F4E-B14D-4DDC-9E32-F1AA5204161B","StepOrder":"2","Threshold":"-0.9944"},{"ItemResponseOID":"F639C1B2-830C-4731-9D6F-FB52426142B6","StepOrder":"3","Threshold":"-0.6692"},{"ItemResponseOID":"C3B8BA4A-8518-4C4B-A666-E668DC3DA45F","StepOrder":"4","Threshold":"-0.2797"}]},{"FormItemOID":"F1A06BB3-1EC5-4DD1-B66F-95EFDEDAE2EC","ID":"NQSAT48","A_GRM":"5.65589","Map":[{"ItemResponseOID":"B7781C5F-6C58-4073-9470-C0DAF4AB4170","StepOrder":"1","Threshold":"-1.1609"},{"ItemResponseOID":"995C9A7A-2B13-4EAD-9C0C-CC87F2145F5F","StepOrder":"2","Threshold":"-0.8504"},{"ItemResponseOID":"F50A8444-630A-4BDB-8658-6EA2E2A32056","StepOrder":"3","Threshold":"-0.3782"},{"ItemResponseOID":"58B79A92-A7D8-4CE4-BC4B-0FB3D4526829","StepOrder":"4","Threshold":"0.0792"}]},{"FormItemOID":"F205E535-7D6B-4D0F-8873-693C36E0EE72","ID":"NQSAT34","A_GRM":"4.44238","Map":[{"ItemResponseOID":"A2FB2FA1-AD0D-4383-BE47-081FDA44BBDE","StepOrder":"1","Threshold":"-1.1201"},{"ItemResponseOID":"88978557-548A-49A1-8EB8-33574ED5F179","StepOrder":"2","Threshold":"-0.7686"},{"ItemResponseOID":"D7F51D86-8900-4266-8471-C8755A682262","StepOrder":"3","Threshold":"-0.3078"},{"ItemResponseOID":"D9A2654F-0398-4319-BCB0-32DEBCB7382F","StepOrder":"4","Threshold":"0.1328"}]},{"FormItemOID":"F701ABEF-86D2-47C5-A6CC-996493B9EB40","ID":"NQSAT05","A_GRM":"5.14874","Map":[{"ItemResponseOID":"AD4A1682-4D5A-406D-86CA-03CE77B8464E","StepOrder":"1","Threshold":"-1.2291"},{"ItemResponseOID":"4CD0B1C3-5C03-4E32-9D48-53B9FA8BDBAC","StepOrder":"2","Threshold":"-0.8862"},{"ItemResponseOID":"3A4AEF50-F041-470E-A294-85CB5E2B75AB","StepOrder":"3","Threshold":"-0.5418"},{"ItemResponseOID":"A83C6A94-6B31-405A-A05E-463AB3E5B205","StepOrder":"4","Threshold":"-0.0344"}]},{"FormItemOID":"FF29083A-1FA1-4C2E-AA90-E49A68E70CE1","ID":"NQSAT35","A_GRM":"2.67136","Map":[{"ItemResponseOID":"FC67CB64-10CB-4C4E-8199-52BB15F3C75D","StepOrder":"1","Threshold":"-1.8849"},{"ItemResponseOID":"72F27800-FA63-4C7F-8658-98552E322444","StepOrder":"2","Threshold":"-1.6043"},{"ItemResponseOID":"8376CD51-EFFB-4996-A6E7-1A1F52490DBD","StepOrder":"3","Threshold":"-1.1884"},{"ItemResponseOID":"375103DA-2224-4B08-BEAD-ED4276F0C272","StepOrder":"4","Threshold":"-0.8906"}]},{"FormItemOID":"FFE10356-C5F7-4477-A817-680938D14D62","ID":"NQSAT43","A_GRM":"5.85949","Map":[{"ItemResponseOID":"65A4DFA1-6926-428C-B7FF-B7D147589C51","StepOrder":"1","Threshold":"-1.1702"},{"ItemResponseOID":"9678D655-CBE2-4F72-9212-86E0F4034C42","StepOrder":"2","Threshold":"-0.9035"},{"ItemResponseOID":"51AD5240-D593-4491-B3AA-832200CB4D5D","StepOrder":"3","Threshold":"-0.4230"},{"ItemResponseOID":"0B1849EF-7325-43D7-8A7D-E0D124AB8DCD","StepOrder":"4","Threshold":"-0.0907"}]}]}
