{"FormOID":"037D7B69-FCB2-482E-A1CE-9A4D017D24AD","Form":"Unpleasant thoughts and/or feelings related to fear (e.g., fearfulness, feelings of panic), helplessness, worry and hyperarousal (e.g., tension, nervousness, restlessness).","Properties":[{"MinNumItems":"4"},{"MaxNumItems":"12"},{"IRTModel":"0"},{"SelectionMethod":"1"},{"MinTheta":"-4.00"},{"MaxTheta":"4.00"},{"ThetaIncrement":"0.1000"},{"MaxStdErr":"0.30"},{"SelectionGroupSize":"1"},{"LogisticScaling":"1.0000"},{"DistMean":"0.00"},{"DistStdDev":"1.00"},{"FirstItem":""},{"CalibrationSample":"Wave 1B"},{"SetSelectionMethod":"FormDefault"}],"Items":[{"FormItemOID":"0EE5E147-1313-4A7A-A3D2-7BB0E943DA2F","ID":"NQEMNped21","A_GRM":"2.82862","Map":[{"ItemResponseOID":"643293EE-BD22-4E97-B58B-336E5B28CACA","StepOrder":"1","Threshold":"-0.1294"},{"ItemResponseOID":"A23C5F83-0EEC-41C9-92DF-093F08105406","StepOrder":"2","Threshold":"0.6452"},{"ItemResponseOID":"DD795BA2-CD6D-43E4-AB7E-4B771B0A6587","StepOrder":"3","Threshold":"1.4433"},{"ItemResponseOID":"C599D387-9C99-42D7-95F5-83864F6840FA","StepOrder":"4","Threshold":"2.1902"}]},{"FormItemOID":"1F0A4CFC-3E40-4538-8CD9-43BD6C6CAD36","ID":"NQEMNped30","A_GRM":"3.82646","Map":[{"ItemResponseOID":"2D7EC8A3-B51D-455F-B18A-D56D85D0B798","StepOrder":"1","Threshold":"-0.3677"},{"ItemResponseOID":"9A7B65B9-1BBD-42A4-9B1E-5B0B9B14E34A","StepOrder":"2","Threshold":"0.3933"},{"ItemResponseOID":"E32E4FBE-5891-489B-9D95-2734666A2A9F","StepOrder":"3","Threshold":"1.5245"},{"ItemResponseOID":"009D79B8-D6C1-441C-8C6D-15A06011B54D","StepOrder":"4","Threshold":"2.3004"}]},{"FormItemOID":"70DC0BFD-7693-479F-A8C1-AA14174CA695","ID":"NQEMNped10","A_GRM":"2.89538","Map":[{"ItemResponseOID":"A98BA719-AAA8-433B-9F34-4E7D59C6BDCD","StepOrder":"1","Threshold":"0.5698"},{"ItemResponseOID":"610A8078-C582-464E-9397-AC16F458C907","StepOrder":"2","Threshold":"1.0452"},{"ItemResponseOID":"96DB8B2F-AD8D-40CF-8DF0-708FEBB760E0","StepOrder":"3","Threshold":"1.5512"},{"ItemResponseOID":"BC6A122F-0009-4314-A9A3-A5831270D1F6","StepOrder":"4","Threshold":"1.9735"}]},{"FormItemOID":"76FDAC34-E91C-438A-8FDB-230D9B66813F","ID":"NQEMNped02","A_GRM":"1.68695","Map":[{"ItemResponseOID":"ED9BB190-9C0A-45B7-AA0C-F749FA500BE9","StepOrder":"1","Threshold":"0.3259"},{"ItemResponseOID":"42A5FB8E-F904-4286-B65B-84B2A71D7F65","StepOrder":"2","Threshold":"1.2990"},{"ItemResponseOID":"62B2D8D6-C110-4F5A-AF83-5F155BA3FF1F","StepOrder":"3","Threshold":"1.9864"},{"ItemResponseOID":"623B6968-3A07-457C-83F8-C7A6C597EE66","StepOrder":"4","Threshold":"2.7889"}]},{"FormItemOID":"7CD759EE-444A-4F16-924F-7D0841564832","ID":"NQEMNped43","A_GRM":"3.95967","Map":[{"ItemResponseOID":"F0C57D86-D09D-4F97-BF44-B43E423A153C","StepOrder":"1","Threshold":"0.4059"},{"ItemResponseOID":"608780B2-414C-49E6-9333-BABF27596EA7","StepOrder":"2","Threshold":"1.0616"},{"ItemResponseOID":"E4C8B23F-A773-4745-A17B-E98E27159A34","StepOrder":"3","Threshold":"1.6345"},{"ItemResponseOID":"36A482FE-645E-4163-AB95-EA808E74647D","StepOrder":"4","Threshold":"2.1540"}]},{"FormItemOID":"842F7EDF-00F8-48A3-8553-21906D819F1D","ID":"NQEMNped06","A_GRM":"2.43757","Map":[{"ItemResponseOID":"035A3CC4-7F79-4404-A2FE-A51DE46CBFE3","StepOrder":"1","Threshold":"0.4307"},{"ItemResponseOID":"9A4F0A0E-23B5-4233-9F1B-48B7B74CF52B","StepOrder":"2","Threshold":"0.9457"},{"ItemResponseOID":"2012BCEF-1FEB-4A04-B571-650337214E3E","StepOrder":"3","Threshold":"1.4653"},{"ItemResponseOID":"9E8478D4-5CB9-4427-884F-0D6F2FDA9C48","StepOrder":"4","Threshold":"2.1525"}]},{"FormItemOID":"89EF34B0-6B7E-47D6-BB40-161B8813C783","ID":"NQEMNped29","A_GRM":"3.63505","Map":[{"ItemResponseOID":"4D0C45B4-26CB-4A5D-BE0D-2C5F83B8B7EB","StepOrder":"1","Threshold":"-0.2681"},{"ItemResponseOID":"9C1F1C6C-B391-4E65-977D-00B9BD7B7A3D","StepOrder":"2","Threshold":"0.4697"},{"ItemResponseOID":"01A2F9E4-54BD-453E-94DD-9D4350F68B56","StepOrder":"3","Threshold":"1.6297"},{"ItemResponseOID":"CFDB021C-8F66-48ED-8DEC-2100B0C55679","StepOrder":"4","Threshold":"2.2317"}]},{"FormItemOID":"9B6923B9-90C7-4F47-826B-AC5E9DE168BD","ID":"NQEMNped46","A_GRM":"1.91720","Map":[{"ItemResponseOID":"69F4C79D-6496-437A-B4F0-9158DC66A4FD","StepOrder":"1","Threshold":"-0.6203"},{"ItemResponseOID":"7DF59CFB-BD12-4DC6-8A00-10AD23E099C8","StepOrder":"2","Threshold":"0.4684"},{"ItemResponseOID":"125C0E4C-1B71-4BE5-8BAF-518A00427033","StepOrder":"3","Threshold":"1.2674"},{"ItemResponseOID":"CEB21786-7213-4264-AAEC-BF2F4EE65103","StepOrder":"4","Threshold":"2.1276"}]},{"FormItemOID":"B1A5CBC5-2D51-4F5F-B728-487370E29505","ID":"NQEMNped03","A_GRM":"1.99849","Map":[{"ItemResponseOID":"83D632EB-024D-4BC9-AA9D-A01066E0D7E3","StepOrder":"1","Threshold":"0.1191"},{"ItemResponseOID":"02740837-0B51-4C09-91F6-D3CAE6C8085B","StepOrder":"2","Threshold":"1.0420"},{"ItemResponseOID":"CBEBBEB1-25C4-477D-8896-169102ADDC1A","StepOrder":"3","Threshold":"1.6749"},{"ItemResponseOID":"82E5B348-FA6A-404F-8380-BE5EF06EBD6F","StepOrder":"4","Threshold":"2.4915"}]},{"FormItemOID":"C6FC2F4C-7E51-4FCB-8331-95CD2C858550","ID":"NQEMNped44","A_GRM":"3.26346","Map":[{"ItemResponseOID":"DF5AA212-A706-4B57-8D54-3B4148E8D579","StepOrder":"1","Threshold":"0.5305"},{"ItemResponseOID":"2A7958F1-AB9E-40A8-AFA2-A18E6631E32A","StepOrder":"2","Threshold":"1.0641"},{"ItemResponseOID":"5411B3B4-45E2-4DD6-9247-7395EEB33E0D","StepOrder":"3","Threshold":"1.6022"},{"ItemResponseOID":"E4C12964-686A-4448-B570-12B6438F67EF","StepOrder":"4","Threshold":"1.9929"}]},{"FormItemOID":"C91EDF49-24A3-4EA7-80EF-A397087E5585","ID":"NQEMNped45","A_GRM":"3.53959","Map":[{"ItemResponseOID":"CF54B9F7-E2BF-442D-83C8-BE061413DA7F","StepOrder":"1","Threshold":"0.3928"},{"ItemResponseOID":"A47A3D15-FB52-4841-86B1-4DF71BB36E24","StepOrder":"2","Threshold":"0.9904"},{"ItemResponseOID":"4C563339-638F-409E-B6EF-BA72D589EF8C","StepOrder":"3","Threshold":"1.4153"},{"ItemResponseOID":"00D38C04-E335-489F-B9C2-5A19C8A24D0A","StepOrder":"4","Threshold":"1.8819"}]},{"FormItemOID":"D02CA1F6-F91F-468E-B6D9-F8B10B40DB4C","ID":"NQEMNped25","A_GRM":"3.74236","Map":[{"ItemResponseOID":"1BD5E1C1-11B3-470E-939A-BEF1CE27F641","StepOrder":"1","Threshold":"0.1121"},{"ItemResponseOID":"FAD5545D-4F46-412F-85FC-00F672ED7D42","StepOrder":"2","Threshold":"0.8848"},{"ItemResponseOID":"E856D549-8DAF-4CAD-AAD4-C37D598BF79E","StepOrder":"3","Threshold":"1.7364"},{"ItemResponseOID":"D7FEA095-A25B-46F6-ABA9-5438C03BF658","StepOrder":"4","Threshold":"2.2561"}]},{"FormItemOID":"D0806543-BD08-42B4-8151-476F536844FB","ID":"NQEMNped28","A_GRM":"4.24311","Map":[{"ItemResponseOID":"C859F335-4C1E-4CF1-89EF-B1FD0233B1D7","StepOrder":"1","Threshold":"0.2125"},{"ItemResponseOID":"F9D4D40D-F9A0-47BD-822F-F29A8903C8D1","StepOrder":"2","Threshold":"0.9065"},{"ItemResponseOID":"6FF1829C-13A8-4615-99FE-52500FA1B1EC","StepOrder":"3","Threshold":"1.8681"},{"ItemResponseOID":"31EB844E-B0FB-4398-A527-FE3900E2B81B","StepOrder":"4","Threshold":"2.4693"}]},{"FormItemOID":"D6062E97-E516-43B9-B4C7-CEAA6F0A8697","ID":"NQEMNped27","A_GRM":"3.58471","Map":[{"ItemResponseOID":"312A6415-27F6-43E5-81D3-DAED5041339C","StepOrder":"1","Threshold":"0.5292"},{"ItemResponseOID":"0FECCF17-D2AA-4414-AF88-CC29FED43368","StepOrder":"2","Threshold":"1.1316"},{"ItemResponseOID":"54EB70C8-198E-45D2-A7AB-862CF4CB8B9A","StepOrder":"3","Threshold":"1.8748"},{"ItemResponseOID":"53DE696B-D559-4E37-8C31-E921C7748D87","StepOrder":"4","Threshold":"2.3995"}]},{"FormItemOID":"D6C37650-7CA4-4650-887F-A6AE8372648C","ID":"NQEMNped24","A_GRM":"4.46707","Map":[{"ItemResponseOID":"00C14A30-5528-4660-BB1F-749226D5E32E","StepOrder":"1","Threshold":"0.0623"},{"ItemResponseOID":"49D88182-0F18-4D0A-AD81-BF3F5677AD16","StepOrder":"2","Threshold":"0.6312"},{"ItemResponseOID":"847B8682-E652-4E89-BAB5-12D354704A20","StepOrder":"3","Threshold":"1.5263"},{"ItemResponseOID":"E27109A9-133D-44CF-A80A-C26ABD69900B","StepOrder":"4","Threshold":"2.1384"}]},{"FormItemOID":"E7771BED-5800-4D0F-9A67-98617593D532","ID":"NQEMNped20","A_GRM":"2.85736","Map":[{"ItemResponseOID":"0B47CE43-D104-4B2F-A51C-340185DC565C","StepOrder":"1","Threshold":"-0.2015"},{"ItemResponseOID":"B7B0DB87-F088-4CAA-BA31-0BAA3A9AD423","StepOrder":"2","Threshold":"0.7765"},{"ItemResponseOID":"F67688EC-1B0F-4555-8093-7C09A60E4553","StepOrder":"3","Threshold":"1.4498"},{"ItemResponseOID":"42B2423F-EB34-45E8-860D-D54A59105E40","StepOrder":"4","Threshold":"2.3593"}]},{"FormItemOID":"EBFF0138-95EC-4B4C-A604-CCE1D74998DB","ID":"NQEMNped22","A_GRM":"3.09737","Map":[{"ItemResponseOID":"4CFDCD33-057F-4AC0-921C-7E669506BAA3","StepOrder":"1","Threshold":"0.2284"},{"ItemResponseOID":"8747C743-B04E-4974-A406-1EC183584DE3","StepOrder":"2","Threshold":"0.8292"},{"ItemResponseOID":"F54E246E-A2EC-4B67-99A7-B86D3AA8F2F0","StepOrder":"3","Threshold":"1.7093"},{"ItemResponseOID":"2DBAE680-BD69-46CC-BD95-D357D983693B","StepOrder":"4","Threshold":"2.2066"}]},{"FormItemOID":"F6F3274B-C726-4284-9A6B-F4E12EE19BC0","ID":"NQEMNped26","A_GRM":"4.27429","Map":[{"ItemResponseOID":"8CED9806-4594-46CD-B16F-981415081C8A","StepOrder":"1","Threshold":"0.0095"},{"ItemResponseOID":"CD39FCA4-A9D8-4CE7-A379-FF290CF2DAF1","StepOrder":"2","Threshold":"0.7873"},{"ItemResponseOID":"03949D9F-91CF-44E4-B50E-E1659A6AD38B","StepOrder":"3","Threshold":"1.8115"},{"ItemResponseOID":"FBB9AD5A-A455-4D3D-9118-19C19C18985B","StepOrder":"4","Threshold":"2.2260"}]},{"FormItemOID":"FC11CB7B-B4FF-4754-8428-4803131754A1","ID":"NQEMNped23","A_GRM":"5.31528","Map":[{"ItemResponseOID":"E310CA6A-7547-49A3-912C-058B998BB254","StepOrder":"1","Threshold":"0.2437"},{"ItemResponseOID":"FDC13911-4965-4E83-BBCE-E9BE38A20C92","StepOrder":"2","Threshold":"0.7480"},{"ItemResponseOID":"B5D4A11A-612F-40FA-BC41-3150D56E9D65","StepOrder":"3","Threshold":"1.5426"},{"ItemResponseOID":"FDC0E9FF-4035-4828-9421-06D3A9D9C558","StepOrder":"4","Threshold":"2.3122"}]}]}
