{"FormOID":"154D0273-C3F6-4BCE-8885-3194D4CC4596","Form":"PROMIS Pain Intensity Bank","Properties":[{"MinNumItems":"4"},{"MaxNumItems":"12"},{"IRTModel":"0"},{"SelectionMethod":"1"},{"MinTheta":"-4.00"},{"MaxTheta":"4.00"},{"ThetaIncrement":"0.1000"},{"MaxStdErr":"0.30"},{"SelectionGroupSize":"1"},{"LogisticScaling":"1.0000"},{"DistMean":"0.00"},{"DistStdDev":"1.00"},{"FirstItem":""},{"CalibrationSample":"Promis Wave 1"},{"SetSelectionMethod":"Instance"}],"Items":[{"FormItemOID":"032320B0-B7B2-48CB-87D5-DC8D568D41EF","ID":"PAININ55","A_GRM":"2.68327","Map":[{"ItemResponseOID":"A2C57FE8-0674-447F-81AC-293617A9686D","StepOrder":"1","Threshold":"0.7217"},{"ItemResponseOID":"B0EDD1D9-16A5-42EF-ABFF-036F8F424206","StepOrder":"2","Threshold":"1.2032"},{"ItemResponseOID":"A620C5D9-CB18-470B-9508-B7EEF8426E19","StepOrder":"3","Threshold":"1.7465"},{"ItemResponseOID":"14596B79-E741-43CB-8C96-54BA272E8089","StepOrder":"4","Threshold":"2.4084"}]},{"FormItemOID":"05145904-4370-485B-9879-7FB20EE12187","ID":"PAININ6","A_GRM":"4.05753","Map":[{"ItemResponseOID":"95A49263-65EA-4B55-986A-73D390FD93E2","StepOrder":"1","Threshold":"0.6262"},{"ItemResponseOID":"E757DAFF-735E-4E48-982A-91A42F514DA7","StepOrder":"2","Threshold":"1.1746"},{"ItemResponseOID":"4C631725-C744-43F1-B994-5FC082CF4CBE","StepOrder":"3","Threshold":"1.6664"},{"ItemResponseOID":"13E6980B-9BAF-43D7-AB3F-0475D96E63EE","StepOrder":"4","Threshold":"2.1984"}]},{"FormItemOID":"1860DD0A-4FEC-4E80-85DE-E61574494274","ID":"PAININ29","A_GRM":"3.42970","Map":[{"ItemResponseOID":"36C16B14-08B8-4198-BD0E-C623A8F32A7B","StepOrder":"1","Threshold":"0.6370"},{"ItemResponseOID":"5C4A9C30-B5CB-4C49-80E1-DB88B53CE2B5","StepOrder":"2","Threshold":"1.1396"},{"ItemResponseOID":"4E2DB8DF-7F02-4986-B65E-B26B1E7C9CD1","StepOrder":"3","Threshold":"1.8218"},{"ItemResponseOID":"99D02C50-DCFB-4AD2-B30C-8C8476A1B9A9","StepOrder":"4","Threshold":"2.9205"}]},{"FormItemOID":"1AE6C713-AE98-4CAA-8F1D-82AE8BADE7C3","ID":"PAININ10","A_GRM":"5.15317","Map":[{"ItemResponseOID":"CCAF92C8-EA7C-44E0-BE7F-9CCFD6ED707E","StepOrder":"1","Threshold":"0.1310"},{"ItemResponseOID":"1E3042AF-30C4-40AE-99B1-DA270F7F2F7F","StepOrder":"2","Threshold":"0.7914"},{"ItemResponseOID":"1BDBB4A2-1222-4F33-B45F-8A20771768C8","StepOrder":"3","Threshold":"1.2600"},{"ItemResponseOID":"B107F47D-961B-4F06-A191-C9920AE050B6","StepOrder":"4","Threshold":"1.8452"}]},{"FormItemOID":"26E937B2-7262-486B-A0FA-32CDC50FED00","ID":"PAININ53","A_GRM":"4.13798","Map":[{"ItemResponseOID":"9CC82FC1-78DD-4F7A-8C57-20C5FF63FDFB","StepOrder":"1","Threshold":"0.5115"},{"ItemResponseOID":"6C7AEE6B-D95E-43D3-B96B-DFAB25CCDB98","StepOrder":"2","Threshold":"0.9990"},{"ItemResponseOID":"7FDD13A3-DFE8-4840-AF61-A6698914AF0F","StepOrder":"3","Threshold":"1.5786"},{"ItemResponseOID":"FFEF862C-8B83-4C72-9063-2ECA49A10180","StepOrder":"4","Threshold":"2.3259"}]},{"FormItemOID":"29F4AAA7-4DE2-47E1-9C55-133785496B7E","ID":"PAININ18","A_GRM":"4.61543","Map":[{"ItemResponseOID":"6B3F1DB7-2A3C-45C2-8C56-A85FDED1D7C3","StepOrder":"1","Threshold":"0.2501"},{"ItemResponseOID":"71F7E900-5E0E-4B63-82E8-B172C5E5E717","StepOrder":"2","Threshold":"0.9002"},{"ItemResponseOID":"F3AA28F1-507F-4013-9818-78FEC4387FE0","StepOrder":"3","Threshold":"1.3996"},{"ItemResponseOID":"266FA164-936F-49B3-BA9F-CA79D7032EFE","StepOrder":"4","Threshold":"1.8769"}]},{"FormItemOID":"2C47A690-9FAD-4E4D-88A4-FFF8B45EA168","ID":"PAININ38","A_GRM":"4.56010","Map":[{"ItemResponseOID":"9EFA54EC-AFC2-45D0-BAC3-335C1BFF3E69","StepOrder":"1","Threshold":"0.5630"},{"ItemResponseOID":"097B0A8D-5BBF-427D-A60A-E5FAE54A382A","StepOrder":"2","Threshold":"0.9911"},{"ItemResponseOID":"E70B4585-5DFD-4ED2-BEB7-9099283C6EFD","StepOrder":"3","Threshold":"1.5776"},{"ItemResponseOID":"BA5B9BE6-D1D3-4812-839C-C2729F4F1A49","StepOrder":"4","Threshold":"2.3206"}]},{"FormItemOID":"2E50D25F-F59C-4A46-8B96-D7E5E01350A7","ID":"PAININ36","A_GRM":"5.69697","Map":[{"ItemResponseOID":"CDB61FBF-7C66-4A33-8CE8-5FEC4F079055","StepOrder":"1","Threshold":"0.3417"},{"ItemResponseOID":"CBC75DDA-F3B4-42DE-9DEF-7B346B1A76F4","StepOrder":"2","Threshold":"0.9590"},{"ItemResponseOID":"6D68A13D-985F-4FDE-AB8E-DB118ED50C63","StepOrder":"3","Threshold":"1.4786"},{"ItemResponseOID":"33EEF31E-B38F-426C-9F66-577C2BE214F1","StepOrder":"4","Threshold":"2.0360"}]},{"FormItemOID":"3D59B0C2-E811-4AE8-B269-FBD78F1A0557","ID":"PAININ26","A_GRM":"4.87755","Map":[{"ItemResponseOID":"E73919D2-E4F8-46A1-83F4-39C5D8192D90","StepOrder":"1","Threshold":"0.5780"},{"ItemResponseOID":"E0DA7A10-AC49-419F-A3EB-2877713FC4C2","StepOrder":"2","Threshold":"1.0850"},{"ItemResponseOID":"35CA6958-E116-4569-9C76-2475D2829242","StepOrder":"3","Threshold":"1.6760"},{"ItemResponseOID":"03942251-7FD8-4EF5-9A29-69E95E5534C1","StepOrder":"4","Threshold":"2.5191"}]},{"FormItemOID":"4022007D-41E8-4B28-8100-5A2D544DC699","ID":"PAININ31","A_GRM":"5.90514","Map":[{"ItemResponseOID":"9CA3B52E-4F60-4D5B-B46A-BD08BE127736","StepOrder":"1","Threshold":"0.4730"},{"ItemResponseOID":"9E961377-69F2-46C5-98BE-7BA97754BF81","StepOrder":"2","Threshold":"1.0094"},{"ItemResponseOID":"494BAEAE-F208-432E-AC49-06BFAC808528","StepOrder":"3","Threshold":"1.5063"},{"ItemResponseOID":"5BAE6820-BB98-40B4-9E5F-784988F7CA40","StepOrder":"4","Threshold":"2.0770"}]},{"FormItemOID":"4669D0A1-7696-42E9-8E3E-63B9D052E5A1","ID":"PAININ52","A_GRM":"4.65444","Map":[{"ItemResponseOID":"A8907047-CAE1-4E0A-8739-607F3FE4436B","StepOrder":"1","Threshold":"0.6511"},{"ItemResponseOID":"7B10CA60-BB4D-493C-8C7E-F6FE00617668","StepOrder":"2","Threshold":"1.0730"},{"ItemResponseOID":"F2BCFDAE-29C6-41C4-A3A4-2EEC708C1DBE","StepOrder":"3","Threshold":"1.5559"},{"ItemResponseOID":"110893DA-E96F-4E6F-8BFA-80C7BB24BDF5","StepOrder":"4","Threshold":"2.0063"}]},{"FormItemOID":"5BE15000-FDEE-477B-8867-EFAB4BA0F548","ID":"PAININ46","A_GRM":"4.59000","Map":[{"ItemResponseOID":"4E2C2BE7-C0BC-4E86-9986-0F3DA45C564A","StepOrder":"1","Threshold":"0.4520"},{"ItemResponseOID":"8B526381-56AF-4052-8B9F-811F46BE3B54","StepOrder":"2","Threshold":"0.9384"},{"ItemResponseOID":"A4D47D5B-DEB5-4B5A-9B6B-E6A66DFFBEEB","StepOrder":"3","Threshold":"1.5214"},{"ItemResponseOID":"6B06A4C8-DE17-47D9-82DD-D478483C5B19","StepOrder":"4","Threshold":"2.1187"}]},{"FormItemOID":"72A4834A-C2C3-4BDA-B36B-6434A31D24D1","ID":"PAININ20","A_GRM":"4.28098","Map":[{"ItemResponseOID":"6CB5F29A-87A0-4071-BF8E-84B36F659A8C","StepOrder":"1","Threshold":"0.1079"},{"ItemResponseOID":"A2CA91F4-FA8B-46E5-B222-30E7751A0B9D","StepOrder":"2","Threshold":"0.7623"},{"ItemResponseOID":"9D0BAC69-729B-428D-90C7-CDC92E88B5AB","StepOrder":"3","Threshold":"1.1885"},{"ItemResponseOID":"C49CD6A1-25EA-468D-89B8-9912A7F261CC","StepOrder":"4","Threshold":"1.7206"}]},{"FormItemOID":"72B60379-AA1A-4A72-8071-2798B6B8483E","ID":"PAININ12","A_GRM":"5.29892","Map":[{"ItemResponseOID":"A31D0730-1345-4201-BFA7-3F556D6E9F6F","StepOrder":"1","Threshold":"0.1808"},{"ItemResponseOID":"82B7679E-F9BC-4A62-B83C-C2B5550EB62A","StepOrder":"2","Threshold":"0.8281"},{"ItemResponseOID":"66C89C86-BA99-42C8-91AD-39F4268BABE4","StepOrder":"3","Threshold":"1.2865"},{"ItemResponseOID":"08999894-D703-4E55-B5FA-8C915E9745AD","StepOrder":"4","Threshold":"1.8824"}]},{"FormItemOID":"752C6F01-314C-4BA7-9D9C-73EB7171093D","ID":"PAININ1","A_GRM":"3.33832","Map":[{"ItemResponseOID":"08617725-DD6F-4899-8639-9876D85867B6","StepOrder":"1","Threshold":"0.8411"},{"ItemResponseOID":"043FA5C8-48F9-4744-A69C-E2F2007C01D4","StepOrder":"2","Threshold":"1.3992"},{"ItemResponseOID":"EC32DC5D-1A99-4271-B4C6-1AD674B8F15B","StepOrder":"3","Threshold":"2.0218"},{"ItemResponseOID":"08187510-5D61-406C-AF8F-39C08895F19D","StepOrder":"4","Threshold":"2.6982"}]},{"FormItemOID":"782CB5E6-1C10-4AAD-9E25-4785E81595D7","ID":"PAININ17","A_GRM":"4.69522","Map":[{"ItemResponseOID":"7ECD2319-7A8B-482F-A970-6B33C1D38A23","StepOrder":"1","Threshold":"0.5776"},{"ItemResponseOID":"C83071C0-F3EC-485E-A290-CD51F9E9F75C","StepOrder":"2","Threshold":"1.1900"},{"ItemResponseOID":"2636827A-9223-4D95-8243-1580882DDC26","StepOrder":"3","Threshold":"1.7060"},{"ItemResponseOID":"18DEDE37-4DAC-42A8-980D-1E835E98AF96","StepOrder":"4","Threshold":"2.3169"}]},{"FormItemOID":"86FB5ECF-053B-4AAE-A635-F44AD0CDA20B","ID":"PAININ34","A_GRM":"4.92619","Map":[{"ItemResponseOID":"8DFF20DE-649D-4FA7-A5A2-241702535DC7","StepOrder":"1","Threshold":"0.1771"},{"ItemResponseOID":"229CD043-3B34-4860-9B05-8AD820B246BF","StepOrder":"2","Threshold":"0.8447"},{"ItemResponseOID":"FA758960-FE54-4E73-9207-19F04E9431FE","StepOrder":"3","Threshold":"1.3630"},{"ItemResponseOID":"9DBF3F0E-C813-4FD2-8538-F3B9CBA397A4","StepOrder":"4","Threshold":"1.9795"}]},{"FormItemOID":"9048A08F-A55C-4ABD-B5AC-5160DC094656","ID":"PAININ48","A_GRM":"4.79892","Map":[{"ItemResponseOID":"7799A483-3F40-48C2-84A9-E2D953D2AB63","StepOrder":"1","Threshold":"0.2082"},{"ItemResponseOID":"1A4AF6E6-999F-428E-BEC2-D9DDCB654B65","StepOrder":"2","Threshold":"0.8049"},{"ItemResponseOID":"80298A41-6085-4679-9741-42A19C18EF50","StepOrder":"3","Threshold":"1.3437"},{"ItemResponseOID":"3F7555A1-A55F-49E6-8120-71DD28594A8D","StepOrder":"4","Threshold":"1.9535"}]},{"FormItemOID":"9374192B-2A92-48CA-A416-6E1DA1B151A5","ID":"PAININ22","A_GRM":"5.39710","Map":[{"ItemResponseOID":"C2915A7C-A5A3-40C0-ADF5-986D07EFE827","StepOrder":"1","Threshold":"0.1709"},{"ItemResponseOID":"00ADE1C5-C940-44DF-8D30-F618D6073703","StepOrder":"2","Threshold":"0.8366"},{"ItemResponseOID":"334FA961-771B-40F6-8F6B-177EDA3C763D","StepOrder":"3","Threshold":"1.3266"},{"ItemResponseOID":"23EBA57D-7F2A-4319-A526-B454650BD655","StepOrder":"4","Threshold":"1.9589"}]},{"FormItemOID":"9376A65C-0298-4E0E-A127-7D3E992A235B","ID":"PAININ54","A_GRM":"2.20125","Map":[{"ItemResponseOID":"F2B24B7B-481E-4A32-B8C4-D5EB1AD60A97","StepOrder":"1","Threshold":"1.1017"},{"ItemResponseOID":"01AB5996-D530-4B97-8794-F25893186978","StepOrder":"2","Threshold":"1.5676"},{"ItemResponseOID":"5DD48726-EA09-4341-94CB-BA6DFEA3BD70","StepOrder":"3","Threshold":"1.9664"},{"ItemResponseOID":"3F8563B5-F84A-479D-8109-441DC7E50DCE","StepOrder":"4","Threshold":"2.2930"}]},{"FormItemOID":"95CEB88A-DFBE-4D84-9E3F-3E5ABA8105D0","ID":"PAININ50","A_GRM":"2.82948","Map":[{"ItemResponseOID":"F9944BA3-BD5D-4594-A22A-7C28342106F8","StepOrder":"1","Threshold":"0.7303"},{"ItemResponseOID":"B8B7E0C9-3A5F-4129-97A0-CC61FC547B2A","StepOrder":"2","Threshold":"1.2605"},{"ItemResponseOID":"56D7AE00-BEE5-4888-A6A1-5262025FBFF4","StepOrder":"3","Threshold":"1.8401"},{"ItemResponseOID":"6CFF642F-3906-4F61-BCBA-1496C769A992","StepOrder":"4","Threshold":"2.5902"}]},{"FormItemOID":"95E2C6C8-A1F3-4922-91BE-E6CD508D18B2","ID":"PAININ40","A_GRM":"2.98284","Map":[{"ItemResponseOID":"3D6D0C44-FA3B-42CE-887D-23061AAA98FD","StepOrder":"1","Threshold":"0.3690"},{"ItemResponseOID":"B2871186-9065-4C3D-A807-25C09C397EE3","StepOrder":"2","Threshold":"0.7379"},{"ItemResponseOID":"20054703-D1BD-498E-903E-287377D3FED4","StepOrder":"3","Threshold":"1.1128"},{"ItemResponseOID":"D0596E6C-D622-4EA5-808F-9FB342909FD9","StepOrder":"4","Threshold":"1.5541"}]},{"FormItemOID":"9808DA6D-A085-4438-94C0-3C8273A1CDBD","ID":"PAININ24","A_GRM":"3.60354","Map":[{"ItemResponseOID":"2B4E5853-F59E-4A58-8123-D600B1DB26F9","StepOrder":"1","Threshold":"-0.0104"},{"ItemResponseOID":"B4546FC4-40A6-46EA-8870-458527DC3F90","StepOrder":"2","Threshold":"0.6152"},{"ItemResponseOID":"A32ACBB9-390D-43E4-B62F-76DF8009ED2F","StepOrder":"3","Threshold":"1.3206"},{"ItemResponseOID":"4E73AEEC-9AE6-489C-A32C-DBAA40EEF12A","StepOrder":"4","Threshold":"2.0766"}]},{"FormItemOID":"A4B0E671-A759-4881-B4A4-8F910410919E","ID":"PAININ11","A_GRM":"3.73643","Map":[{"ItemResponseOID":"805766D9-4D91-42A5-A672-A658E413A0C9","StepOrder":"1","Threshold":"0.3303"},{"ItemResponseOID":"5F34B9AE-B42C-42DF-828A-377178D03E0B","StepOrder":"2","Threshold":"1.0160"},{"ItemResponseOID":"4B627067-AEBF-47FA-BFDC-54AAB461A468","StepOrder":"3","Threshold":"1.4928"},{"ItemResponseOID":"8BC1F371-F6B1-4779-9039-335AD966605D","StepOrder":"4","Threshold":"2.1544"}]},{"FormItemOID":"B857A98C-0856-4521-9C6A-E2D03555D9C9","ID":"PAININ42","A_GRM":"2.74006","Map":[{"ItemResponseOID":"594F59BE-0D5F-4BE9-8E6F-AA974AF6EEF3","StepOrder":"1","Threshold":"0.4020"},{"ItemResponseOID":"C0D76A9A-15F3-4943-A3E8-946213706AC0","StepOrder":"2","Threshold":"0.8057"},{"ItemResponseOID":"922535F0-4B8D-4087-A454-13388CC9467E","StepOrder":"3","Threshold":"1.2324"},{"ItemResponseOID":"378957E4-592F-4482-AA4A-632EC9D30B1C","StepOrder":"4","Threshold":"1.7405"}]},{"FormItemOID":"BDF2E9A5-C46E-47CD-89D6-B08371F12B4F","ID":"PAININ49","A_GRM":"3.07411","Map":[{"ItemResponseOID":"3F6552CB-302B-43E3-8F4F-70522E505C83","StepOrder":"1","Threshold":"0.8847"},{"ItemResponseOID":"39C5B0B7-2646-4977-BEAF-F9691219AB14","StepOrder":"2","Threshold":"1.4167"},{"ItemResponseOID":"F45385A1-36A5-4DCF-BAB7-0488A1A2B928","StepOrder":"3","Threshold":"1.9753"},{"ItemResponseOID":"A8F26FD9-CEE0-4FB5-BD21-BBBF1EA4C814","StepOrder":"4","Threshold":"2.6075"}]},{"FormItemOID":"C27E7220-713F-432F-AE40-58D06A4CB551","ID":"PAININ56","A_GRM":"3.08298","Map":[{"ItemResponseOID":"4D19B180-8119-4AFB-AAA1-EC4F49D1D2C6","StepOrder":"1","Threshold":"0.0573"},{"ItemResponseOID":"CE58F881-40C2-43E7-B7CF-87CF37C7229D","StepOrder":"2","Threshold":"0.9293"},{"ItemResponseOID":"58510583-DC5B-471F-93CE-5EF4DD96798F","StepOrder":"3","Threshold":"1.5880"},{"ItemResponseOID":"65B83EF1-C456-41AC-BB2A-5BFDEAB9F74C","StepOrder":"4","Threshold":"2.2141"}]},{"FormItemOID":"C595E017-42B2-4093-9C3E-B338B22E4FE4","ID":"PAININ9","A_GRM":"6.53406","Map":[{"ItemResponseOID":"DC8FFD51-702B-4E77-BEE6-E9A9EB9C088F","StepOrder":"1","Threshold":"0.1579"},{"ItemResponseOID":"72A3573B-E0C3-4358-AF57-858F11A0ED49","StepOrder":"2","Threshold":"0.8959"},{"ItemResponseOID":"C31A3FCB-A380-444F-8579-62AA5DA11BA2","StepOrder":"3","Threshold":"1.4377"},{"ItemResponseOID":"FCD65655-AA94-44B6-B944-2994D984A4E3","StepOrder":"4","Threshold":"2.0103"}]},{"FormItemOID":"D3F4ABD4-B739-4D9F-8F90-3839FB6CF1AE","ID":"PAININ51","A_GRM":"2.52538","Map":[{"ItemResponseOID":"F0B89773-B1B8-4699-B270-979A1ACA678F","StepOrder":"1","Threshold":"1.0408"},{"ItemResponseOID":"0E36DD55-1D69-45B2-BF92-442141CDE40F","StepOrder":"2","Threshold":"1.6646"},{"ItemResponseOID":"2BFC91AD-C1C5-4A17-82DF-07E704EFB45B","StepOrder":"3","Threshold":"2.3444"},{"ItemResponseOID":"F13FE6E5-B52B-4698-BC19-A76140E1FBF7","StepOrder":"4","Threshold":"3.1130"}]},{"FormItemOID":"D637EBD7-0052-4F16-82AD-E3AA0448FDEA","ID":"PAININ3","A_GRM":"4.98134","Map":[{"ItemResponseOID":"38B6B8DC-28DA-40E9-BFF4-761EB2AD3B24","StepOrder":"1","Threshold":"0.1293"},{"ItemResponseOID":"952362BA-03FF-44A0-AE2D-30040101C348","StepOrder":"2","Threshold":"0.8809"},{"ItemResponseOID":"A93EA7E6-2BD0-4AF0-B154-C0A85E0280EA","StepOrder":"3","Threshold":"1.3825"},{"ItemResponseOID":"74D9C538-2F7D-452A-B7DE-BBD60B298A52","StepOrder":"4","Threshold":"1.9123"}]},{"FormItemOID":"D66D514F-DFEF-48A1-993D-7DC1CA743801","ID":"PAININ47","A_GRM":"2.74829","Map":[{"ItemResponseOID":"7D01B216-345E-44E1-91A8-06419BF0D988","StepOrder":"1","Threshold":"0.3449"},{"ItemResponseOID":"54967930-D018-4920-A34E-08A93CEE3976","StepOrder":"2","Threshold":"0.8230"},{"ItemResponseOID":"F746AB50-3FAC-43B1-9FA8-5C1AAFB4BBD1","StepOrder":"3","Threshold":"1.3601"},{"ItemResponseOID":"5D104A89-FB3F-4A32-9318-53B10AD4F7C2","StepOrder":"4","Threshold":"1.9293"}]},{"FormItemOID":"D7E6FF22-61C9-4E2D-AE84-1824EC7732FF","ID":"PAININ14","A_GRM":"4.83004","Map":[{"ItemResponseOID":"DE77B45B-1ABC-46F5-BAC3-B8E2E4E879E3","StepOrder":"1","Threshold":"0.4265"},{"ItemResponseOID":"89FA574B-D194-42B7-B6DB-AF5D8D414D80","StepOrder":"2","Threshold":"0.9994"},{"ItemResponseOID":"C08D999D-3EFE-44DF-B94E-CC664E3CF7DF","StepOrder":"3","Threshold":"1.4568"},{"ItemResponseOID":"06BE41CB-1B3F-4FC3-B2C8-E88319048AF2","StepOrder":"4","Threshold":"2.0440"}]},{"FormItemOID":"E262C899-958B-4BF5-9012-0095B7F18F4F","ID":"PAININ37","A_GRM":"2.85286","Map":[{"ItemResponseOID":"3F3A4DB8-71A4-40B2-8610-489C67B24BB8","StepOrder":"1","Threshold":"0.3791"},{"ItemResponseOID":"E918CA92-E1E0-455E-BB63-B6A967E6B384","StepOrder":"2","Threshold":"1.0382"},{"ItemResponseOID":"76059DD1-86A0-430C-A515-3F258358D69F","StepOrder":"3","Threshold":"1.7622"},{"ItemResponseOID":"57138388-D5D3-4EC6-B70C-257080942C0F","StepOrder":"4","Threshold":"2.5517"}]},{"FormItemOID":"E8CF67E7-0F7B-4F99-B743-3B73D16B4573","ID":"PAININ13","A_GRM":"5.03924","Map":[{"ItemResponseOID":"F6225910-E668-47CA-9232-ACA24D826BF6","StepOrder":"1","Threshold":"0.4688"},{"ItemResponseOID":"BC77BF8B-8A43-4F87-B3ED-232C899908A6","StepOrder":"2","Threshold":"1.0753"},{"ItemResponseOID":"A3FE1527-D3CF-4BD6-B358-9387568F2A6D","StepOrder":"3","Threshold":"1.6277"},{"ItemResponseOID":"C8431E0D-B91F-495E-BAC0-8198FDA5A796","StepOrder":"4","Threshold":"2.1736"}]},{"FormItemOID":"EF109867-E5CA-49AA-A4C8-DD01FF2B5683","ID":"PAININ16","A_GRM":"3.18212","Map":[{"ItemResponseOID":"0AFFBB8F-FF93-4E48-ADE4-42532F0B2EFA","StepOrder":"1","Threshold":"0.4199"},{"ItemResponseOID":"402B3D00-EE3F-4CE8-974D-23A6A2F6F511","StepOrder":"2","Threshold":"1.0140"},{"ItemResponseOID":"858A19FB-6DA6-4D89-A28D-B3DCCB776DC0","StepOrder":"3","Threshold":"1.7072"},{"ItemResponseOID":"1274E5EB-D0AE-4787-AB18-0AE2936D826C","StepOrder":"4","Threshold":"2.2754"}]},{"FormItemOID":"F5FA67D1-8601-4883-AB23-249BC3AA75B4","ID":"PAININ35","A_GRM":"4.14223","Map":[{"ItemResponseOID":"11596052-587A-42ED-A962-2278558D97E6","StepOrder":"1","Threshold":"0.7493"},{"ItemResponseOID":"6A6052ED-2B16-4A2E-8FC7-561B80960047","StepOrder":"2","Threshold":"1.1849"},{"ItemResponseOID":"B411E1E7-4B44-46B3-9A85-C64E06F582A0","StepOrder":"3","Threshold":"1.6303"},{"ItemResponseOID":"6245F5A8-D852-41F2-A7A4-A0B022C5378B","StepOrder":"4","Threshold":"2.1296"}]},{"FormItemOID":"F6982D86-3007-41A1-9117-A8D4ACF2A1F4","ID":"PAININ19","A_GRM":"2.83373","Map":[{"ItemResponseOID":"20FD1B0D-DC26-4486-B622-12C3B224027F","StepOrder":"1","Threshold":"0.2328"},{"ItemResponseOID":"5BF8CBF0-820E-4554-A5B3-07FDF594172C","StepOrder":"2","Threshold":"0.9540"},{"ItemResponseOID":"76A3D979-51DC-4F3F-BA3E-CDC0212D2EC0","StepOrder":"3","Threshold":"1.4495"},{"ItemResponseOID":"D8FAE357-DECA-4EC2-A56A-4426A0FE1FC0","StepOrder":"4","Threshold":"2.0753"}]},{"FormItemOID":"FC15EEDE-3266-49F0-B7C0-1368BBD7E979","ID":"PAININ32","A_GRM":"3.49408","Map":[{"ItemResponseOID":"2391C0E9-9B36-42C6-9151-D096E7C68649","StepOrder":"1","Threshold":"0.1801"},{"ItemResponseOID":"755F521D-0AE7-462E-A4B5-CCF4A6DE3109","StepOrder":"2","Threshold":"0.7601"},{"ItemResponseOID":"AD3BCA43-8E45-4E4B-8EEE-809BE6131180","StepOrder":"3","Threshold":"1.4697"},{"ItemResponseOID":"7B9D9E0F-7796-4CE0-81CB-D7CD788460B1","StepOrder":"4","Threshold":"2.2029"}]},{"FormItemOID":"FC5B20AA-2832-46AC-96E5-56D60C26B1F4","ID":"PAININ5","A_GRM":"5.05151","Map":[{"ItemResponseOID":"00E332D7-9D38-4E13-A150-D1AB0E250487","StepOrder":"1","Threshold":"0.2379"},{"ItemResponseOID":"F468C143-7721-4B99-81B2-9E110142E234","StepOrder":"2","Threshold":"0.9060"},{"ItemResponseOID":"4BAA7BF3-F19F-48DB-91A4-4914A026B967","StepOrder":"3","Threshold":"1.4450"},{"ItemResponseOID":"8623C1F3-2C64-4DDE-8431-721F8885BE2E","StepOrder":"4","Threshold":"2.0389"}]},{"FormItemOID":"FD41EABF-5E14-4AAC-B42B-389FD8184E78","ID":"PAININ8","A_GRM":"3.74877","Map":[{"ItemResponseOID":"EEA16031-1A8D-45D7-9CAA-0F29F7ACEA33","StepOrder":"1","Threshold":"0.3996"},{"ItemResponseOID":"95B3F057-567A-49C1-8620-46D7A6276531","StepOrder":"2","Threshold":"1.1057"},{"ItemResponseOID":"2B8B944D-4CE9-4694-8729-A3C5E42618DF","StepOrder":"3","Threshold":"1.6892"},{"ItemResponseOID":"62F2B767-4E89-4EA2-B465-F91D11FCB0F4","StepOrder":"4","Threshold":"2.3425"}]}]}
