{"FormOID":"15DF3725-5529-45D5-8955-2CF9E830969C","Form":"Emotional Distress-Anger Short Form ","Properties":[{"MinNumItems":"5"},{"MaxNumItems":"5"},{"IRTModel":"0"},{"SelectionMethod":"1"},{"MinTheta":"-4.00"},{"MaxTheta":"4.00"},{"ThetaIncrement":"0.1000"},{"MaxStdErr":"0.30"},{"SelectionGroupSize":"1"},{"LogisticScaling":"1.0000"},{"DistMean":"0.00"},{"DistStdDev":"1.00"},{"FirstItem":""},{"CalibrationSample":"Promis Wave 1"},{"SetSelectionMethod":"Instance"}],"Items":[{"FormItemOID":"16ADC9C6-7E65-4EFC-B6D4-7BA092048F5F","ID":"EDANG30","A_GRM":"2.98863","Map":[{"ItemResponseOID":"D8A26862-C4AF-4572-977B-0079F319A933","StepOrder":"1","Threshold":"-0.8157"},{"ItemResponseOID":"F0D6EBC5-8CD9-4FB0-9FCA-6621CF2D191A","StepOrder":"2","Threshold":"0.2649"},{"ItemResponseOID":"0221C73A-2D41-454A-9FB0-B8EA20A64BC7","StepOrder":"3","Threshold":"1.5402"},{"ItemResponseOID":"74EECB0C-8BDC-4A28-AC45-D3319F8DBA44","StepOrder":"4","Threshold":"2.8419"}]},{"FormItemOID":"55D5F078-F0CC-4B65-A101-E1D8409C32FC","ID":"EDANG03","A_GRM":"2.34877","Map":[{"ItemResponseOID":"F1D9836E-2F47-47D0-A89E-18B31680C41F","StepOrder":"1","Threshold":"-0.7617"},{"ItemResponseOID":"930512AB-D78F-49C8-87C4-0B2E06642A34","StepOrder":"2","Threshold":"0.0609"},{"ItemResponseOID":"607AFF3D-9DEF-40B6-87D9-A0A90270EB9A","StepOrder":"3","Threshold":"1.1574"},{"ItemResponseOID":"5ADF7D72-92D0-484D-9D23-BCCA57630211","StepOrder":"4","Threshold":"2.2002"}]},{"FormItemOID":"E24C711E-1B11-4C7A-8CD5-FE8E5E23DF44","ID":"EDANG15","A_GRM":"2.82094","Map":[{"ItemResponseOID":"ADA8ECDA-628A-4EB9-8EE5-25D24020DE6D","StepOrder":"1","Threshold":"0.2872"},{"ItemResponseOID":"6F678798-1741-4C87-AC8F-B5D3829A76BA","StepOrder":"2","Threshold":"1.0593"},{"ItemResponseOID":"13D99522-3E94-4DA6-AFA9-A16C509E235F","StepOrder":"3","Threshold":"1.9753"},{"ItemResponseOID":"9ED2F34A-62AE-4D6B-8D6C-49840BBCB55E","StepOrder":"4","Threshold":"3.0347"}]},{"FormItemOID":"F058782B-6200-481B-847E-CC18A7DCEF7A","ID":"EDANG35","A_GRM":"2.49943","Map":[{"ItemResponseOID":"FEEE0082-F943-45A5-B1EE-5B4BD70FDAB9","StepOrder":"1","Threshold":"-1.1088"},{"ItemResponseOID":"2C41345C-3BEF-47BA-AFD3-17746F0FBF03","StepOrder":"2","Threshold":"-0.0099"},{"ItemResponseOID":"DE7461B7-8399-444C-8974-0C4BA6A17E3A","StepOrder":"3","Threshold":"1.2882"},{"ItemResponseOID":"35DF8E4E-49C9-406A-9B40-5D8B69F9EB05","StepOrder":"4","Threshold":"2.8597"}]},{"FormItemOID":"F26E36AD-B8F7-4608-B2F5-21ECE8A51AC5","ID":"EDANG09","A_GRM":"2.82932","Map":[{"ItemResponseOID":"CBFB0808-BB0A-47C7-BBA1-CDE8130A86FD","StepOrder":"1","Threshold":"-0.8260"},{"ItemResponseOID":"F0FB6ACE-3E8B-4CBD-9D72-5A09B5F70CC2","StepOrder":"2","Threshold":"0.3331"},{"ItemResponseOID":"6612E8F7-87C9-4EAE-8B63-C221DFD6EBF9","StepOrder":"3","Threshold":"1.6847"},{"ItemResponseOID":"5DF49DC3-DFB4-47DE-A8EB-F94F29788317","StepOrder":"4","Threshold":"2.9031"}]}]}
