{"FormOID":"1ADEA675-D551-405F-9037-80C06BF52612","Form":"Short form created in PROMIS Cancer supplement.  This instrument is appropriate for women only.","Properties":[{"MinNumItems":"8"},{"MaxNumItems":"8"},{"IRTModel":"0"},{"SelectionMethod":"1"},{"MinTheta":"-4.00"},{"MaxTheta":"4.00"},{"ThetaIncrement":"0.1000"},{"MaxStdErr":"0.30"},{"SelectionGroupSize":"1"},{"LogisticScaling":"1.0000"},{"DistMean":"0.00"},{"DistStdDev":"1.00"},{"FirstItem":""},{"CalibrationSample":"Cancer Supplement Calibration"},{"SetSelectionMethod":"Instance"}],"Items":[{"FormItemOID":"1803FA41-4613-453F-A6C5-DBEBF359034B","ID":"SFLUB104","A_GRM":"3.06000","Map":[{"ItemResponseOID":"FB2A3D86-486A-4213-A83B-021A0F834894","StepOrder":"1","Threshold":"-1.3200"},{"ItemResponseOID":"5DD7EE4B-3C83-49FF-9DD2-B4AAB9628826","StepOrder":"2","Threshold":"-0.6000"},{"ItemResponseOID":"ECE15284-B4E4-476E-8B1A-D874710D6292","StepOrder":"3","Threshold":"-0.1300"},{"ItemResponseOID":"DA0A966E-33F8-4363-98AB-1E06F31E5284","StepOrder":"4","Threshold":"0.4400"}]},{"FormItemOID":"33BFF4AB-3010-4DCA-9747-D4811B3EFC06","ID":"SFLUB004","A_GRM":"3.70000","Map":[{"ItemResponseOID":"988E45EB-8541-495C-B242-D885DD5C1599","StepOrder":"1","Threshold":"-0.9200"},{"ItemResponseOID":"7CD4F7C7-DF0D-4172-A301-817B4078AF5B","StepOrder":"2","Threshold":"-0.6900"},{"ItemResponseOID":"801D4DC6-8C4C-43AD-996C-611573D90826","StepOrder":"3","Threshold":"-0.3400"},{"ItemResponseOID":"C1DEEF3F-ED35-4226-9623-6B4F6182DDBD","StepOrder":"4","Threshold":"0.5100"}]},{"FormItemOID":"684696C0-544F-4A2B-9C30-D902456497CA","ID":"SFLUB102","A_GRM":"2.77000","Map":[{"ItemResponseOID":"FD49DE1B-43D1-4529-B9AD-B60D85DA7D1D","StepOrder":"1","Threshold":"-0.9000"},{"ItemResponseOID":"0AB412C6-70E8-4CBE-AB16-206F1F89A695","StepOrder":"2","Threshold":"0.0900"},{"ItemResponseOID":"39F90EFE-2305-4E77-AEAF-000254849CBF","StepOrder":"3","Threshold":"0.7700"},{"ItemResponseOID":"A53C4991-F189-4290-B533-D1E70C045698","StepOrder":"4","Threshold":"1.6100"}]},{"FormItemOID":"827F66BF-F300-4C3E-AB73-61385EACF96E","ID":"SFLUB002","A_GRM":"5.73000","Map":[{"ItemResponseOID":"B729CAF1-3FE6-4AEE-819F-B6A652D5BE4B","StepOrder":"1","Threshold":"-0.7400"},{"ItemResponseOID":"13E45E21-6024-4F61-B098-FF72B1139710","StepOrder":"2","Threshold":"-0.5000"},{"ItemResponseOID":"18FF67F4-8251-479C-9E84-C3882F85288F","StepOrder":"3","Threshold":"-0.0400"},{"ItemResponseOID":"7064075C-69DB-4DFA-92DE-C0BC90D97B3B","StepOrder":"4","Threshold":"0.7900"}]},{"FormItemOID":"ACCC097F-020E-4586-BAD4-E458917B9752","ID":"SFLUB003","A_GRM":"3.50000","Map":[{"ItemResponseOID":"EC643BD8-20D0-4C48-ABA3-F1A7278CA377","StepOrder":"1","Threshold":"-0.7100"},{"ItemResponseOID":"73219A6D-6F41-4B38-B678-8D0FBA2AAAA1","StepOrder":"2","Threshold":"-0.2200"},{"ItemResponseOID":"DAE2E259-905B-44B3-B4F1-277BBEBEC4A1","StepOrder":"3","Threshold":"0.0900"},{"ItemResponseOID":"38E0A2A4-3B08-4DA4-9A2A-CD2DE13CA211","StepOrder":"4","Threshold":"0.6600"}]},{"FormItemOID":"DF0A421C-316B-4F15-8BA1-4CBFD564EABC","ID":"SFLUB001","A_GRM":"4.92000","Map":[{"ItemResponseOID":"9305A603-9AC4-4138-A06E-3D532B5D46CD","StepOrder":"1","Threshold":"-0.5600"},{"ItemResponseOID":"ECEEFC62-3905-4406-A83B-AC12BAF22238","StepOrder":"2","Threshold":"-0.1600"},{"ItemResponseOID":"B293E348-1000-4123-9F1F-2AB0F65ADD2D","StepOrder":"3","Threshold":"0.2200"},{"ItemResponseOID":"05026F4E-D1C4-4FDF-A58E-28B39C752FD0","StepOrder":"4","Threshold":"0.7000"}]},{"FormItemOID":"E8D923DE-0BDE-4E69-90D7-D351B3CFB368","ID":"SFLUB101","A_GRM":"3.85000","Map":[{"ItemResponseOID":"ED9A3ABB-131E-46FE-A015-6A9A70790431","StepOrder":"1","Threshold":"-0.6700"},{"ItemResponseOID":"359AA0AE-6B89-4373-854F-33AA913C09CF","StepOrder":"2","Threshold":"-0.1500"},{"ItemResponseOID":"E9A820D2-09C5-4C39-AAB0-ACDD7C76B84B","StepOrder":"3","Threshold":"0.3600"},{"ItemResponseOID":"56CFA790-485A-4209-BD78-FD7DE2797326","StepOrder":"4","Threshold":"1.0300"}]},{"FormItemOID":"FEAE696F-27CC-4EE3-A1DD-074D5821A528","ID":"SFLUB103","A_GRM":"3.13000","Map":[{"ItemResponseOID":"13257D39-40CC-4105-ABE2-511438D4A8F9","StepOrder":"1","Threshold":"-1.1000"},{"ItemResponseOID":"05CEAACC-C725-4DE9-BA73-A3F56D58CB10","StepOrder":"2","Threshold":"-0.3800"},{"ItemResponseOID":"40DE6FCB-1CB9-46B2-9685-AF43F705DDBB","StepOrder":"3","Threshold":"0.3500"},{"ItemResponseOID":"6DA00447-A334-47D8-8882-336D7D2862DE","StepOrder":"4","Threshold":"0.9200"}]}]}
