{"FormOID":"208CC8BD-4376-47F2-8EAE-60BFFB7692F0","Form":"Short Form created in PROMIS Cancer Supplement","Properties":[{"MinNumItems":"4"},{"MaxNumItems":"4"},{"IRTModel":"0"},{"SelectionMethod":"1"},{"MinTheta":"-4.00"},{"MaxTheta":"4.00"},{"ThetaIncrement":"0.1000"},{"MaxStdErr":"0.30"},{"SelectionGroupSize":"1"},{"LogisticScaling":"1.0000"},{"DistMean":"0.00"},{"DistStdDev":"1.00"},{"FirstItem":""},{"CalibrationSample":"Cancer Supplement Calibration"},{"SetSelectionMethod":"Instance"}],"Items":[{"FormItemOID":"2EF6BF8A-D3B7-4DB9-BDBF-FEDC3A8A6F38","ID":"SFINT102","A_GRM":"5.91000","Map":[{"ItemResponseOID":"5B980410-814E-4594-9FA0-F680E69AC401","StepOrder":"1","Threshold":"-1.2000"},{"ItemResponseOID":"9F563EAD-63EE-4460-A080-531D717DC07B","StepOrder":"2","Threshold":"-0.4400"},{"ItemResponseOID":"842FEF8F-4F06-4F69-9666-84FA8B596B90","StepOrder":"3","Threshold":"0.5900"},{"ItemResponseOID":"37C5D83E-0E40-4B82-A798-F909DD4A6DF9","StepOrder":"4","Threshold":"1.6600"}]},{"FormItemOID":"33E1CD92-B024-4375-937B-A89F9DA6ED58","ID":"SFINT104","A_GRM":"2.88000","Map":[{"ItemResponseOID":"399E614A-4F2E-40C9-B3BE-6985A6503E9F","StepOrder":"1","Threshold":"-0.6400"},{"ItemResponseOID":"02C59E35-6C4C-4411-BDA5-7F8DE0BE1B6B","StepOrder":"2","Threshold":"0.0700"},{"ItemResponseOID":"12FA8E94-45F3-4E66-8739-2B3CBDE88BEB","StepOrder":"3","Threshold":"1.1600"},{"ItemResponseOID":"645C5A86-A315-4480-87C9-F249C5CCD2FD","StepOrder":"4","Threshold":"2.3800"}]},{"FormItemOID":"79745562-E53F-4730-98A4-AA3D2327751B","ID":"SFINT101","A_GRM":"5.20000","Map":[{"ItemResponseOID":"97219640-DB44-4B0D-8B04-2B7FE3FFFC2D","StepOrder":"1","Threshold":"-0.9200"},{"ItemResponseOID":"C3DA9A25-D191-4DF9-82F1-CC21B5766943","StepOrder":"2","Threshold":"-0.1700"},{"ItemResponseOID":"DEC2D8BF-02DB-4A7E-8CE5-D54B93B82901","StepOrder":"3","Threshold":"0.4800"},{"ItemResponseOID":"AA893061-59E4-48BA-9650-48730F696BC6","StepOrder":"4","Threshold":"1.2600"}]},{"FormItemOID":"CD1D265D-6399-4660-87A0-4C273A3E534C","ID":"SFINT103","A_GRM":"2.21000","Map":[{"ItemResponseOID":"9E5DE2CD-2376-45A9-A0C5-B6B39A89BFA1","StepOrder":"1","Threshold":"-1.2000"},{"ItemResponseOID":"31B87088-ACDA-4D00-8680-19796F2A5850","StepOrder":"2","Threshold":"-0.0600"},{"ItemResponseOID":"84E22C20-DEAD-4B27-9EEF-D4CFD35E577F","StepOrder":"3","Threshold":"1.1400"},{"ItemResponseOID":"547E36CF-2782-49C3-9137-1F09C3F1A0FD","StepOrder":"4","Threshold":"2.7500"}]}]}
