{"FormOID":"29654543-C99B-4CE9-884B-3D401B4AD857","Form":"PROMIS Emotional Support bank Version 2","Properties":[{"MinNumItems":"4"},{"MaxNumItems":"12"},{"IRTModel":"0"},{"SelectionMethod":"1"},{"MinTheta":"-4.00"},{"MaxTheta":"4.00"},{"ThetaIncrement":"0.1000"},{"MaxStdErr":"0.30"},{"SelectionGroupSize":"1"},{"LogisticScaling":"1.0000"},{"DistMean":"0.00"},{"DistStdDev":"1.00"},{"FirstItem":""},{"CalibrationSample":"Social Supplement"},{"SetSelectionMethod":"FormDefault"}],"Items":[{"FormItemOID":"03484E81-8CF7-4ED5-813C-FB39EDF8C827","ID":"SSQ3x2","A_GRM":"4.42773","Map":[{"ItemResponseOID":"C0AB8C4A-A155-4692-8CC3-0D83D346637E","StepOrder":"1","Threshold":"-1.8454"},{"ItemResponseOID":"631788B4-E723-4FE7-AEF6-54B8AE48F473","StepOrder":"2","Threshold":"-1.1174"},{"ItemResponseOID":"A3C9607B-6648-44EB-B6AF-008850900FFC","StepOrder":"3","Threshold":"-0.4471"},{"ItemResponseOID":"00441B7C-C02F-47EA-995D-BB05A5BC2A2E","StepOrder":"4","Threshold":"0.3194"}]},{"FormItemOID":"0C392572-7E5C-46C3-A219-E1775B1EFE86","ID":"GS2x","A_GRM":"2.67883","Map":[{"ItemResponseOID":"2FB9ABE6-238A-4978-A6A2-BE0169CF3235","StepOrder":"1","Threshold":"-1.9372"},{"ItemResponseOID":"0927E24A-FFCA-4243-9364-32DA51EEA6F4","StepOrder":"2","Threshold":"-1.3088"},{"ItemResponseOID":"55D9A8B1-B11A-46C2-996B-89C64F473DC0","StepOrder":"3","Threshold":"-0.5800"},{"ItemResponseOID":"E339D26C-393F-4ED9-8826-A17C85DB4EA3","StepOrder":"4","Threshold":"0.2755"}]},{"FormItemOID":"1AF66857-6BD7-4EA4-9A73-336A5B95BB62","ID":"FSE31066x2","A_GRM":"4.38305","Map":[{"ItemResponseOID":"BDFBC5A2-8E39-463F-90C5-6429B7301905","StepOrder":"1","Threshold":"-1.5159"},{"ItemResponseOID":"92CBEE21-6874-4692-9301-F85CDC0DA6F2","StepOrder":"2","Threshold":"-0.9434"},{"ItemResponseOID":"7D2B93D1-230E-41F7-B8B4-8214F6C838AF","StepOrder":"3","Threshold":"-0.3677"},{"ItemResponseOID":"435438D6-2628-429D-960B-2719DF54D8CC","StepOrder":"4","Threshold":"0.3016"}]},{"FormItemOID":"252A582C-DCA8-4F8B-BFD4-D6AC68D6F213","ID":"GS1x","A_GRM":"2.03484","Map":[{"ItemResponseOID":"4DC404D6-3E2E-4607-BD78-1E77FE83F31E","StepOrder":"1","Threshold":"-2.2049"},{"ItemResponseOID":"0988F165-FF57-4524-A4E8-E1C00D44D8B0","StepOrder":"2","Threshold":"-1.4858"},{"ItemResponseOID":"4C9323F7-52D7-49C8-83DC-B94995A20CF7","StepOrder":"3","Threshold":"-0.4684"},{"ItemResponseOID":"6CE9949F-1327-43BE-8F4A-B1DDCFB68027","StepOrder":"4","Threshold":"0.6898"}]},{"FormItemOID":"470FB119-990E-4884-A08A-4ACFB6FE5F5B","ID":"SSE-CaPS6","A_GRM":"5.00456","Map":[{"ItemResponseOID":"0F484CF2-A391-4A89-AC15-50AA93A6EC69","StepOrder":"1","Threshold":"-1.5987"},{"ItemResponseOID":"2B22DBC7-C65E-4A83-AD21-4494FF793B9F","StepOrder":"2","Threshold":"-1.0770"},{"ItemResponseOID":"6D9DD2D7-DA21-4FCC-A50B-50DCC773CE04","StepOrder":"3","Threshold":"-0.4634"},{"ItemResponseOID":"5A20C456-0A46-4DE4-8188-B8B1C68D4F9A","StepOrder":"4","Threshold":"0.2217"}]},{"FormItemOID":"53CA7624-2D21-4BEC-AE3F-D3295CCF76F9","ID":"SS12x","A_GRM":"3.76044","Map":[{"ItemResponseOID":"FDCF5F70-E65D-4417-B67A-5DE7457289E8","StepOrder":"1","Threshold":"-1.9498"},{"ItemResponseOID":"18A2C138-F228-4618-A104-B6326B9C993C","StepOrder":"2","Threshold":"-1.2936"},{"ItemResponseOID":"3EA72DD4-CA5A-44AE-AA6A-0D2255ABBDD7","StepOrder":"3","Threshold":"-0.5477"},{"ItemResponseOID":"E666FA45-69EA-4375-999E-CECD4A64B59E","StepOrder":"4","Threshold":"0.2991"}]},{"FormItemOID":"57D730D4-0ACF-4489-A033-CBBCD3F01017","ID":"SSQ2x","A_GRM":"3.08962","Map":[{"ItemResponseOID":"1626197E-CC79-4374-8EAB-D5A0D9E99563","StepOrder":"1","Threshold":"-2.0876"},{"ItemResponseOID":"8D4FCDBD-4E7B-4868-BDB9-E215E3956173","StepOrder":"2","Threshold":"-1.2723"},{"ItemResponseOID":"693D2402-68D3-43CE-9F68-370EEC5970F0","StepOrder":"3","Threshold":"-0.5791"},{"ItemResponseOID":"0138FCB6-09ED-4313-9434-A2A09E2D52E2","StepOrder":"4","Threshold":"0.2118"}]},{"FormItemOID":"5B85D646-CF93-4998-934A-C91D02816982","ID":"SSQ1x","A_GRM":"3.02064","Map":[{"ItemResponseOID":"9E7E5BC0-995E-450A-9D48-EFCDA426A461","StepOrder":"1","Threshold":"-2.6111"},{"ItemResponseOID":"F0AC80E6-B618-4C19-9C18-FAE7892FFA72","StepOrder":"2","Threshold":"-1.9910"},{"ItemResponseOID":"49C4F33B-B6FF-4D4D-87A4-413E6DAE864A","StepOrder":"3","Threshold":"-1.1219"},{"ItemResponseOID":"AA9C1C56-24AE-4B30-AF32-F91F8D67D3D4","StepOrder":"4","Threshold":"-0.3601"}]},{"FormItemOID":"6645F06C-AEEE-4EFA-A6AF-269F01A68AAD","ID":"UCLA19x3","A_GRM":"3.88430","Map":[{"ItemResponseOID":"3FCA1D9E-D037-4E13-BD34-FB7E63F4878A","StepOrder":"1","Threshold":"-2.0552"},{"ItemResponseOID":"9C282DD6-6FDE-4D09-825B-C7E67B2EDA41","StepOrder":"2","Threshold":"-1.4842"},{"ItemResponseOID":"7F11B624-AFBA-4AF2-A6C7-B3AF1CDF3DAE","StepOrder":"3","Threshold":"-0.5905"},{"ItemResponseOID":"6375E727-A67E-491B-BFD5-5705BC4AAF73","StepOrder":"4","Threshold":"0.1987"}]},{"FormItemOID":"8757A109-4C12-4B9F-90DB-C8470223A873","ID":"SSE-CaPS7","A_GRM":"3.25858","Map":[{"ItemResponseOID":"52B1E1A2-88D1-4F7D-9754-E4AF14140EFB","StepOrder":"1","Threshold":"-2.1958"},{"ItemResponseOID":"E70B8EEB-D7C8-42F3-8C4F-3248BBB2E3C7","StepOrder":"2","Threshold":"-1.4477"},{"ItemResponseOID":"1C30D96B-D187-4B46-8FF1-7C6C453D9D65","StepOrder":"3","Threshold":"-0.6739"},{"ItemResponseOID":"E0964752-2626-43D2-919A-45629AC7603B","StepOrder":"4","Threshold":"0.1915"}]},{"FormItemOID":"982F538E-569A-47FA-B6EB-BF8B4C855AF7","ID":"FSE31069x2","A_GRM":"4.38844","Map":[{"ItemResponseOID":"A87741C5-2B84-46C3-9A0A-8846B9142EEE","StepOrder":"1","Threshold":"-1.8340"},{"ItemResponseOID":"5BCA91DF-A1A3-4C99-BCD5-92D64AF63083","StepOrder":"2","Threshold":"-1.1945"},{"ItemResponseOID":"13659FEB-9BAD-4102-AA18-10A4C955EB6A","StepOrder":"3","Threshold":"-0.3903"},{"ItemResponseOID":"08D292C6-44FF-42CE-BD5A-FEDB0DD70DA8","StepOrder":"4","Threshold":"0.5488"}]},{"FormItemOID":"C6581337-8619-4D19-8B27-5252A5E8134C","ID":"UCLA16x2","A_GRM":"2.92893","Map":[{"ItemResponseOID":"05940072-E375-46E5-A73E-F7A2A0017127","StepOrder":"1","Threshold":"-1.9117"},{"ItemResponseOID":"D8DEFD94-658F-4B11-8FF5-88466764932C","StepOrder":"2","Threshold":"-1.1543"},{"ItemResponseOID":"6A5E5CCA-EB51-453E-A47B-3F7F5EA8B408","StepOrder":"3","Threshold":"-0.2496"},{"ItemResponseOID":"8F188B5A-2F03-469F-A608-5EF01F6A13F0","StepOrder":"4","Threshold":"0.8390"}]},{"FormItemOID":"E5053378-1AEA-48B7-8BF6-3F5C309F19D3","ID":"FSE31053x2","A_GRM":"5.23395","Map":[{"ItemResponseOID":"273F988A-21FD-4BB0-A272-8400F7E7E98D","StepOrder":"1","Threshold":"-1.8827"},{"ItemResponseOID":"EC24961C-981C-4934-98D8-E2B189E0118A","StepOrder":"2","Threshold":"-1.2382"},{"ItemResponseOID":"9E355799-F524-44DD-A383-7F929495A0BB","StepOrder":"3","Threshold":"-0.5505"},{"ItemResponseOID":"384C216C-462A-40E9-B44D-7FFFE244F335","StepOrder":"4","Threshold":"0.2688"}]},{"FormItemOID":"E96A5F30-A375-4E1B-86F5-F7013C703142","ID":"SSQ4x2","A_GRM":"5.24799","Map":[{"ItemResponseOID":"B32C065D-8CBD-45BC-BC94-5D0CCCE0F2AE","StepOrder":"1","Threshold":"-1.6829"},{"ItemResponseOID":"7F018FFF-59D9-490F-9A9E-10EE2A3A1C00","StepOrder":"2","Threshold":"-1.0766"},{"ItemResponseOID":"19D74B42-99C3-42DF-ADE4-D8DC17C76D1A","StepOrder":"3","Threshold":"-0.5305"},{"ItemResponseOID":"44E7BF8E-8076-4FE0-A88E-BE00FDA394B5","StepOrder":"4","Threshold":"0.1781"}]},{"FormItemOID":"FA15E13E-166F-42F8-A02C-4F3C907F66B5","ID":"SS11x","A_GRM":"3.22493","Map":[{"ItemResponseOID":"A6F57739-017A-42F6-97DC-513E74E903CA","StepOrder":"1","Threshold":"-2.0642"},{"ItemResponseOID":"5F66C64D-BC61-49AA-84B2-24BF3415B316","StepOrder":"2","Threshold":"-1.3942"},{"ItemResponseOID":"5F447D44-A486-487B-9C9F-157F16605676","StepOrder":"3","Threshold":"-0.5923"},{"ItemResponseOID":"C4916D8F-B3CF-4B5E-B3F2-A39809D95EEB","StepOrder":"4","Threshold":"0.1659"}]},{"FormItemOID":"FE43B1CE-808A-4624-A548-CC939096B13A","ID":"FSE31059x2","A_GRM":"5.68075","Map":[{"ItemResponseOID":"2F7B0FC0-6F6F-4E6D-8E26-F9323A6551C9","StepOrder":"1","Threshold":"-1.6363"},{"ItemResponseOID":"508402C4-B4A3-4167-8700-B96CB9F9BFF9","StepOrder":"2","Threshold":"-1.0192"},{"ItemResponseOID":"61BFB23A-F9A8-4C7F-8A23-9A2199FA1B8F","StepOrder":"3","Threshold":"-0.4502"},{"ItemResponseOID":"4A89835D-8B51-4A8D-90C6-CC3BE00D403C","StepOrder":"4","Threshold":"0.2279"}]}]}
