{"FormOID":"298AA607-EF33-43C3-AF50-3D420C735C20","Form":"Parent Proxy Anger Short Form for PROMIS","Properties":[{"MinNumItems":"5"},{"MaxNumItems":"5"},{"IRTModel":"0"},{"SelectionMethod":"1"},{"MinTheta":"-4.00"},{"MaxTheta":"4.00"},{"ThetaIncrement":"0.1000"},{"MaxStdErr":"0.30"},{"SelectionGroupSize":"1"},{"LogisticScaling":"1.0000"},{"DistMean":"0.00"},{"DistStdDev":"1.00"},{"FirstItem":""},{"CalibrationSample":"Parent Proxy"},{"SetSelectionMethod":"Instance"}],"Items":[{"FormItemOID":"0D7BF13A-A2C0-492B-8E45-D298DDB0C1CF","ID":"Pf1anger1","A_GRM":"3.16000","Map":[{"ItemResponseOID":"3A6D61E1-72FF-4D71-A7EC-FCD3298491C6","StepOrder":"0","Threshold":"-1.7500"},{"ItemResponseOID":"F315ED45-AA1F-4A41-ABCE-5297C2310ACC","StepOrder":"1","Threshold":"-0.5100"},{"ItemResponseOID":"F204F5B3-3928-402E-9F51-C0233241A540","StepOrder":"2","Threshold":"1.5300"},{"ItemResponseOID":"DE3F3929-4E2D-49AB-9D60-550250AD2516","StepOrder":"3","Threshold":"2.8500"}]},{"FormItemOID":"C8B67714-4B58-4EBE-9028-D8C9519A70A4","ID":"Pf1anger5","A_GRM":"2.42000","Map":[{"ItemResponseOID":"8AE72BF5-07BB-4C7B-AD0F-4BA415E523AE","StepOrder":"0","Threshold":"-1.1500"},{"ItemResponseOID":"85A5C072-9597-415F-8488-F922DFACFA1C","StepOrder":"1","Threshold":"-0.0500"},{"ItemResponseOID":"ACC986D9-DBA2-4500-84EE-FBE7F0733591","StepOrder":"2","Threshold":"1.5500"},{"ItemResponseOID":"FC015F27-0B47-474E-A348-65DE64E93584","StepOrder":"3","Threshold":"2.7200"}]},{"FormItemOID":"D270F63B-860A-4802-824A-87AA9455D0B1","ID":"Pf1anger8","A_GRM":"1.77000","Map":[{"ItemResponseOID":"C60F89DA-9371-414D-9DF5-DFF4CBBCA747","StepOrder":"0","Threshold":"-0.0800"},{"ItemResponseOID":"AD90BDFE-63A5-4598-862A-3F63EAF5D455","StepOrder":"1","Threshold":"1.4100"},{"ItemResponseOID":"059BA4B9-EF0B-44F8-A34D-88262AD7530E","StepOrder":"2","Threshold":"2.7200"},{"ItemResponseOID":"20DC9FAC-F0D8-4817-A54C-9E43FCDE5843","StepOrder":"3","Threshold":"3.4900"}]},{"FormItemOID":"D2BAE211-DA1B-4AF3-B5E3-240483301314","ID":"Pf1anger3","A_GRM":"2.21000","Map":[{"ItemResponseOID":"74A11949-D5CF-4D1A-B8B5-6301F252D700","StepOrder":"0","Threshold":"0.0800"},{"ItemResponseOID":"E1EB4B74-D94B-44F8-BA40-B6D8E85BEE9E","StepOrder":"1","Threshold":"1.0300"},{"ItemResponseOID":"A667BB4B-BE5F-4C3F-A003-0C8C56C6427A","StepOrder":"2","Threshold":"2.5500"},{"ItemResponseOID":"1C0CDC1F-E9EC-4591-8FFD-A3664266CDB9","StepOrder":"3","Threshold":"3.3400"}]},{"FormItemOID":"E342E4EF-C97E-48B9-8ED0-704BBEC7C2D2","ID":"Pf1anger10","A_GRM":"2.02000","Map":[{"ItemResponseOID":"6390B9EE-C3DC-4DFA-AA4C-9B9CFB7610F5","StepOrder":"0","Threshold":"-1.6700"},{"ItemResponseOID":"02C5C8DB-E75E-4B88-A46F-16672A5B4C16","StepOrder":"1","Threshold":"-0.3300"},{"ItemResponseOID":"4AB8AC53-F130-4878-B474-6E360E61EE54","StepOrder":"2","Threshold":"2.0200"},{"ItemResponseOID":"120297CB-3A38-4B14-BA7B-15E5D48CBD15","StepOrder":"3","Threshold":"3.3400"}]}]}
