{"FormOID":"2AF69E2C-7571-475B-A5DE-E77AF1DF4A17","Form":"PROMIS Social Satisfaction with Roles Activities 4-item short form","Properties":[{"MinNumItems":"4"},{"MaxNumItems":"4"},{"IRTModel":"0"},{"SelectionMethod":"1"},{"MinTheta":"-4.00"},{"MaxTheta":"4.00"},{"ThetaIncrement":"0.1000"},{"MaxStdErr":"0.30"},{"SelectionGroupSize":"1"},{"LogisticScaling":"1.0000"},{"DistMean":"0.00"},{"DistStdDev":"1.00"},{"FirstItem":""},{"CalibrationSample":"Social Supplement"},{"SetSelectionMethod":"Instance"}],"Items":[{"FormItemOID":"18FC2009-B36E-46DE-A6E8-EC0CD8FFE11D","ID":"SRPSAT06r1","A_GRM":"3.88990","Map":[{"ItemResponseOID":"27F8FD05-99A6-452D-8277-5042FD5F281F","StepOrder":"1","Threshold":"-1.6407"},{"ItemResponseOID":"5026DE5D-146D-4F17-81B8-5681740029A5","StepOrder":"2","Threshold":"-1.1209"},{"ItemResponseOID":"116FDB56-E3FD-481F-B131-8F121C33CE9F","StepOrder":"3","Threshold":"-0.3121"},{"ItemResponseOID":"853A4059-B96D-4193-819C-FD975C5C68E5","StepOrder":"4","Threshold":"0.4354"}]},{"FormItemOID":"54EE24F1-9B6D-4965-8369-01BA8596C045","ID":"SRPSAT49r1","A_GRM":"4.16999","Map":[{"ItemResponseOID":"3E67CC7C-AB63-4B69-B63B-FF266E120FDA","StepOrder":"1","Threshold":"-1.5875"},{"ItemResponseOID":"A2EE9B56-40E6-4EA1-B3D9-2A7D8FC6A6B5","StepOrder":"2","Threshold":"-1.0594"},{"ItemResponseOID":"9BACF790-C760-4CE2-AD4A-48D57F501D44","StepOrder":"3","Threshold":"-0.3223"},{"ItemResponseOID":"535686F3-28BA-49D5-B094-2454E25FE871","StepOrder":"4","Threshold":"0.3584"}]},{"FormItemOID":"B04BE531-8716-4EB8-9C04-7520A995301C","ID":"SRPSAT33_CaPS","A_GRM":"4.57753","Map":[{"ItemResponseOID":"60AB22DC-B49D-40E1-ADAE-B6B8D45BCEBC","StepOrder":"1","Threshold":"-1.4283"},{"ItemResponseOID":"1AD11D5A-083C-417C-B935-A3A2EEBE6039","StepOrder":"2","Threshold":"-0.8224"},{"ItemResponseOID":"2C88B609-684F-4E6D-94AE-6386CDBBF9DB","StepOrder":"3","Threshold":"-0.0924"},{"ItemResponseOID":"4AF27466-5F68-4802-9EA8-9FB1BB9C4273","StepOrder":"4","Threshold":"0.6083"}]},{"FormItemOID":"CE0ABE14-2F3B-4A3D-B715-19BB1C6BD6D1","ID":"SRPSAT34r1","A_GRM":"4.04326","Map":[{"ItemResponseOID":"D5A159AA-D8D2-43E0-8D50-FD948F7A9817","StepOrder":"1","Threshold":"-1.6063"},{"ItemResponseOID":"98742A4E-8BBF-42C3-A541-01CF4638A36B","StepOrder":"2","Threshold":"-0.9906"},{"ItemResponseOID":"CBB72681-C602-4806-91F5-2B367B3234A7","StepOrder":"3","Threshold":"-0.1608"},{"ItemResponseOID":"241EA413-7579-43E1-98FC-34015372D6D9","StepOrder":"4","Threshold":"0.5540"}]}]}
