{"FormOID":"2C6683EE-44E1-450E-9064-61E5AECB6E0D","Form":"Short Form created in PROMIS Cancer Supplement","Properties":[{"MinNumItems":"7"},{"MaxNumItems":"7"},{"IRTModel":"0"},{"SelectionMethod":"1"},{"MinTheta":"-4.00"},{"MaxTheta":"4.00"},{"ThetaIncrement":"0.1000"},{"MaxStdErr":"0.30"},{"SelectionGroupSize":"1"},{"LogisticScaling":"1.0000"},{"DistMean":"0.00"},{"DistStdDev":"1.00"},{"FirstItem":""},{"CalibrationSample":"Cancer Supplement Calibration"},{"SetSelectionMethod":"Instance"}],"Items":[{"FormItemOID":"2C4F4FD1-23C4-437E-B4C6-83875A969F4B","ID":"SFSAT103","A_GRM":"2.78000","Map":[{"ItemResponseOID":"6FF076CF-3F81-4194-9088-0870A70368DC","StepOrder":"1","Threshold":"-0.3300"},{"ItemResponseOID":"D3584F29-C65B-459E-9270-7E1790EEF393","StepOrder":"2","Threshold":"0.3300"},{"ItemResponseOID":"96379192-3FC3-43C7-BC89-7F10349DE66D","StepOrder":"3","Threshold":"1.1100"},{"ItemResponseOID":"4938FB1D-8E7B-45A4-8882-CC94E690E91B","StepOrder":"4","Threshold":"1.9100"}]},{"FormItemOID":"76727FCA-A149-4932-B63E-99170FE0720B","ID":"SFSAT102","A_GRM":"2.86000","Map":[{"ItemResponseOID":"C1855399-FD0A-4481-A7FC-D9E8E99CBDEC","StepOrder":"1","Threshold":"-0.6600"},{"ItemResponseOID":"7ADEFF9A-E0B8-4E85-A5E3-3102517722F5","StepOrder":"2","Threshold":"-0.1100"},{"ItemResponseOID":"491C9EC8-85C9-4E36-B152-C9186A432422","StepOrder":"3","Threshold":"0.5900"},{"ItemResponseOID":"A66ADC08-E12D-4FDE-BA08-2638D15F220F","StepOrder":"4","Threshold":"1.4100"}]},{"FormItemOID":"8D5F6434-3D2E-45CF-990A-7116DD1ABBE5","ID":"SFSAT104","A_GRM":"3.91000","Map":[{"ItemResponseOID":"91E0C1CB-9198-4096-BE9D-B832A4CEC1F0","StepOrder":"1","Threshold":"-1.1700"},{"ItemResponseOID":"07BDAB99-4296-4E29-8DAB-891CE5C04824","StepOrder":"2","Threshold":"-0.3900"},{"ItemResponseOID":"413E8176-902A-4163-95D4-7EA591A2E1DF","StepOrder":"3","Threshold":"0.3800"},{"ItemResponseOID":"5E2AA59B-031A-41A5-BF5C-10B454E1AEEA","StepOrder":"4","Threshold":"1.0800"}]},{"FormItemOID":"B25F7C0A-1334-4284-9399-CAE6082E3702","ID":"SFSAT101","A_GRM":"4.16000","Map":[{"ItemResponseOID":"00D7176B-5418-47B5-BFFE-C6A5EE29E39A","StepOrder":"1","Threshold":"-0.6300"},{"ItemResponseOID":"42A66B8A-EFA9-42DB-95FE-FA7EAEA8A8E4","StepOrder":"2","Threshold":"-0.2100"},{"ItemResponseOID":"2DDC938D-4E6D-4D67-8D53-707376B783EA","StepOrder":"3","Threshold":"0.5500"},{"ItemResponseOID":"4F24F4A9-5246-4EF9-9644-09947CF38E36","StepOrder":"4","Threshold":"1.1000"}]},{"FormItemOID":"B68941CE-73C5-4F81-BA89-21773E4EF0A2","ID":"SFSAT105","A_GRM":"3.50000","Map":[{"ItemResponseOID":"98DCA24D-F2F9-4326-B814-3F211761E319","StepOrder":"1","Threshold":"-1.5700"},{"ItemResponseOID":"99DA8FFC-EDF5-4463-9F45-11F5C962D111","StepOrder":"2","Threshold":"-0.6000"},{"ItemResponseOID":"D037EA97-AFED-4879-A7E9-BCF268A30D0A","StepOrder":"3","Threshold":"0.0900"},{"ItemResponseOID":"22B03C19-B4CA-4AD5-919A-46A22B9D149E","StepOrder":"4","Threshold":"0.9300"}]},{"FormItemOID":"F699D988-F641-444A-86B3-7CBFDD3E67E3","ID":"SFSAT001","A_GRM":"2.89000","Map":[{"ItemResponseOID":"04AA316C-7A20-4F2E-957C-B6365536371D","StepOrder":"1","Threshold":"-0.4700"},{"ItemResponseOID":"3559AAEF-FFBE-43E0-B77B-0CAED978DB3C","StepOrder":"2","Threshold":"-0.0300"},{"ItemResponseOID":"7E94B809-F333-4B68-9F87-33C595944C61","StepOrder":"3","Threshold":"0.6100"},{"ItemResponseOID":"68E889E2-D960-4D45-B404-FB1867F5C8BB","StepOrder":"4","Threshold":"1.2400"}]},{"FormItemOID":"F8CC2922-A5B8-4118-94BF-1358FB3EB5A0","ID":"SFSAT106","A_GRM":"3.97000","Map":[{"ItemResponseOID":"43671847-213F-41C4-94D4-CEFE54D9E484","StepOrder":"1","Threshold":"-1.4300"},{"ItemResponseOID":"E71A7D3C-7B29-4C68-B6B5-BA9ECB53BC66","StepOrder":"2","Threshold":"-0.5600"},{"ItemResponseOID":"F59B65A2-1B86-4C89-AC40-4F89CCE454EE","StepOrder":"3","Threshold":"0.2400"},{"ItemResponseOID":"D3D79573-CD0C-47E3-B8B9-07EBD4401A60","StepOrder":"4","Threshold":"1.0500"}]}]}
