{"FormOID":"2E25400B-9373-4631-B769-2E4D466EED04","Form":"Four-item fatigue short form from PROMIS-29 Profile","Properties":[{"MinNumItems":"4"},{"MaxNumItems":"4"},{"IRTModel":"0"},{"SelectionMethod":"1"},{"MinTheta":"-4.00"},{"MaxTheta":"4.00"},{"ThetaIncrement":"0.1000"},{"MaxStdErr":"0.30"},{"SelectionGroupSize":"1"},{"LogisticScaling":"1.0000"},{"DistMean":"0.00"},{"DistStdDev":"1.00"},{"FirstItem":""},{"CalibrationSample":"Promis Wave 1"},{"SetSelectionMethod":"Instance"}],"Items":[{"FormItemOID":"8E223C0B-3C32-4FB6-931B-28119E739C51","ID":"FATEXP40","A_GRM":"4.17556","Map":[{"ItemResponseOID":"6BD671EF-BC86-4BF4-8AE9-B68FB56F8F8C","StepOrder":"1","Threshold":"-0.8828"},{"ItemResponseOID":"3D96E739-C061-4BF4-AE77-EF868F9DAAFA","StepOrder":"2","Threshold":"0.3275"},{"ItemResponseOID":"C7129FFC-9C54-4605-8CB4-360B49A6FDB5","StepOrder":"3","Threshold":"1.2048"},{"ItemResponseOID":"A4504A63-2E21-4796-8256-8B1FEB84AFD2","StepOrder":"4","Threshold":"2.1884"}]},{"FormItemOID":"C1DB324D-AAC2-472F-9B42-B7276CCAC8A5","ID":"An3","A_GRM":"4.34709","Map":[{"ItemResponseOID":"278C4DCD-0E7E-41BF-A424-57D216FF5586","StepOrder":"1","Threshold":"-0.3111"},{"ItemResponseOID":"D529EF8E-F024-4BA5-981B-3A76A43B4C13","StepOrder":"2","Threshold":"0.5041"},{"ItemResponseOID":"1DAE4CEC-1DC8-4A52-BF70-2FAA320EB2F5","StepOrder":"3","Threshold":"1.1796"},{"ItemResponseOID":"0C6F5AB6-D25D-4E9D-B533-56EED5FA5ED6","StepOrder":"4","Threshold":"1.9585"}]},{"FormItemOID":"DA71D048-6390-4E64-BA9F-6524044D2995","ID":"HI7","A_GRM":"4.32034","Map":[{"ItemResponseOID":"30E6BF2F-509D-4A6B-A2B4-CDE9CB2A1547","StepOrder":"1","Threshold":"-1.1444"},{"ItemResponseOID":"70AC2038-B3EB-44DB-A86C-BBF5558FA474","StepOrder":"2","Threshold":"0.0806"},{"ItemResponseOID":"6C09DEC2-8D9D-4A3A-AC54-2C6E20E7A007","StepOrder":"3","Threshold":"0.9561"},{"ItemResponseOID":"05D24991-95BA-455D-A3D2-311F8997E7FA","StepOrder":"4","Threshold":"1.7720"}]},{"FormItemOID":"EB2E6C35-A0FF-44CE-BBF0-ADB43EED634C","ID":"FATEXP41","A_GRM":"4.32191","Map":[{"ItemResponseOID":"1F3EC5D6-8A47-4862-A397-6BCBD0840AA5","StepOrder":"1","Threshold":"-0.5302"},{"ItemResponseOID":"1D7A59A1-F966-4453-9295-EC7F7BC2D936","StepOrder":"2","Threshold":"0.4511"},{"ItemResponseOID":"F925BCDD-1B77-4F07-A178-0536BC8B7C1F","StepOrder":"3","Threshold":"1.1503"},{"ItemResponseOID":"DF30578A-18C1-4680-9C85-6C6656381D6B","StepOrder":"4","Threshold":"2.0368"}]}]}
