{"FormOID":"2EE3B8EA-12AE-4A50-BB3D-1646BCDBCF4B","Form":"PROMIS Social Ability to Participate 6- item Short Form Version 2","Properties":[{"MinNumItems":"6"},{"MaxNumItems":"6"},{"IRTModel":"0"},{"SelectionMethod":"1"},{"MinTheta":"-4.00"},{"MaxTheta":"4.00"},{"ThetaIncrement":"0.1000"},{"MaxStdErr":"0.30"},{"SelectionGroupSize":"1"},{"LogisticScaling":"1.0000"},{"DistMean":"0.00"},{"DistStdDev":"1.00"},{"FirstItem":""},{"CalibrationSample":"Social Supplement"},{"SetSelectionMethod":"Instance"}],"Items":[{"FormItemOID":"31830A6B-DA1B-4DF3-9ABC-FF41EC0FB72A","ID":"SRPPER46_CaPS","A_GRM":"4.53179","Map":[{"ItemResponseOID":"1A8C9903-1356-41DF-8D4B-75E8A2EF644A","StepOrder":"1","Threshold":"-1.6084"},{"ItemResponseOID":"F0C39EC6-C3C5-4408-BBAB-4BD47D9DA109","StepOrder":"2","Threshold":"-1.0076"},{"ItemResponseOID":"0D1B1985-315D-4A24-851B-4F6AAD559153","StepOrder":"3","Threshold":"-0.1464"},{"ItemResponseOID":"61016284-72C0-4185-8622-ABEAB9C34F17","StepOrder":"4","Threshold":"0.6376"}]},{"FormItemOID":"362926FD-B840-4438-8494-C116AE5DCCA2","ID":"SRPPER18_CaPS","A_GRM":"4.53432","Map":[{"ItemResponseOID":"2D4521CD-76AF-4BE9-B679-23779BD8DF17","StepOrder":"1","Threshold":"-1.6376"},{"ItemResponseOID":"0B61FC15-84A5-4D1F-BB0E-C1A989443F77","StepOrder":"2","Threshold":"-1.0479"},{"ItemResponseOID":"A13FC273-EDE3-44A9-B65C-5938E8BA7A99","StepOrder":"3","Threshold":"-0.1830"},{"ItemResponseOID":"5A845A82-197A-4E83-8A84-B5D92281FB42","StepOrder":"4","Threshold":"0.5453"}]},{"FormItemOID":"59E68125-763F-448D-85B6-5348F51446CE","ID":"SRPPER23_CaPS","A_GRM":"4.28248","Map":[{"ItemResponseOID":"AE7B7FCD-7DA8-47E4-99ED-C922C488BEED","StepOrder":"1","Threshold":"-1.5796"},{"ItemResponseOID":"A9FDB1BF-34DA-430A-95AD-4BCE64546977","StepOrder":"2","Threshold":"-1.0344"},{"ItemResponseOID":"F9877A48-45A9-463A-BC4D-A93289F0B79E","StepOrder":"3","Threshold":"-0.1992"},{"ItemResponseOID":"66CEE29D-0798-4BC9-812A-228C51CAEE03","StepOrder":"4","Threshold":"0.5778"}]},{"FormItemOID":"8E69EF93-6E1E-4DB4-924D-A7E7743BC960","ID":"SRPPER15_CaPS","A_GRM":"4.41656","Map":[{"ItemResponseOID":"ACE740E9-EE83-41A6-9CA1-1BBA658A06C3","StepOrder":"1","Threshold":"-1.5129"},{"ItemResponseOID":"2726D3A1-C41B-4D28-A463-1D7CC069CE7C","StepOrder":"2","Threshold":"-0.9691"},{"ItemResponseOID":"82EB7142-27DA-49A4-A173-F7C995121896","StepOrder":"3","Threshold":"-0.1008"},{"ItemResponseOID":"40BE2C4A-7367-4D64-83C3-16792DF9733C","StepOrder":"4","Threshold":"0.6221"}]},{"FormItemOID":"B01F808C-A8AB-45F7-B628-0BF0F7147F86","ID":"SRPPER11_CaPS","A_GRM":"4.87596","Map":[{"ItemResponseOID":"C21E2536-8474-44A3-A608-A58C438AF226","StepOrder":"1","Threshold":"-1.6803"},{"ItemResponseOID":"50D078EF-02F0-47A3-B2D8-C942328CE98B","StepOrder":"2","Threshold":"-1.0520"},{"ItemResponseOID":"71199D00-C34D-4431-8CCA-972E0F821D17","StepOrder":"3","Threshold":"-0.2255"},{"ItemResponseOID":"AF7A1A80-7C39-4718-AB51-813BE052A039","StepOrder":"4","Threshold":"0.5466"}]},{"FormItemOID":"EABEABEF-18CC-4C5F-8D14-A7A8B86887BB","ID":"SRPPER28r1","A_GRM":"4.47040","Map":[{"ItemResponseOID":"13C0E8E5-4ED4-48CB-8EE8-0A7AE12150B8","StepOrder":"1","Threshold":"-1.6329"},{"ItemResponseOID":"4CE7AD40-FF24-4E8E-AB7A-AEA0F55D2288","StepOrder":"2","Threshold":"-1.0460"},{"ItemResponseOID":"AB9E95C4-8B88-4FCA-BB0E-3C8ECC28BB36","StepOrder":"3","Threshold":"-0.2051"},{"ItemResponseOID":"B2F1AB4E-2726-4333-823D-0C1DBA046D9D","StepOrder":"4","Threshold":"0.5203"}]}]}
