{"FormOID":"336741A7-EE8D-432D-A3A5-2381F4E2EE65","Form":"Neuro-QOL Ped SF v2.1 ??? Fatigue","Properties":[{"MinNumItems":"8"},{"MaxNumItems":"8"},{"IRTModel":"0"},{"SelectionMethod":"1"},{"MinTheta":"-4.00"},{"MaxTheta":"4.00"},{"ThetaIncrement":"0.1000"},{"MaxStdErr":"0.30"},{"SelectionGroupSize":"1"},{"LogisticScaling":"1.0000"},{"DistMean":"0.00"},{"DistStdDev":"1.00"},{"FirstItem":""},{"CalibrationSample":"PROsetta Stone w3_1"},{"SetSelectionMethod":"Instance"}],"Items":[{"FormItemOID":"1EB1FA3E-F653-4607-B4E4-7081159C7A1D","ID":"NQFTGpeds04","A_GRM":"2.79000","Map":[{"ItemResponseOID":"10B0ADF6-98F5-4B23-887C-08C6BDF4D4B0","StepOrder":"1","Threshold":"-0.4700"},{"ItemResponseOID":"4EA3385F-B782-4181-B28F-FA9FF09FA70C","StepOrder":"2","Threshold":"0.5800"},{"ItemResponseOID":"9FE14A11-9E15-47EC-90DB-8109E1C1F986","StepOrder":"3","Threshold":"1.4500"},{"ItemResponseOID":"FAEA204B-7877-4C96-8E23-94820950D715","StepOrder":"4","Threshold":"2.0700"}]},{"FormItemOID":"1F8F0D2A-2F1C-4710-9798-3149B73B9995","ID":"NQFTGpeds05","A_GRM":"2.64000","Map":[{"ItemResponseOID":"5B574F50-7353-420E-BDBE-DEFDD16F30B2","StepOrder":"1","Threshold":"-0.5700"},{"ItemResponseOID":"A85C3432-F92A-45A7-9503-9F47EF1C6131","StepOrder":"2","Threshold":"0.5300"},{"ItemResponseOID":"B86A0801-85C3-4A51-ABC4-58909469CA21","StepOrder":"3","Threshold":"1.4600"},{"ItemResponseOID":"990DA9FA-58E7-416A-BEE5-CE2FD6588ED9","StepOrder":"4","Threshold":"2.5400"}]},{"FormItemOID":"2245048B-0C8A-4487-978C-E5C09F4EBA58","ID":"NQFTGpeds13","A_GRM":"3.26000","Map":[{"ItemResponseOID":"0ED5C702-5B6E-4DB8-BE0F-A83878414CCE","StepOrder":"1","Threshold":"0.4600"},{"ItemResponseOID":"989204AD-0A76-4446-B572-3E5F2450F5F2","StepOrder":"2","Threshold":"0.9700"},{"ItemResponseOID":"DB7EA599-CAFA-48B2-BAC7-45CCFCEBDB98","StepOrder":"3","Threshold":"1.5400"},{"ItemResponseOID":"F9D7E276-763C-44DE-83D7-A47DAF8294FE","StepOrder":"4","Threshold":"2.2000"}]},{"FormItemOID":"5FD49D28-45E4-4F48-B760-98D5E9BA5B4E","ID":"NQFTGped01","A_GRM":"1.98000","Map":[{"ItemResponseOID":"3F05201C-B03E-4979-8E2C-84D59CB66435","StepOrder":"1","Threshold":"-1.4400"},{"ItemResponseOID":"22826456-A75C-4E40-A1F8-004C90A7B72C","StepOrder":"2","Threshold":"0.1600"},{"ItemResponseOID":"2E9B19F0-46A6-459B-937D-9B492FCEF706","StepOrder":"3","Threshold":"1.3400"},{"ItemResponseOID":"EF9E0F1F-6681-4491-9CB2-FA80BBA42596","StepOrder":"4","Threshold":"2.2100"}]},{"FormItemOID":"6A2432E6-8D1B-471D-BDDA-7B4C476A0FC7","ID":"NQFTGpeds11r1","A_GRM":"3.44000","Map":[{"ItemResponseOID":"35A350A9-A546-48BD-A82F-260AC022726D","StepOrder":"1","Threshold":"0.5400"},{"ItemResponseOID":"E0DD8DC2-82B1-48A8-AF97-9FF4A4F83D11","StepOrder":"2","Threshold":"1.1300"},{"ItemResponseOID":"D3B142C1-0756-4BC3-824A-4E2BC2710DEE","StepOrder":"3","Threshold":"1.7900"},{"ItemResponseOID":"9182D9B2-6F0B-4CE4-A75A-EED6A2504834","StepOrder":"4","Threshold":"2.4800"}]},{"FormItemOID":"B1A4C75C-93FC-44B5-87B5-A6DEEA0530A0","ID":"NQFTGpeds06","A_GRM":"2.83000","Map":[{"ItemResponseOID":"35A72525-8553-4A26-9C1B-520D1771F1E2","StepOrder":"1","Threshold":"-0.1800"},{"ItemResponseOID":"ED466E43-8148-409D-A378-5D496710208C","StepOrder":"2","Threshold":"0.6100"},{"ItemResponseOID":"3F203948-4F1D-4C09-916E-C2A1E29FA117","StepOrder":"3","Threshold":"1.3900"},{"ItemResponseOID":"4F6C8ADA-9AE6-48A4-B45D-BF8A23DD0B91","StepOrder":"4","Threshold":"2.1100"}]},{"FormItemOID":"D58F6180-284A-42FB-A7D0-C60552D1A6F7","ID":"NQFTGpeds12","A_GRM":"3.72000","Map":[{"ItemResponseOID":"BD35810B-8637-4BDB-BABE-2E5E5E4DD672","StepOrder":"1","Threshold":"0.2900"},{"ItemResponseOID":"4D1FB4E3-5561-4534-9569-A098FD564597","StepOrder":"2","Threshold":"0.8400"},{"ItemResponseOID":"289626DD-CFC6-4EC4-983E-91FB439950B2","StepOrder":"3","Threshold":"1.4800"},{"ItemResponseOID":"CA6E7889-3EF7-41A3-AAF8-DFC13C8BACE7","StepOrder":"4","Threshold":"2.0500"}]},{"FormItemOID":"EC772A13-4AF2-4DE9-B358-F44417DC1D77","ID":"NQFTGpeds08","A_GRM":"3.62000","Map":[{"ItemResponseOID":"96B69238-3171-47C6-87F2-9B1E5B7D3C1A","StepOrder":"1","Threshold":"0.0900"},{"ItemResponseOID":"32DEB5D3-4567-4125-969F-71BF75DB5EB2","StepOrder":"2","Threshold":"0.7100"},{"ItemResponseOID":"F3379C30-73D1-4FCA-A702-1C56E023A0B1","StepOrder":"3","Threshold":"1.4800"},{"ItemResponseOID":"7E13C641-6121-4368-AB42-3AEFD8D5CAFD","StepOrder":"4","Threshold":"2.1600"}]}]}
