{"FormOID":"36F00430-CC4C-4977-AE8A-0787B3C53AB8","Form":"PROMIS Satisfaction with Social Roles Bank","Properties":[{"MinNumItems":"4"},{"MaxNumItems":"12"},{"IRTModel":"0"},{"SelectionMethod":"1"},{"MinTheta":"-4.00"},{"MaxTheta":"4.00"},{"ThetaIncrement":"0.1000"},{"MaxStdErr":"0.30"},{"SelectionGroupSize":"1"},{"LogisticScaling":"1.0000"},{"DistMean":"0.00"},{"DistStdDev":"1.00"},{"FirstItem":""},{"CalibrationSample":"Promis Wave 1"},{"SetSelectionMethod":"Parameterized"}],"Items":[{"FormItemOID":"069B0C89-6842-41BE-BB8A-1395CB566F22","ID":"SRPSAT06","A_GRM":"3.44500","Map":[{"ItemResponseOID":"2804EDE8-9777-4ECB-B6D1-E0BF0BD60DA3","StepOrder":"1","Threshold":"-1.5790"},{"ItemResponseOID":"CB63F6B4-69C6-4B61-B103-E8D8D76E727F","StepOrder":"2","Threshold":"-0.9550"},{"ItemResponseOID":"1FB34302-55BC-4B89-B80F-0B5A51A525F7","StepOrder":"3","Threshold":"-0.3050"},{"ItemResponseOID":"E4368C49-4910-4D5C-B507-98F14278DDE2","StepOrder":"4","Threshold":"0.6360"}]},{"FormItemOID":"2193DFD7-F960-4FD9-B464-951C825BBF27","ID":"SRPSAT49","A_GRM":"5.57700","Map":[{"ItemResponseOID":"65439B72-3B33-46D2-AB77-3AA939DDC8B5","StepOrder":"1","Threshold":"-1.5640"},{"ItemResponseOID":"49B94B5B-5E0C-417A-BE2D-9E318724784D","StepOrder":"2","Threshold":"-0.9200"},{"ItemResponseOID":"EC799977-4379-48A1-BFD7-387A07A2E078","StepOrder":"3","Threshold":"-0.2180"},{"ItemResponseOID":"474EFE6C-3659-4E89-A54A-4C621BB14D20","StepOrder":"4","Threshold":"0.4580"}]},{"FormItemOID":"23C6AF33-D843-416D-BEF9-783A21BBD14D","ID":"SRPSAT24","A_GRM":"4.68800","Map":[{"ItemResponseOID":"C70D73FB-358A-468B-8ED8-9847BCB9AEDC","StepOrder":"1","Threshold":"-1.4330"},{"ItemResponseOID":"4D944F74-33BB-46F2-82F1-6E30F77F622C","StepOrder":"2","Threshold":"-0.9360"},{"ItemResponseOID":"427B8D69-00B2-4520-89E0-AAA671534CBB","StepOrder":"3","Threshold":"-0.2880"},{"ItemResponseOID":"1BFC56C4-5389-4325-82B5-CD66A8CE99AC","StepOrder":"4","Threshold":"0.5190"}]},{"FormItemOID":"26085528-BE3A-4696-804D-9976CED69690","ID":"SRPSAT09","A_GRM":"3.60700","Map":[{"ItemResponseOID":"41247BA3-6E45-4694-95CC-FB886DDCFC9A","StepOrder":"1","Threshold":"-1.5820"},{"ItemResponseOID":"E3DEEB45-4BDB-486F-9B4C-C058D2687CB3","StepOrder":"2","Threshold":"-0.9410"},{"ItemResponseOID":"E4421873-9080-4B27-B8EE-843336A79F2F","StepOrder":"3","Threshold":"-0.2280"},{"ItemResponseOID":"DD7A3FC0-8705-4D65-8E35-B9D34A7EEA96","StepOrder":"4","Threshold":"0.5620"}]},{"FormItemOID":"3DA37A34-C148-4836-AD75-E57FA48F42DE","ID":"SRPSAT51","A_GRM":"3.27400","Map":[{"ItemResponseOID":"F161EF97-89DF-4064-9BBE-50095BD6458A","StepOrder":"1","Threshold":"-1.5360"},{"ItemResponseOID":"E62EFB0A-559F-4FCC-9424-E57BEA2B8C42","StepOrder":"2","Threshold":"-0.9800"},{"ItemResponseOID":"B2794B4F-0C21-4B1D-AD3C-ADA2C2CC554A","StepOrder":"3","Threshold":"-0.3770"},{"ItemResponseOID":"FFEA8E07-C447-43DF-9DC3-871215019535","StepOrder":"4","Threshold":"0.5210"}]},{"FormItemOID":"42261557-0467-4176-B3F1-8C8ED06E8323","ID":"SRPSAT50","A_GRM":"3.67900","Map":[{"ItemResponseOID":"356D4574-01B0-4019-AE4B-8052EC7D7A9C","StepOrder":"1","Threshold":"-1.5680"},{"ItemResponseOID":"D4D64BCB-D242-425B-8D8C-96F01F9E7B42","StepOrder":"2","Threshold":"-1.0090"},{"ItemResponseOID":"D5EBCA14-6881-435F-9370-F3E8504C0A55","StepOrder":"3","Threshold":"-0.3610"},{"ItemResponseOID":"4D40A822-15D2-4516-81C8-084DB7BA2C55","StepOrder":"4","Threshold":"0.5520"}]},{"FormItemOID":"45175E9D-B23B-4B55-988F-1B84D90A0CF2","ID":"SRPSAT39","A_GRM":"4.08000","Map":[{"ItemResponseOID":"DF5B75F3-9DE2-434A-A14C-9FCC3621C1C3","StepOrder":"1","Threshold":"-1.4290"},{"ItemResponseOID":"FDF7810A-A8BF-414F-95C7-DCE60D1CFDF2","StepOrder":"2","Threshold":"-0.8310"},{"ItemResponseOID":"F1DF6757-CA02-43EC-A170-4C4A0BF870C8","StepOrder":"3","Threshold":"-0.1450"},{"ItemResponseOID":"6CEF1444-221B-4F60-AE0A-5C900EA082E2","StepOrder":"4","Threshold":"0.6170"}]},{"FormItemOID":"676CA4FB-4FCF-4786-88DB-6DDA6B71E317","ID":"SRPSAT22","A_GRM":"3.00900","Map":[{"ItemResponseOID":"304DFBE1-C852-4E6B-B630-EDD2C03094CE","StepOrder":"1","Threshold":"-1.5810"},{"ItemResponseOID":"A54DF86C-501F-4595-ACB1-DF8B3234C251","StepOrder":"2","Threshold":"-0.9670"},{"ItemResponseOID":"53EDD7B7-25AF-484B-A02B-226D42544AE0","StepOrder":"3","Threshold":"-0.1980"},{"ItemResponseOID":"F68029C4-32BF-4B98-9A56-58968686CB7C","StepOrder":"4","Threshold":"0.7070"}]},{"FormItemOID":"68E358FA-A2EF-40D8-97FA-DFD665B84101","ID":"SRPSAT35","A_GRM":"3.05900","Map":[{"ItemResponseOID":"2743B853-D8D8-4728-8287-4FC621EE2C97","StepOrder":"1","Threshold":"-1.4860"},{"ItemResponseOID":"05FE2D08-320A-4A82-9388-CEDBB5EC4071","StepOrder":"2","Threshold":"-0.8950"},{"ItemResponseOID":"A8F2B7DA-FC55-4517-942A-CF2B12C30AB1","StepOrder":"3","Threshold":"-0.1870"},{"ItemResponseOID":"649D0F75-A810-4F0E-BD26-6D1B0F2DC51F","StepOrder":"4","Threshold":"0.7850"}]},{"FormItemOID":"97E1E673-6210-49EC-94DA-D791E09276C5","ID":"SRPSAT07","A_GRM":"4.42400","Map":[{"ItemResponseOID":"29F94AE0-959B-4B5B-ABE9-4FD512CE8DAD","StepOrder":"1","Threshold":"-1.3380"},{"ItemResponseOID":"D325681F-71B9-49B9-939C-E0E4D2564308","StepOrder":"2","Threshold":"-0.7990"},{"ItemResponseOID":"843F119D-D44F-4D30-8B6A-2C1CF5437F57","StepOrder":"3","Threshold":"-0.1310"},{"ItemResponseOID":"A0600EC6-83CE-41D8-80FD-378A9BBC395C","StepOrder":"4","Threshold":"0.6750"}]},{"FormItemOID":"C426C4DD-E54F-41DA-8C24-1DBC284FC9D0","ID":"SRPSAT21","A_GRM":"3.32900","Map":[{"ItemResponseOID":"8280273E-CB5D-4AA6-B635-5CC99AC457DA","StepOrder":"1","Threshold":"-1.4920"},{"ItemResponseOID":"EBD26D0C-BFED-4954-A5A8-B1E5A00E1D51","StepOrder":"2","Threshold":"-0.8500"},{"ItemResponseOID":"6853164C-3514-4A4C-A309-8E25AE230816","StepOrder":"3","Threshold":"-0.0360"},{"ItemResponseOID":"DCEFCBD0-0A2C-4D45-8309-DFC30E54BC25","StepOrder":"4","Threshold":"0.7790"}]},{"FormItemOID":"F19C48CC-E612-4F73-995A-E64A5F55618E","ID":"SRPSAT38","A_GRM":"3.73100","Map":[{"ItemResponseOID":"64A5AEA0-7006-43B0-A8D4-56CE7A977185","StepOrder":"1","Threshold":"-1.5120"},{"ItemResponseOID":"1B2A03ED-0F9A-4C76-8827-7F70AF82E753","StepOrder":"2","Threshold":"-0.8480"},{"ItemResponseOID":"6F6B7518-336D-402E-AB17-D1A4D600E087","StepOrder":"3","Threshold":"0.0080"},{"ItemResponseOID":"67F839D9-8B55-4FAB-924B-0DDE16A19767","StepOrder":"4","Threshold":"0.7660"}]},{"FormItemOID":"F6717A27-1C93-4C0D-9A14-4C23F52BB18E","ID":"SRPSAT47","A_GRM":"4.37700","Map":[{"ItemResponseOID":"57679CE9-4CC4-429E-80DF-F5118DFF5A63","StepOrder":"1","Threshold":"-1.4210"},{"ItemResponseOID":"FCE1DB30-2557-4D51-A3E7-7DD4F3B5C587","StepOrder":"2","Threshold":"-0.8950"},{"ItemResponseOID":"72171A0E-5D82-4956-B108-0C6317AC80C9","StepOrder":"3","Threshold":"-0.2150"},{"ItemResponseOID":"093D6CBF-A608-4264-BFF0-8D3472D7BB71","StepOrder":"4","Threshold":"0.5700"}]},{"FormItemOID":"F7646522-E244-4585-9CF8-42FEEECDB6A1","ID":"SRPSAT08","A_GRM":"3.15200","Map":[{"ItemResponseOID":"1CE7F4AF-6B2D-43E2-B303-E8A95B07BC9D","StepOrder":"1","Threshold":"-1.6500"},{"ItemResponseOID":"48575A28-44C7-4BBC-9036-C543F12AF501","StepOrder":"2","Threshold":"-1.0830"},{"ItemResponseOID":"5CA1651B-2858-4FBD-A189-F8BBAD7467B4","StepOrder":"3","Threshold":"-0.3150"},{"ItemResponseOID":"6F337526-A8D1-4D5A-AC32-6A9086929332","StepOrder":"4","Threshold":"0.5440"}]}]}
