{"FormOID":"3FA74A09-E5C2-45EA-9682-DB4A02FDC81B","Form":"PROMIS Social Satisfaction with Roles Activites 8-item short form","Properties":[{"MinNumItems":"8"},{"MaxNumItems":"8"},{"IRTModel":"0"},{"SelectionMethod":"1"},{"MinTheta":"-4.00"},{"MaxTheta":"4.00"},{"ThetaIncrement":"0.1000"},{"MaxStdErr":"0.30"},{"SelectionGroupSize":"1"},{"LogisticScaling":"1.0000"},{"DistMean":"0.00"},{"DistStdDev":"1.00"},{"FirstItem":""},{"CalibrationSample":"Social Supplement"},{"SetSelectionMethod":"Instance"}],"Items":[{"FormItemOID":"5341A115-B6D5-4E82-ACDF-3808C3F6E06D","ID":"SRPSAT49r1","A_GRM":"4.16999","Map":[{"ItemResponseOID":"0933AA39-59A9-4A20-A152-6887F7863438","StepOrder":"1","Threshold":"-1.5875"},{"ItemResponseOID":"6588DA2A-6CB9-4148-8E86-9633D47D7ACE","StepOrder":"2","Threshold":"-1.0594"},{"ItemResponseOID":"6AF98CEC-6958-492D-8C60-F525BB3E0838","StepOrder":"3","Threshold":"-0.3223"},{"ItemResponseOID":"022C5EFB-0D6E-4CE7-B1A7-7D2ED2D67ABA","StepOrder":"4","Threshold":"0.3584"}]},{"FormItemOID":"8AA3F98E-D4CD-438F-B886-E244C4624275","ID":"SRPSAT06r1","A_GRM":"3.88990","Map":[{"ItemResponseOID":"60E2C5A3-A4C6-409B-BA16-C762BBAFE10C","StepOrder":"1","Threshold":"-1.6407"},{"ItemResponseOID":"59310AE7-75DC-4423-B49E-993FB72C329B","StepOrder":"2","Threshold":"-1.1209"},{"ItemResponseOID":"2CE06EB7-7BA1-4F5C-A214-680228174161","StepOrder":"3","Threshold":"-0.3121"},{"ItemResponseOID":"DB034C8D-C7C5-4EB3-86E8-CFB1B4E0F39B","StepOrder":"4","Threshold":"0.4354"}]},{"FormItemOID":"AD3A3FD6-CE20-4B9B-AD7D-4FA5082E6DAB","ID":"SRPSAT09r1","A_GRM":"3.73571","Map":[{"ItemResponseOID":"C98B1769-B3F1-42A3-90BF-03DE840DE424","StepOrder":"1","Threshold":"-1.3662"},{"ItemResponseOID":"B7584991-00A3-4B66-A445-39EB943B1789","StepOrder":"2","Threshold":"-0.9007"},{"ItemResponseOID":"7291FC55-8172-44F3-AEBE-36C78CEC36BC","StepOrder":"3","Threshold":"-0.2037"},{"ItemResponseOID":"67DCE0B2-02C1-4C9B-8E42-A19C0A197BA0","StepOrder":"4","Threshold":"0.4976"}]},{"FormItemOID":"C6C3618D-37D9-4570-A40F-1165BE903442","ID":"SRPSAT33r1","A_GRM":"4.74952","Map":[{"ItemResponseOID":"88A4F2CE-C991-460E-A170-B702442FC7FE","StepOrder":"1","Threshold":"-1.2522"},{"ItemResponseOID":"198DC88B-2B4B-4516-B5FE-DF7013928B4E","StepOrder":"2","Threshold":"-0.7227"},{"ItemResponseOID":"FA221859-D3F8-450C-80C0-881025F51BD0","StepOrder":"3","Threshold":"-0.0789"},{"ItemResponseOID":"AA669815-6C37-4B28-A4DE-04E875B219C5","StepOrder":"4","Threshold":"0.5535"}]},{"FormItemOID":"C9A940E3-9DE1-4C96-881F-82DAF32D9E01","ID":"SRPSAT34r1","A_GRM":"4.04326","Map":[{"ItemResponseOID":"5FAF3781-8085-4B3C-8DFD-A77DE4C726DC","StepOrder":"1","Threshold":"-1.6063"},{"ItemResponseOID":"37A2425A-007F-4922-A54F-8C89A93C714C","StepOrder":"2","Threshold":"-0.9906"},{"ItemResponseOID":"3810EFC5-60EB-41D8-ADB7-033DFE527EFE","StepOrder":"3","Threshold":"-0.1608"},{"ItemResponseOID":"4448F421-24F8-45A4-9C5E-E9E08A873258","StepOrder":"4","Threshold":"0.5540"}]},{"FormItemOID":"CEE7D69E-5488-4CF8-9A9E-BF8D457EAD46","ID":"SRPSAT46_CaPS","A_GRM":"3.61734","Map":[{"ItemResponseOID":"A082F9D6-D75C-4950-8AFF-16C9665DA1C9","StepOrder":"1","Threshold":"-1.7176"},{"ItemResponseOID":"DEDD0A45-8964-4D93-B83F-2B5CE58E3286","StepOrder":"2","Threshold":"-1.0184"},{"ItemResponseOID":"BF0041C4-BCA3-4C44-8693-30C0B6EBF381","StepOrder":"3","Threshold":"-0.1624"},{"ItemResponseOID":"F361F2ED-0C66-461C-A7E0-F05BD2807271","StepOrder":"4","Threshold":"0.7194"}]},{"FormItemOID":"E6CD1C6A-E4E2-4CA6-B979-E5BE8BF8BDB6","ID":"SRPSAT45_CaPS","A_GRM":"3.61767","Map":[{"ItemResponseOID":"6E56F246-3148-4A3C-8E1E-6E195C28E158","StepOrder":"1","Threshold":"-1.6460"},{"ItemResponseOID":"59840D3D-B971-4FF8-B960-1075891FA34F","StepOrder":"2","Threshold":"-1.1709"},{"ItemResponseOID":"878F318A-2E5F-498B-BD04-CB47FA1FBDE9","StepOrder":"3","Threshold":"-0.3477"},{"ItemResponseOID":"003C7D97-48A8-46CA-9BAE-61F741AE1628","StepOrder":"4","Threshold":"0.3923"}]},{"FormItemOID":"FF002FBC-6D2A-43F2-AAB7-6241819B0DBD","ID":"SRPSAT33_CaPS","A_GRM":"4.57753","Map":[{"ItemResponseOID":"D14BBEF1-18E5-4282-ABCF-60B5FE33AB50","StepOrder":"1","Threshold":"-1.4283"},{"ItemResponseOID":"CEFDF223-8CB3-4F16-8CC1-31CD1D3DEEC0","StepOrder":"2","Threshold":"-0.8224"},{"ItemResponseOID":"EECD6ED0-6A8C-4E5D-A833-C00FF63DE7D8","StepOrder":"3","Threshold":"-0.0924"},{"ItemResponseOID":"E8223248-FC62-44EE-8BD0-A13F140CD553","StepOrder":"4","Threshold":"0.6083"}]}]}
