{"FormOID":"4265C141-1CC3-4AC1-B923-1B017D5B99C3","Form":"PROMIS 6-item Social Informational Support Short Form","Properties":[{"MinNumItems":"6"},{"MaxNumItems":"6"},{"IRTModel":"0"},{"SelectionMethod":"1"},{"MinTheta":"-4.00"},{"MaxTheta":"4.00"},{"ThetaIncrement":"0.1000"},{"MaxStdErr":"0.30"},{"SelectionGroupSize":"1"},{"LogisticScaling":"1.0000"},{"DistMean":"0.00"},{"DistStdDev":"1.00"},{"FirstItem":""},{"CalibrationSample":"SocialSupplement"},{"SetSelectionMethod":"Instance"}],"Items":[{"FormItemOID":"41E6C2D2-FC72-430E-8CD2-A0D25981734C","ID":"INF-CaPS2","A_GRM":"3.88948","Map":[{"ItemResponseOID":"EADB1DC3-B5B3-4408-A6FD-93B1F857A118","StepOrder":"1","Threshold":"-1.8693"},{"ItemResponseOID":"4C65C6CA-CCA6-4809-8889-A57F792EB95F","StepOrder":"2","Threshold":"-1.0696"},{"ItemResponseOID":"4B5221D1-E4AA-4A15-82D7-01C13079EA09","StepOrder":"3","Threshold":"-0.1182"},{"ItemResponseOID":"1B7654CC-E419-4524-B5C8-03B59D53578C","StepOrder":"4","Threshold":"0.9541"}]},{"FormItemOID":"7FBC4BD1-C700-401F-BDB6-F39E7F1BCFA8","ID":"FSE31054x2","A_GRM":"5.14644","Map":[{"ItemResponseOID":"2BA58229-90C5-48F9-A8BE-B6C9BEFB3895","StepOrder":"1","Threshold":"-1.7237"},{"ItemResponseOID":"D3D6855A-C63C-47AE-B2D8-05C28350F29A","StepOrder":"2","Threshold":"-1.0292"},{"ItemResponseOID":"ECAE3189-232B-4829-ADE3-467947EA1B06","StepOrder":"3","Threshold":"-0.2362"},{"ItemResponseOID":"1D973037-560B-4894-9A64-87DC963A03FC","StepOrder":"4","Threshold":"0.6047"}]},{"FormItemOID":"90F4D31E-51AB-4CBF-9D13-9CF4E69CE8CD","ID":"SS7x","A_GRM":"4.64110","Map":[{"ItemResponseOID":"CA34C78B-B0CC-4342-B121-878BB68F44A5","StepOrder":"1","Threshold":"-1.8014"},{"ItemResponseOID":"3A671EA1-F658-4724-A372-DF3A1E8E5670","StepOrder":"2","Threshold":"-1.0455"},{"ItemResponseOID":"15942FB4-D481-4640-8ED7-5956E5B31453","StepOrder":"3","Threshold":"-0.2894"},{"ItemResponseOID":"2D98E09A-1E6A-42F8-AA54-7354E564CD64","StepOrder":"4","Threshold":"0.5998"}]},{"FormItemOID":"C4661919-FB89-41CE-8483-ED968A32934E","ID":"SSQ7x","A_GRM":"3.37114","Map":[{"ItemResponseOID":"6F1EFAE1-96B7-44CD-AA1E-9A0EBD0B9DBF","StepOrder":"1","Threshold":"-1.8992"},{"ItemResponseOID":"487361C5-B9A9-46A3-A9C2-A86BEE0D4AB1","StepOrder":"2","Threshold":"-1.0605"},{"ItemResponseOID":"19F5CD83-93BB-4469-A5A5-2B70C6C30635","StepOrder":"3","Threshold":"0.0285"},{"ItemResponseOID":"C2FEA92D-0601-42A5-AB43-FA7F988407B5","StepOrder":"4","Threshold":"1.0206"}]},{"FormItemOID":"E4FC72B3-26DC-4811-9464-3AC3946C511C","ID":"FSE31058x2","A_GRM":"4.21638","Map":[{"ItemResponseOID":"ACBF85BA-F023-4B8E-8703-A6C34CB99856","StepOrder":"1","Threshold":"-1.9425"},{"ItemResponseOID":"56477373-09AD-4BED-9ABB-0FC04932265C","StepOrder":"2","Threshold":"-1.2691"},{"ItemResponseOID":"F8209987-B24C-4096-B87B-5D6317390185","StepOrder":"3","Threshold":"-0.2813"},{"ItemResponseOID":"81EF2EF4-05B4-4315-855C-1558F3A7D534","StepOrder":"4","Threshold":"0.6966"}]},{"FormItemOID":"F62DAF1C-C717-4AA8-B99F-E75221ADE47F","ID":"INF-CaPS4","A_GRM":"2.57927","Map":[{"ItemResponseOID":"6B4A97D4-01DC-494A-A7C9-099335F268C6","StepOrder":"1","Threshold":"-1.8133"},{"ItemResponseOID":"77970F6E-45DA-4BB8-ABFF-ECE16F0E81D0","StepOrder":"2","Threshold":"-0.8763"},{"ItemResponseOID":"C3BE4B1F-B98C-438C-880D-4F58227F2200","StepOrder":"3","Threshold":"0.3162"},{"ItemResponseOID":"C68350E9-0A2A-4260-9484-BDFAD484336B","StepOrder":"4","Threshold":"1.3779"}]}]}
