{"FormOID":"4AFAF9D2-8D23-419E-9094-8B89D47A6A90","Form":"8 item Pediatric Anxiety Short Form","Properties":[{"MinNumItems":"8"},{"MaxNumItems":"8"},{"IRTModel":"0"},{"SelectionMethod":"1"},{"MinTheta":"-4.00"},{"MaxTheta":"4.00"},{"ThetaIncrement":"0.1000"},{"MaxStdErr":"0.30"},{"SelectionGroupSize":"1"},{"LogisticScaling":"1.0000"},{"DistMean":"0.00"},{"DistStdDev":"1.00"},{"FirstItem":""},{"CalibrationSample":"PROMIS Pediatric"},{"SetSelectionMethod":"Instance"}],"Items":[{"FormItemOID":"038566E7-4973-444E-AAFF-83A41FC98A19","ID":"2220R2","A_GRM":"1.71273","Map":[{"ItemResponseOID":"1464F1C4-C890-454E-947A-0E5A3FBEC9DD","StepOrder":"0","Threshold":"-0.4315"},{"ItemResponseOID":"366C2945-B2E3-47E1-BBD3-68818394C32A","StepOrder":"1","Threshold":"0.5121"},{"ItemResponseOID":"1A7D4040-43B7-473F-9EDE-9F08BBD36A8C","StepOrder":"2","Threshold":"1.7544"},{"ItemResponseOID":"936AFBA6-752E-4309-BBA9-E0501DFC6043","StepOrder":"3","Threshold":"2.6483"}]},{"FormItemOID":"1AA2E5E2-F39E-4DB6-AA8E-B3E41E26E719","ID":"3150bR2","A_GRM":"1.82871","Map":[{"ItemResponseOID":"4EB02E4E-B184-4BEC-9365-226E5FE2CF87","StepOrder":"0","Threshold":"0.2539"},{"ItemResponseOID":"93D6B1A1-CE24-4980-AADD-FCA51622A429","StepOrder":"1","Threshold":"0.9140"},{"ItemResponseOID":"E8217108-4C03-4096-9E1E-51A006F9FEE5","StepOrder":"2","Threshold":"1.8276"},{"ItemResponseOID":"FAE4A982-30FD-438A-91A8-CBFEAB45271F","StepOrder":"3","Threshold":"2.5670"}]},{"FormItemOID":"3C742FE6-DB51-4B73-AB90-99FEE057BE8C","ID":"5044R1","A_GRM":"1.80540","Map":[{"ItemResponseOID":"7A891D4D-6E84-418A-883C-5320D9FC4276","StepOrder":"0","Threshold":"-0.7840"},{"ItemResponseOID":"F162BF60-AD50-41B1-B828-57B8DFB7497E","StepOrder":"1","Threshold":"0.2506"},{"ItemResponseOID":"C2D370B0-CF70-422B-B58A-E34B2D57E8A2","StepOrder":"2","Threshold":"1.5896"},{"ItemResponseOID":"764B74AC-084D-497B-BB02-17A79FC68A0D","StepOrder":"3","Threshold":"2.6525"}]},{"FormItemOID":"6275AA83-DCEE-4ACB-86F1-7A35CFC46F50","ID":"227bR1","A_GRM":"1.88971","Map":[{"ItemResponseOID":"D7D6098B-4360-45C7-967E-0CCF1BB14811","StepOrder":"0","Threshold":"-0.2524"},{"ItemResponseOID":"6D99C48C-06A6-4B12-B0B4-1D583DFAD02A","StepOrder":"1","Threshold":"0.5948"},{"ItemResponseOID":"1030CB1F-8154-453C-8DF8-CD1ADEF86D04","StepOrder":"2","Threshold":"1.7156"},{"ItemResponseOID":"5FA43979-BEEE-460B-89BD-ECB09D065CBE","StepOrder":"3","Threshold":"2.5163"}]},{"FormItemOID":"B2DF8398-9700-4165-92E6-9C5C48E51B5E","ID":"3459bR1","A_GRM":"1.64033","Map":[{"ItemResponseOID":"99996BD1-F0DA-4F0B-BE7C-B1DA8627BECE","StepOrder":"0","Threshold":"0.4015"},{"ItemResponseOID":"8B8E1C7D-9A4D-4B9C-84BE-D747AB364360","StepOrder":"1","Threshold":"1.2170"},{"ItemResponseOID":"66032ECA-3C12-4C06-B9C4-3F6FA6691052","StepOrder":"2","Threshold":"2.6107"},{"ItemResponseOID":"08D0529B-F102-433B-A8CE-828398D6C0EE","StepOrder":"3","Threshold":"3.2957"}]},{"FormItemOID":"CC66C9C8-B5E3-4147-AB39-B0546953D057","ID":"2230R1","A_GRM":"1.48993","Map":[{"ItemResponseOID":"C1BE3C60-0383-456E-A5FB-85D3DA577A18","StepOrder":"0","Threshold":"0.2950"},{"ItemResponseOID":"A9861582-3ACE-404B-8E99-118B98BB1E95","StepOrder":"1","Threshold":"1.1594"},{"ItemResponseOID":"C770674D-EFFC-4796-943B-003CEC64066C","StepOrder":"2","Threshold":"2.0685"},{"ItemResponseOID":"6FF99D6E-7C84-41F8-BE5B-36677AEE99AF","StepOrder":"3","Threshold":"2.7400"}]},{"FormItemOID":"CE833CB4-F1E7-4DD2-B9EE-465A056E5938","ID":"231R1","A_GRM":"1.84156","Map":[{"ItemResponseOID":"85337F0A-548C-4464-84FF-E4AD3F884414","StepOrder":"0","Threshold":"-0.2383"},{"ItemResponseOID":"5EF95F9D-5D69-4104-B09D-70EF82D63852","StepOrder":"1","Threshold":"0.4826"},{"ItemResponseOID":"C65F6576-EBB7-4D7D-902B-E29EDA125BEC","StepOrder":"2","Threshold":"1.5372"},{"ItemResponseOID":"35F04218-630B-4550-B2C0-653BC7E238EC","StepOrder":"3","Threshold":"2.2129"}]},{"FormItemOID":"FA267820-38B1-4383-B6E5-D4CECDE29B20","ID":"713R1","A_GRM":"1.50953","Map":[{"ItemResponseOID":"58725255-8C8E-49F9-A136-3D47818E1582","StepOrder":"0","Threshold":"-0.8533"},{"ItemResponseOID":"4F3903CB-3F67-4306-AD10-F9C58C01D551","StepOrder":"1","Threshold":"0.1793"},{"ItemResponseOID":"9D040333-B78A-4160-9433-5661531251CE","StepOrder":"2","Threshold":"1.8578"},{"ItemResponseOID":"4A17E010-2655-4CA1-9013-0E8F2E900EAC","StepOrder":"3","Threshold":"2.8535"}]}]}
