{"FormOID":"5211C7AF-8F4A-4648-90A6-ECE5669AE0EF","Form":"PROMIS Ability to Participate Social bank Version 2","Properties":[{"MinNumItems":"4"},{"MaxNumItems":"12"},{"IRTModel":"0"},{"SelectionMethod":"1"},{"MinTheta":"-4.00"},{"MaxTheta":"4.00"},{"ThetaIncrement":"0.1000"},{"MaxStdErr":"0.30"},{"SelectionGroupSize":"1"},{"LogisticScaling":"1.0000"},{"DistMean":"0.00"},{"DistStdDev":"1.00"},{"FirstItem":""},{"CalibrationSample":"Social Supplement"},{"SetSelectionMethod":"FormDefault"}],"Items":[{"FormItemOID":"0504FD67-E3B4-49E6-A6DD-89A343D6A75A","ID":"RP6","A_GRM":"3.44889","Map":[{"ItemResponseOID":"270AB1AC-FB2E-4D02-B27C-4D2B7BCCB418","StepOrder":"1","Threshold":"-1.9876"},{"ItemResponseOID":"22E7364C-1903-4C28-A29F-06F7ED27E3E9","StepOrder":"2","Threshold":"-1.3518"},{"ItemResponseOID":"0C358E4D-A8C8-4994-B074-AA84B193EB94","StepOrder":"3","Threshold":"-0.3240"},{"ItemResponseOID":"1C8CE84A-E10F-4D02-8F3B-E66573265DDE","StepOrder":"4","Threshold":"0.6475"}]},{"FormItemOID":"119CADD4-3B49-4CD5-A7C0-2B15B224EBAC","ID":"SRPPER26_CaPS","A_GRM":"4.47467","Map":[{"ItemResponseOID":"FAB98D17-18D3-4417-A07C-EC0B8805C322","StepOrder":"1","Threshold":"-1.5945"},{"ItemResponseOID":"8A4CB798-D7C0-4BCA-9C60-466E962DE808","StepOrder":"2","Threshold":"-1.0487"},{"ItemResponseOID":"FDC64A29-50E2-439F-A630-8A0AD04A9A19","StepOrder":"3","Threshold":"-0.1830"},{"ItemResponseOID":"9DE2B076-11F8-4C27-BA36-289FE8E99305","StepOrder":"4","Threshold":"0.5739"}]},{"FormItemOID":"12A40073-0EDD-4D7B-B3D6-B45F82FC42D4","ID":"RP1","A_GRM":"4.01176","Map":[{"ItemResponseOID":"7B6A3FC0-108B-4806-978A-0BBAEBC8B4B8","StepOrder":"1","Threshold":"-1.5764"},{"ItemResponseOID":"FCEAB3C8-E621-4E25-A45B-DED51FFD57D9","StepOrder":"2","Threshold":"-1.0349"},{"ItemResponseOID":"FCD7C658-33BA-4618-825E-61A2668485EC","StepOrder":"3","Threshold":"-0.1669"},{"ItemResponseOID":"B31F3412-DE0C-48F1-8A6A-7B9F953D6DC1","StepOrder":"4","Threshold":"0.5478"}]},{"FormItemOID":"13E75328-B6C2-459E-8EE6-19859D399F54","ID":"SRPPER04_CaPS","A_GRM":"3.84834","Map":[{"ItemResponseOID":"8678A9FF-F49A-468C-9808-3183C460322B","StepOrder":"1","Threshold":"-1.3756"},{"ItemResponseOID":"283B385A-C34B-46F8-A03C-9DB46F83EE79","StepOrder":"2","Threshold":"-0.7908"},{"ItemResponseOID":"E1F57B0E-A5AC-4726-816C-5C4D09EA2684","StepOrder":"3","Threshold":"-0.0239"},{"ItemResponseOID":"97D80440-0785-4355-9CB9-4ECA03AD5169","StepOrder":"4","Threshold":"0.6878"}]},{"FormItemOID":"19C566CB-EE12-4444-93B3-4BE63DFF09AE","ID":"SRPPER05_CaPS","A_GRM":"4.13076","Map":[{"ItemResponseOID":"651E94B2-7AB2-4E0D-AAA5-2111B449F0CE","StepOrder":"1","Threshold":"-1.6600"},{"ItemResponseOID":"DCBCFD8B-A2DD-434D-81BB-E9F0FEBA0B4C","StepOrder":"2","Threshold":"-1.1090"},{"ItemResponseOID":"D203A71E-2115-4C15-90BE-6E8DF40BBEDB","StepOrder":"3","Threshold":"-0.2105"},{"ItemResponseOID":"8F5F356F-D2FC-4DF3-8568-31F67BD6C367","StepOrder":"4","Threshold":"0.5570"}]},{"FormItemOID":"28551251-B264-4985-8582-F218D25A17F3","ID":"SRPPER20_CaPS","A_GRM":"4.18468","Map":[{"ItemResponseOID":"B6D508B9-86CF-455D-AD43-56FB13956841","StepOrder":"1","Threshold":"-1.7754"},{"ItemResponseOID":"A234ECB7-93F3-41AD-A36D-E6264215A05A","StepOrder":"2","Threshold":"-1.1624"},{"ItemResponseOID":"515C9A69-5C92-4686-B733-92584B846BBD","StepOrder":"3","Threshold":"-0.2306"},{"ItemResponseOID":"8707D9EC-8649-4046-BD67-909B31497452","StepOrder":"4","Threshold":"0.5920"}]},{"FormItemOID":"2A1F1D92-9020-4B6E-AB30-3D3D66688526","ID":"SRPPER35_CaPS","A_GRM":"4.12374","Map":[{"ItemResponseOID":"B86F5298-8BC0-4797-98B6-0E662E089004","StepOrder":"1","Threshold":"-1.7711"},{"ItemResponseOID":"B1C5CC1B-15D6-49BD-9E48-B88AAC4CFE73","StepOrder":"2","Threshold":"-1.1032"},{"ItemResponseOID":"887869A2-AC56-4CEF-8A60-F62CFD94CD04","StepOrder":"3","Threshold":"-0.1312"},{"ItemResponseOID":"588BECF6-DF5E-42FA-8FED-21C62EB17002","StepOrder":"4","Threshold":"0.6596"}]},{"FormItemOID":"2E4F64D4-D35E-428D-9C97-6C727841C65D","ID":"SRPPER31_CaPS","A_GRM":"3.53615","Map":[{"ItemResponseOID":"D9299C10-6371-402C-9EBF-C5FC2BC3C21F","StepOrder":"1","Threshold":"-1.9671"},{"ItemResponseOID":"9F1B8B0A-16DB-43CA-83BD-BB5116134750","StepOrder":"2","Threshold":"-1.4781"},{"ItemResponseOID":"A540F81A-DF6B-4A2A-95A1-BDBC281D562E","StepOrder":"3","Threshold":"-0.6276"},{"ItemResponseOID":"83489952-279D-418D-9573-14787DA1A7C9","StepOrder":"4","Threshold":"0.2317"}]},{"FormItemOID":"33894107-2922-4B5D-AF17-C9F2F3A051BC","ID":"SRPPER54_CaPS","A_GRM":"3.95553","Map":[{"ItemResponseOID":"98E6D081-9B6D-49DB-8F9A-D68361917C5F","StepOrder":"1","Threshold":"-1.7851"},{"ItemResponseOID":"5AEFC073-3978-4E9F-88FB-0FCC7A4151FD","StepOrder":"2","Threshold":"-1.1774"},{"ItemResponseOID":"9AFAD0FE-8FE9-4270-AE58-A5C6CB0B828F","StepOrder":"3","Threshold":"-0.1892"},{"ItemResponseOID":"9D7FFDA4-A229-4B74-8FC1-08EA4951A1DE","StepOrder":"4","Threshold":"0.5908"}]},{"FormItemOID":"35802DDF-6FED-4A4E-A602-756050B3AA23","ID":"SRPPER28r1","A_GRM":"4.47040","Map":[{"ItemResponseOID":"1D3C3DBB-BB44-4C3A-ADFF-8A3A5F92495C","StepOrder":"1","Threshold":"-1.6329"},{"ItemResponseOID":"F7F3D791-C267-4B97-BC3C-9C768DBB76CE","StepOrder":"2","Threshold":"-1.0460"},{"ItemResponseOID":"8D005C34-BCFA-4FDF-A1D8-75493C598874","StepOrder":"3","Threshold":"-0.2051"},{"ItemResponseOID":"DE638A42-A6FD-419F-9958-E2A3ED59BBA2","StepOrder":"4","Threshold":"0.5203"}]},{"FormItemOID":"37B4D0F1-1F1D-4F31-B020-39FB261E8499","ID":"SRPPER42r1","A_GRM":"3.37831","Map":[{"ItemResponseOID":"C4CC5252-6228-4663-8DB9-BAC544C89F85","StepOrder":"1","Threshold":"-1.7501"},{"ItemResponseOID":"666A438B-21C6-4C74-9EDD-BEC33F380D8F","StepOrder":"2","Threshold":"-1.0576"},{"ItemResponseOID":"C765874D-369B-4FCB-A29E-7149154F021A","StepOrder":"3","Threshold":"-0.2150"},{"ItemResponseOID":"F99EDA1A-A1BE-4097-A5A7-BE49066B3CD7","StepOrder":"4","Threshold":"0.4473"}]},{"FormItemOID":"37D79AE5-B9F5-4365-A4AB-A9054C5821C3","ID":"SRPPER11_CaPS","A_GRM":"4.87596","Map":[{"ItemResponseOID":"98BE2D88-5866-47A9-AE14-E1B094737B4C","StepOrder":"1","Threshold":"-1.6803"},{"ItemResponseOID":"AA7B3089-62F5-479C-B34F-8E8E9B7FDB12","StepOrder":"2","Threshold":"-1.0520"},{"ItemResponseOID":"32571B39-1C3E-4A41-9380-96ED9347E978","StepOrder":"3","Threshold":"-0.2255"},{"ItemResponseOID":"CE5B6D74-DAD9-4C77-BB03-5119606DA753","StepOrder":"4","Threshold":"0.5466"}]},{"FormItemOID":"406AD59F-397B-442C-80F1-8C529A5BD543","ID":"SRPPER14r1","A_GRM":"4.42718","Map":[{"ItemResponseOID":"96B59688-0961-47F4-B58A-134731C5AADF","StepOrder":"1","Threshold":"-1.7377"},{"ItemResponseOID":"0B7181B6-FC5D-4FE8-BC7F-0EB45BCFC347","StepOrder":"2","Threshold":"-1.1470"},{"ItemResponseOID":"946793FD-41E8-42A1-B29C-1C78DA8AFF29","StepOrder":"3","Threshold":"-0.3328"},{"ItemResponseOID":"3950BC66-504B-43FD-B1A6-A5729E85C971","StepOrder":"4","Threshold":"0.3693"}]},{"FormItemOID":"4812E9C2-9258-4B6D-8B8B-E018151D1F45","ID":"SRPPER47_CaPS","A_GRM":"4.06970","Map":[{"ItemResponseOID":"61E9D5C8-4BC6-48FC-BE70-DEDC193576D9","StepOrder":"1","Threshold":"-1.5787"},{"ItemResponseOID":"8C5A6232-D241-4BDF-BB5A-5A82D84B4D03","StepOrder":"2","Threshold":"-1.0734"},{"ItemResponseOID":"097A879A-02E7-401D-9A2A-82FC8A3FA78F","StepOrder":"3","Threshold":"-0.2034"},{"ItemResponseOID":"B3613290-6D32-4107-AE1E-50F04EDAA584","StepOrder":"4","Threshold":"0.5374"}]},{"FormItemOID":"4831B0E6-B444-4D0A-884B-AAFC8081031B","ID":"SRPPER36_CaPS","A_GRM":"4.18924","Map":[{"ItemResponseOID":"A7BA549E-92F8-47C7-827B-CDAA97AC1FAA","StepOrder":"1","Threshold":"-1.6870"},{"ItemResponseOID":"E33473F9-F73A-455C-B070-DC66D71FC699","StepOrder":"2","Threshold":"-1.0828"},{"ItemResponseOID":"C52CEA73-997F-4FC0-8158-356CD0EC98B4","StepOrder":"3","Threshold":"-0.2357"},{"ItemResponseOID":"D40AA1C1-C578-4247-A103-41AFB1D8F708","StepOrder":"4","Threshold":"0.5969"}]},{"FormItemOID":"4FCD0897-3173-4793-8C21-565517B27985","ID":"SRPPER08_CaPS","A_GRM":"4.26496","Map":[{"ItemResponseOID":"E6934E89-3397-4037-BDBB-E6613E58AAFA","StepOrder":"1","Threshold":"-1.7278"},{"ItemResponseOID":"61065F1B-98D1-450E-8FE7-786CB7D7E50B","StepOrder":"2","Threshold":"-1.1780"},{"ItemResponseOID":"AF5214E0-1600-4869-A4BB-3B030EA980ED","StepOrder":"3","Threshold":"-0.3380"},{"ItemResponseOID":"18F06D96-9006-464D-A1AD-FBF6164D7BEF","StepOrder":"4","Threshold":"0.4489"}]},{"FormItemOID":"57277630-8FDB-4691-8BEF-D64C22DDD388","ID":"SRPPER03r1","A_GRM":"3.94611","Map":[{"ItemResponseOID":"1A0613C3-9049-444E-B755-1E2DF2B183AC","StepOrder":"1","Threshold":"-1.5603"},{"ItemResponseOID":"E532ED57-8119-4A61-9564-4A29E6D202CD","StepOrder":"2","Threshold":"-0.9757"},{"ItemResponseOID":"18FD0646-7DA1-4866-8F59-EDADDE35926E","StepOrder":"3","Threshold":"-0.1765"},{"ItemResponseOID":"B2A95EC1-3998-4637-B350-9B3C39537EE1","StepOrder":"4","Threshold":"0.5399"}]},{"FormItemOID":"67E01D26-1DF5-4A2B-8BA6-408A9356ED6E","ID":"SRPPER02r1","A_GRM":"3.91748","Map":[{"ItemResponseOID":"6C9D943A-7176-4D45-91A2-1024D359E3A8","StepOrder":"1","Threshold":"-1.5268"},{"ItemResponseOID":"079113B5-0AE5-42EB-A145-D01A08D9A410","StepOrder":"2","Threshold":"-0.9866"},{"ItemResponseOID":"AC765066-3E2C-4835-9329-70CF4A1433BD","StepOrder":"3","Threshold":"-0.2013"},{"ItemResponseOID":"BA16944B-3AEA-4DC9-B072-023970DDA09C","StepOrder":"4","Threshold":"0.5012"}]},{"FormItemOID":"72C0DDC8-C635-4980-AA04-4672A8B38DAF","ID":"SRPPER16r1","A_GRM":"2.98607","Map":[{"ItemResponseOID":"9AAA69EB-D976-47B0-86F5-2F9086B4AE84","StepOrder":"1","Threshold":"-1.4393"},{"ItemResponseOID":"CB89C679-9772-4ADE-A950-C8DFC5077276","StepOrder":"2","Threshold":"-0.7338"},{"ItemResponseOID":"975A93F8-3BC9-4718-BC45-014295A15015","StepOrder":"3","Threshold":"0.0467"},{"ItemResponseOID":"009D1285-00F6-4E81-B51F-8C9F4A352575","StepOrder":"4","Threshold":"0.7170"}]},{"FormItemOID":"759D4428-4A7C-41C9-8987-894F505605D0","ID":"SRPPER01r1","A_GRM":"3.28145","Map":[{"ItemResponseOID":"BCC804FC-2A33-4996-B952-8A9BD20334ED","StepOrder":"1","Threshold":"-1.9576"},{"ItemResponseOID":"1992D932-A2F2-4A7B-A1A7-A2C912910045","StepOrder":"2","Threshold":"-1.4635"},{"ItemResponseOID":"A1839550-A09E-4B31-8F61-418B61DE53C3","StepOrder":"3","Threshold":"-0.4942"},{"ItemResponseOID":"F7533308-F3CA-4032-9B6C-C487E5D8D3FD","StepOrder":"4","Threshold":"0.3716"}]},{"FormItemOID":"7C68ACF1-0971-4B81-BA41-27C20BC8B975","ID":"SRPPER15_CaPS","A_GRM":"4.41656","Map":[{"ItemResponseOID":"088D25F9-C193-414B-9200-230F72E3BBBA","StepOrder":"1","Threshold":"-1.5129"},{"ItemResponseOID":"8165FA8E-F5FC-4E11-AC95-733AD0DAAF57","StepOrder":"2","Threshold":"-0.9691"},{"ItemResponseOID":"2E7EBE0A-CC23-48CE-BE6E-777E5C97CEBA","StepOrder":"3","Threshold":"-0.1008"},{"ItemResponseOID":"F41102F4-EEEB-4398-9920-E10683523D39","StepOrder":"4","Threshold":"0.6221"}]},{"FormItemOID":"8B851444-2BDA-424F-AE45-4964491FBDB8","ID":"SRPPER23_CaPS","A_GRM":"4.28248","Map":[{"ItemResponseOID":"5B8F95AE-6803-47AA-B7CF-95094AE01B57","StepOrder":"1","Threshold":"-1.5796"},{"ItemResponseOID":"BEB0FAC1-6B78-4EAA-9A83-6999C0154843","StepOrder":"2","Threshold":"-1.0344"},{"ItemResponseOID":"BFED6B5A-018E-41CE-9240-C1BDCC1F9125","StepOrder":"3","Threshold":"-0.1992"},{"ItemResponseOID":"DCBFA676-6D83-4BF5-B583-75F6FCE7D7C5","StepOrder":"4","Threshold":"0.5778"}]},{"FormItemOID":"9843F0B5-286C-48B6-8FAB-CC0ED8E5836F","ID":"SRPPER43r1","A_GRM":"1.98522","Map":[{"ItemResponseOID":"C461DD37-3FDF-4E72-B603-3FB473F0CC4A","StepOrder":"1","Threshold":"-2.3985"},{"ItemResponseOID":"FE22048C-11F4-489F-9B67-C289EBBAF030","StepOrder":"2","Threshold":"-1.5744"},{"ItemResponseOID":"6F73F7CC-CAA1-417C-829F-0318C84803C7","StepOrder":"3","Threshold":"-0.3874"},{"ItemResponseOID":"0A437741-9919-416C-ABAD-4DE8B517CBB1","StepOrder":"4","Threshold":"0.5511"}]},{"FormItemOID":"B259F228-0532-4BD9-AFA6-8659250E441E","ID":"SRPPER17r1","A_GRM":"2.54589","Map":[{"ItemResponseOID":"C7DABEEE-E628-44A9-8EAD-BAFD9AEA2150","StepOrder":"1","Threshold":"-2.1153"},{"ItemResponseOID":"DABECEE4-F81F-491B-BFDD-6B8E7A32AB4E","StepOrder":"2","Threshold":"-1.4374"},{"ItemResponseOID":"A01DB41A-DAF7-49B2-8B3F-69E4A32D1C4E","StepOrder":"3","Threshold":"-0.4519"},{"ItemResponseOID":"56099C47-920B-46BA-AAB6-5801463B8F9F","StepOrder":"4","Threshold":"0.4638"}]},{"FormItemOID":"B63D812E-2D26-4D5B-B0F8-94CEE736710D","ID":"SRPPER21_CaPS","A_GRM":"4.39567","Map":[{"ItemResponseOID":"1930D17A-5754-44A3-9E2D-1025898732B2","StepOrder":"1","Threshold":"-1.6261"},{"ItemResponseOID":"DA363FE1-5314-433E-AA7B-8DEC29899EB1","StepOrder":"2","Threshold":"-0.9343"},{"ItemResponseOID":"0872B135-1F0E-45ED-8CF7-3E3230DCE504","StepOrder":"3","Threshold":"-0.0906"},{"ItemResponseOID":"497D1AA7-D526-4F46-8AB1-08E1726AB4C1","StepOrder":"4","Threshold":"0.6629"}]},{"FormItemOID":"BFC3ADB8-8D13-48AD-B1EF-BC1CE1D99A23","ID":"SRPPER46_CaPS","A_GRM":"4.53179","Map":[{"ItemResponseOID":"00D789A7-7D8D-4771-B968-22B7BBCC68C6","StepOrder":"1","Threshold":"-1.6084"},{"ItemResponseOID":"2A2E8159-A2B5-4A79-94E9-9B5B98383DE8","StepOrder":"2","Threshold":"-1.0076"},{"ItemResponseOID":"85FB0B4C-BE99-4A01-BF05-85A7E7FA351F","StepOrder":"3","Threshold":"-0.1464"},{"ItemResponseOID":"C7E5A094-77C2-4889-A772-0F12734C8C3D","StepOrder":"4","Threshold":"0.6376"}]},{"FormItemOID":"C1EC7A5F-4B7D-4D87-AFCA-83B9A7011715","ID":"SRPPER09_CaPS","A_GRM":"3.93819","Map":[{"ItemResponseOID":"94B68428-E484-415D-934D-E4C35FFBB95B","StepOrder":"1","Threshold":"-1.5471"},{"ItemResponseOID":"25860C30-583A-42FD-A51A-1B7C117B1941","StepOrder":"2","Threshold":"-0.9835"},{"ItemResponseOID":"9275DFDA-067A-4C92-8FA4-66A7FB5A000F","StepOrder":"3","Threshold":"-0.1037"},{"ItemResponseOID":"C7B68007-38B0-4EC8-8BDB-83421A4AB2DC","StepOrder":"4","Threshold":"0.6224"}]},{"FormItemOID":"C48A73B5-72FC-46E9-BBB6-6A2633160079","ID":"SRPPER22_CaPS","A_GRM":"4.07183","Map":[{"ItemResponseOID":"71D1D438-AB34-4F5A-9649-7ADCB5C480C6","StepOrder":"1","Threshold":"-1.8837"},{"ItemResponseOID":"BAC40347-8ADE-40B0-9C45-CB45819BFCDB","StepOrder":"2","Threshold":"-1.3175"},{"ItemResponseOID":"A2C15F5B-C9AF-43B0-899D-FF7E123EA502","StepOrder":"3","Threshold":"-0.4565"},{"ItemResponseOID":"559677D9-8DC7-4C0B-BD83-84084591CAA8","StepOrder":"4","Threshold":"0.3636"}]},{"FormItemOID":"C5682E4F-35F8-445E-B95E-AD1974410BC7","ID":"SRPPER18_CaPS","A_GRM":"4.53432","Map":[{"ItemResponseOID":"D32EF8EB-5B00-43C0-8872-24BAC0C521FA","StepOrder":"1","Threshold":"-1.6376"},{"ItemResponseOID":"88DA84BE-D013-4E89-A1A3-B5D91A0FA2A5","StepOrder":"2","Threshold":"-1.0479"},{"ItemResponseOID":"935549BB-66F0-470D-B64B-248F10C70387","StepOrder":"3","Threshold":"-0.1830"},{"ItemResponseOID":"3CB6C365-CBA5-42D4-93D0-B0C20FB50B88","StepOrder":"4","Threshold":"0.5453"}]},{"FormItemOID":"CC659F79-281C-41F7-9518-2A557BB3A637","ID":"SRPPER07_CaPS","A_GRM":"4.46557","Map":[{"ItemResponseOID":"1AABA2E8-02F8-46F9-B1E3-AAA77911925D","StepOrder":"1","Threshold":"-1.6722"},{"ItemResponseOID":"3FB38F9F-D2E5-413C-ACF6-1B4D708B97CD","StepOrder":"2","Threshold":"-1.0892"},{"ItemResponseOID":"2EAD2FD1-C3BB-4C11-9800-23C10275F8BD","StepOrder":"3","Threshold":"-0.2150"},{"ItemResponseOID":"294ED164-07C4-4CEA-AA40-C516FDD4AC53","StepOrder":"4","Threshold":"0.5521"}]},{"FormItemOID":"D70D4496-A91A-465A-8684-9D6BC58DFD32","ID":"SRPPER13_CaPS","A_GRM":"3.70845","Map":[{"ItemResponseOID":"386A4BAD-87F8-44C0-84E9-882E657111B9","StepOrder":"1","Threshold":"-1.6820"},{"ItemResponseOID":"DFB01322-5F3E-46F7-9109-8C14BBA3050C","StepOrder":"2","Threshold":"-1.0596"},{"ItemResponseOID":"D1971F81-8D49-43D3-BEA8-52B4E97B904B","StepOrder":"3","Threshold":"-0.2194"},{"ItemResponseOID":"9389F0F0-3AAC-4398-BE96-C65AD5B6A817","StepOrder":"4","Threshold":"0.5255"}]},{"FormItemOID":"EAA7466F-02DC-4380-80B3-4DD4CD5900DC","ID":"SRPPER37_CaPS","A_GRM":"4.26631","Map":[{"ItemResponseOID":"6B4DF445-6E2E-4A01-82D4-B4970DB3CD24","StepOrder":"1","Threshold":"-1.4843"},{"ItemResponseOID":"D2BBEC83-6B31-4C36-B497-840EAE86DE0E","StepOrder":"2","Threshold":"-0.9451"},{"ItemResponseOID":"9B61F6A4-31FE-479E-AB61-EF01F7D6E92B","StepOrder":"3","Threshold":"-0.0667"},{"ItemResponseOID":"083BC655-FDD1-4BCA-8A77-2A2314FF42A5","StepOrder":"4","Threshold":"0.6416"}]},{"FormItemOID":"F6503549-0630-4CD3-94EE-3AC998226549","ID":"SRPPER06_CaPS","A_GRM":"4.07399","Map":[{"ItemResponseOID":"482BEE76-D457-4355-ABA2-952D05F33CF7","StepOrder":"1","Threshold":"-1.6205"},{"ItemResponseOID":"5C766E70-192A-46F1-A168-2E269A7A6247","StepOrder":"2","Threshold":"-1.0686"},{"ItemResponseOID":"97A7E016-33B4-4671-9BA4-7BC1D5F2B1F2","StepOrder":"3","Threshold":"-0.2087"},{"ItemResponseOID":"2EB24E43-F099-44F9-9119-821937DE570E","StepOrder":"4","Threshold":"0.5451"}]},{"FormItemOID":"F68044CC-C3A4-4FD1-AD26-6518619B2E3E","ID":"SRPPER_CaPS1","A_GRM":"3.92295","Map":[{"ItemResponseOID":"C4EAA229-5216-431C-B653-280A0FD62D0F","StepOrder":"1","Threshold":"-1.7170"},{"ItemResponseOID":"2F429409-847F-489B-AB5F-D9F754187EF2","StepOrder":"2","Threshold":"-1.0909"},{"ItemResponseOID":"AED02145-FDD7-4F1E-BBE3-383AD95D23D6","StepOrder":"3","Threshold":"-0.3468"},{"ItemResponseOID":"4D8FB14B-D4D7-4ECD-9ECE-543527E332C8","StepOrder":"4","Threshold":"0.3879"}]},{"FormItemOID":"F83681C4-8975-4B13-A5BA-47841F1B011E","ID":"SRPPER55r1","A_GRM":"2.48645","Map":[{"ItemResponseOID":"93524E35-41FE-472E-8192-4BA81D054D03","StepOrder":"1","Threshold":"-1.9148"},{"ItemResponseOID":"696823B8-1BFE-4469-A177-A1ED8BCAE43D","StepOrder":"2","Threshold":"-1.0961"},{"ItemResponseOID":"FE3BA6D2-B959-4182-BD71-53A11542D844","StepOrder":"3","Threshold":"-0.1530"},{"ItemResponseOID":"70BD52EC-465D-4DE4-B077-4D0E6ADBB6F0","StepOrder":"4","Threshold":"0.7300"}]}]}
