{"FormOID":"5463216C-C1FE-4BFA-AE86-B7C8C6B15930","Form":"This is an 6-item short form in Applied Cognition-Abilities","Properties":[{"MinNumItems":"6"},{"MaxNumItems":"6"},{"IRTModel":"0"},{"SelectionMethod":"1"},{"MinTheta":"-4.00"},{"MaxTheta":"4.00"},{"ThetaIncrement":"0.1000"},{"MaxStdErr":"0.30"},{"SelectionGroupSize":"1"},{"LogisticScaling":"1.0000"},{"DistMean":"0.00"},{"DistStdDev":"1.00"},{"FirstItem":""},{"CalibrationSample":"Cancer Suppliment Calibration"},{"SetSelectionMethod":"Instance"}],"Items":[{"FormItemOID":"1126CF10-24D1-422D-8E58-79DBCD7F03CD","ID":"PC47_2","A_GRM":"3.96230","Map":[{"ItemResponseOID":"D0C7E09C-DAF2-4AE8-B1A1-FFE911F92C7A","StepOrder":"1","Threshold":"-1.5299"},{"ItemResponseOID":"31306D14-EAF3-4143-9BA6-7752FC5A9811","StepOrder":"2","Threshold":"-0.9995"},{"ItemResponseOID":"EA119FE7-B7F0-4ACE-892B-2CF080E350B9","StepOrder":"3","Threshold":"-0.2587"},{"ItemResponseOID":"44CF520C-F17A-45B6-A55C-A130A4A43ADD","StepOrder":"4","Threshold":"0.5190"}]},{"FormItemOID":"4F13D1E2-5EA9-4AAC-8275-78450AEA329A","ID":"PC44_2","A_GRM":"4.46652","Map":[{"ItemResponseOID":"B7725C19-B8C8-499D-9AD6-3E0CA6752968","StepOrder":"1","Threshold":"-1.1795"},{"ItemResponseOID":"329F4ADA-B2AD-4608-AD48-B56E8749CA72","StepOrder":"2","Threshold":"-0.7908"},{"ItemResponseOID":"AC363934-CBF5-4D44-9589-B9D154F86FDE","StepOrder":"3","Threshold":"-0.1935"},{"ItemResponseOID":"178C76BF-3794-4373-B265-7A66BA8FD3FB","StepOrder":"4","Threshold":"0.5067"}]},{"FormItemOID":"A4711CFD-197A-466D-8E37-583437786E1A","ID":"PC6","A_GRM":"5.18421","Map":[{"ItemResponseOID":"CD8C7F72-7F09-4374-BED7-4132710F8E7B","StepOrder":"1","Threshold":"-1.9058"},{"ItemResponseOID":"107628BD-7B12-499A-852A-E540204D5118","StepOrder":"2","Threshold":"-1.1007"},{"ItemResponseOID":"4F744A6C-3C29-4771-9C8B-AC224B2EA661","StepOrder":"3","Threshold":"-0.3265"},{"ItemResponseOID":"74F63CA8-BC2F-41FE-8EC6-642CBB6BC857","StepOrder":"4","Threshold":"0.3917"}]},{"FormItemOID":"A650C2E4-1FBF-4DC5-B009-6563A8A36850","ID":"PC45_2","A_GRM":"4.59306","Map":[{"ItemResponseOID":"EB67C192-5C2E-43EB-9161-F3A836AB240B","StepOrder":"1","Threshold":"-1.2163"},{"ItemResponseOID":"95464EC2-360E-4445-ABED-DA39D077F17B","StepOrder":"2","Threshold":"-0.8521"},{"ItemResponseOID":"3C8FD4FE-A525-4501-BB53-2892C0E09631","StepOrder":"3","Threshold":"-0.2092"},{"ItemResponseOID":"F6B30653-EF7D-4E18-A977-4DBC356D5146","StepOrder":"4","Threshold":"0.5497"}]},{"FormItemOID":"F469B86C-E489-4857-918A-B8379C72CC80","ID":"PC-CaPS3","A_GRM":"5.22487","Map":[{"ItemResponseOID":"CA2BE049-7543-4A5C-99C4-B39709817501","StepOrder":"1","Threshold":"-1.3871"},{"ItemResponseOID":"90BA6F4C-254A-46B8-AF46-3B2178DB0386","StepOrder":"2","Threshold":"-0.9931"},{"ItemResponseOID":"47CF63E8-04B4-4488-BE8B-E201980457D8","StepOrder":"3","Threshold":"-0.3390"},{"ItemResponseOID":"A63014B5-CA36-40FA-9E72-97CA5866D325","StepOrder":"4","Threshold":"0.3329"}]},{"FormItemOID":"F5334ED1-04F6-45A5-BFEE-54663AEFE63B","ID":"PC43_2","A_GRM":"5.22086","Map":[{"ItemResponseOID":"96214354-0836-45DA-9634-9B0F43790EBD","StepOrder":"1","Threshold":"-1.2466"},{"ItemResponseOID":"E2207168-C50A-4EA7-800C-3C14C57B3316","StepOrder":"2","Threshold":"-0.9054"},{"ItemResponseOID":"2D409C20-D2E0-4118-83E2-8DA90090A233","StepOrder":"3","Threshold":"-0.2232"},{"ItemResponseOID":"81DEA45E-9DC5-4098-B62B-5DEDEA33FA9A","StepOrder":"4","Threshold":"0.4819"}]}]}
