{"FormOID":"56296D2D-C919-40F1-AFC7-6F544FCA7772","Form":"Creation of a new version of Physical Function that accommodates 19 revisions, in preparation of Spanish translations.","Properties":[{"MinNumItems":"4"},{"MaxNumItems":"12"},{"IRTModel":"0"},{"SelectionMethod":"1"},{"MinTheta":"-4.00"},{"MaxTheta":"4.00"},{"ThetaIncrement":"0.1000"},{"MaxStdErr":"0.30"},{"SelectionGroupSize":"1"},{"LogisticScaling":"1.0000"},{"DistMean":"0.00"},{"DistStdDev":"1.00"},{"FirstItem":""},{"CalibrationSample":"Promis Wave 1"},{"SetSelectionMethod":"Instance"}],"Items":[{"FormItemOID":"01B927D4-B3CB-4CBF-89B9-84B7507392A1","ID":"PFA53","A_GRM":"4.43957","Map":[{"ItemResponseOID":"1225C318-7D2D-4DE3-BE9A-379A13C37287","StepOrder":"2","Threshold":"-2.5460"},{"ItemResponseOID":"714983D6-C592-45CC-BB8D-25113917F817","StepOrder":"3","Threshold":"-1.9738"},{"ItemResponseOID":"30268CD3-7651-4714-BCF5-84EB6EFD205D","StepOrder":"4","Threshold":"-1.4509"},{"ItemResponseOID":"E0F29A0B-2D24-4C03-B739-5906045A7370","StepOrder":"5","Threshold":"-0.8195"}]},{"FormItemOID":"04DA80EC-7FDB-43BF-A992-0E3DECD0B169","ID":"PFB41","A_GRM":"2.08802","Map":[{"ItemResponseOID":"959A2F49-C3A2-47B7-88C5-19A49AB5A300","StepOrder":"2","Threshold":"-3.6609"},{"ItemResponseOID":"72783656-7662-4474-8723-8244ACD37583","StepOrder":"3","Threshold":"-3.1676"},{"ItemResponseOID":"32ACE577-9C36-43AB-8384-D0B59AA46D95","StepOrder":"4","Threshold":"-2.6151"},{"ItemResponseOID":"97818B5C-5DEC-4E32-B11A-3EA1FBFEE97A","StepOrder":"5","Threshold":"-2.0231"}]},{"FormItemOID":"071FCDDE-17E5-44B7-9EB1-5A47987F13D4","ID":"PFC47","A_GRM":"2.30087","Map":[{"ItemResponseOID":"080F1C8F-ED2E-4C2C-8795-F48D7429354A","StepOrder":"2","Threshold":"-3.6806"},{"ItemResponseOID":"19103103-66A8-41EF-9E11-49B6D769AD70","StepOrder":"3","Threshold":"-3.0985"},{"ItemResponseOID":"59BB71F7-C7A3-4F78-84A2-B0A1489EADE4","StepOrder":"4","Threshold":"-2.3783"},{"ItemResponseOID":"40288D39-5B3B-4712-8C9D-1371B12C93C9","StepOrder":"5","Threshold":"-1.6877"}]},{"FormItemOID":"08232E65-1D1C-4A05-98C8-A11599CD85F5","ID":"PFA37","A_GRM":"3.49692","Map":[{"ItemResponseOID":"33FCAF17-3BF3-49BF-82A0-3739025F2D46","StepOrder":"2","Threshold":"-3.1380"},{"ItemResponseOID":"67A6144F-CBF4-45E3-9E38-F2BB1CAEBFBD","StepOrder":"3","Threshold":"-2.2796"},{"ItemResponseOID":"96A024D4-2B09-406F-A7C5-39BEADF48AC1","StepOrder":"4","Threshold":"-1.7666"},{"ItemResponseOID":"91BE4B56-C287-45A1-A524-BC6966223CCD","StepOrder":"5","Threshold":"-1.2240"}]},{"FormItemOID":"0B430820-5857-4005-ABED-0FC6B9F7248D","ID":"PFA9","A_GRM":"3.09148","Map":[{"ItemResponseOID":"F773CE59-6973-4DF6-8467-8CA47C5565D2","StepOrder":"2","Threshold":"-2.9209"},{"ItemResponseOID":"6887235B-5B86-4DFB-BABD-FAB7FA49B1C1","StepOrder":"3","Threshold":"-2.2106"},{"ItemResponseOID":"5F720166-14D6-42F2-8A77-F244669CF0DE","StepOrder":"4","Threshold":"-1.6285"},{"ItemResponseOID":"1839B63E-FE87-4360-8F1D-5F701D8AA60E","StepOrder":"5","Threshold":"-0.8984"}]},{"FormItemOID":"0B8F5CAB-15F5-4F2D-98CA-FF0603BF42EB","ID":"PFC53","A_GRM":"2.87862","Map":[{"ItemResponseOID":"615FB9F8-71A5-4F38-91D6-B618BD0464F3","StepOrder":"2","Threshold":"-3.5326"},{"ItemResponseOID":"3676B76B-3974-417F-881B-94AE3BFF51DC","StepOrder":"3","Threshold":"-2.7236"},{"ItemResponseOID":"B9E1E2A4-4E58-4B54-A9FA-D6EF8328C95F","StepOrder":"4","Threshold":"-2.0725"},{"ItemResponseOID":"BCFAB09B-152D-4BE8-B72B-65389A01336E","StepOrder":"5","Threshold":"-1.1845"}]},{"FormItemOID":"0E2B9733-052F-4D89-860B-B3D582FAEE07","ID":"PFC51","A_GRM":"2.35155","Map":[{"ItemResponseOID":"12317860-8863-4FA9-AE3F-7C6AA8105CBA","StepOrder":"2","Threshold":"-3.6510"},{"ItemResponseOID":"712F0C02-30DE-4CDE-97C2-590A07769600","StepOrder":"3","Threshold":"-2.9998"},{"ItemResponseOID":"95EBBA41-C225-4849-8485-AAA987E3CB7F","StepOrder":"4","Threshold":"-2.4276"},{"ItemResponseOID":"B8850C00-8C6B-43E5-8C26-9E512CB7DBB6","StepOrder":"5","Threshold":"-1.6680"}]},{"FormItemOID":"0F66AE3F-2BE9-43C6-A116-48012ECE8104","ID":"PFB25","A_GRM":"2.78740","Map":[{"ItemResponseOID":"057E2EE8-59C7-4964-9C8B-271798F06428","StepOrder":"2","Threshold":"-3.5326"},{"ItemResponseOID":"AE1610FD-F28F-46F7-9FB8-C73246272F1F","StepOrder":"3","Threshold":"-3.0294"},{"ItemResponseOID":"90751C8B-038B-428A-B3CD-6D0C834D186A","StepOrder":"4","Threshold":"-2.4178"},{"ItemResponseOID":"D25A7B32-4776-41C1-ACCE-6B731472789F","StepOrder":"5","Threshold":"-1.7567"}]},{"FormItemOID":"16A1C0B6-436F-49F5-B872-7E88819A4B59","ID":"PFA56","A_GRM":"3.20298","Map":[{"ItemResponseOID":"6B053C5D-CF48-428E-9EBA-F51B6C2A94CE","StepOrder":"2","Threshold":"-3.5721"},{"ItemResponseOID":"89FAD7AB-ED89-43F0-BBFC-6225D7BCA849","StepOrder":"3","Threshold":"-2.6841"},{"ItemResponseOID":"5DD1F064-8E75-4CD8-A3EF-3FE43E089BE2","StepOrder":"4","Threshold":"-1.9442"},{"ItemResponseOID":"D6970AC9-69FA-4551-A061-4F430254596A","StepOrder":"5","Threshold":"-1.0661"}]},{"FormItemOID":"187CA792-05DE-4B9C-8B0E-7F15FF055D3B","ID":"PFA11","A_GRM":"4.83487","Map":[{"ItemResponseOID":"A4D553FD-2CF1-46AE-943B-7B3922F70C19","StepOrder":"2","Threshold":"-1.9837"},{"ItemResponseOID":"28F0DAC6-31C4-441A-9549-1C6456685557","StepOrder":"3","Threshold":"-1.5298"},{"ItemResponseOID":"9C4A6E4B-785A-4C4D-AD01-9BD9CD0715A8","StepOrder":"4","Threshold":"-1.1056"},{"ItemResponseOID":"9DA8E613-62AD-478A-9A9D-A769459AD100","StepOrder":"5","Threshold":"-0.4545"}]},{"FormItemOID":"1B852BDB-7310-4492-90E6-99CCC10CF048","ID":"PFA32","A_GRM":"3.10162","Map":[{"ItemResponseOID":"9831E9B1-EAE3-4126-8A32-AAEE7AAA7E98","StepOrder":"2","Threshold":"-2.7137"},{"ItemResponseOID":"CB040E76-0BA9-46DF-BCBC-445A878D75B6","StepOrder":"3","Threshold":"-2.2402"},{"ItemResponseOID":"4AC17E78-6F6C-49F1-9475-7365F92D6878","StepOrder":"4","Threshold":"-1.7863"},{"ItemResponseOID":"75400B76-D3F5-46FE-87D7-28D3F3013900","StepOrder":"5","Threshold":"-1.2240"}]},{"FormItemOID":"2099B7D8-4DA1-477E-8C64-A85F0497EDC2","ID":"PFA14r1","A_GRM":"3.43000","Map":[{"ItemResponseOID":"673E331B-1B9F-4565-89DF-099E3B2E4AB8","StepOrder":"1","Threshold":"-2.2100"},{"ItemResponseOID":"00382AF9-EC3C-43F1-AD6C-910326EFD09D","StepOrder":"2","Threshold":"-1.7400"},{"ItemResponseOID":"29BC6F55-0256-4373-A313-2907B8579399","StepOrder":"3","Threshold":"-1.2500"},{"ItemResponseOID":"0D18B8B2-3615-4444-9876-CF6796D5C198","StepOrder":"4","Threshold":"-0.6600"}]},{"FormItemOID":"2145720D-9035-4E1C-BC28-A6EC39F6A03A","ID":"PFB43","A_GRM":"3.04080","Map":[{"ItemResponseOID":"08F5257C-5DEC-4F21-B98D-4AF8E1D68D66","StepOrder":"2","Threshold":"-3.5622"},{"ItemResponseOID":"A7BAC9B4-6CCF-49A9-B6E1-356B66B03FAA","StepOrder":"3","Threshold":"-2.5460"},{"ItemResponseOID":"78342D5D-2DF4-486B-8087-C897A5776B18","StepOrder":"4","Threshold":"-1.8850"},{"ItemResponseOID":"445DAC19-04BF-4BD2-8716-4B081ECFABF8","StepOrder":"5","Threshold":"-1.3029"}]},{"FormItemOID":"2289EDA3-366E-4659-850D-F576B4F28054","ID":"PFA51","A_GRM":"3.01039","Map":[{"ItemResponseOID":"EAEE6FC0-9F05-4DD0-A621-496811544A46","StepOrder":"2","Threshold":"-3.6017"},{"ItemResponseOID":"BC7DB9FD-8222-4AFA-B732-646AA1756379","StepOrder":"3","Threshold":"-3.1182"},{"ItemResponseOID":"BA1A75F7-0E38-43E5-9D59-B40931EC91E0","StepOrder":"4","Threshold":"-2.5559"},{"ItemResponseOID":"B3B4CA1D-0AC0-4532-9740-B2FD60C2FBCB","StepOrder":"5","Threshold":"-2.0231"}]},{"FormItemOID":"2413ABB9-104C-4A33-8233-B67AD9A2D5BF","ID":"PFB12","A_GRM":"4.19630","Map":[{"ItemResponseOID":"B367736C-7F9E-4E46-A232-15D23F36A25B","StepOrder":"2","Threshold":"-2.5263"},{"ItemResponseOID":"D7A8A402-D24A-46E1-9EC3-D8DD6E512FDF","StepOrder":"3","Threshold":"-2.0231"},{"ItemResponseOID":"E56CCA26-6DFB-4BE7-A76D-05A25028D7C8","StepOrder":"4","Threshold":"-1.5200"},{"ItemResponseOID":"CF180264-8E96-48D5-8202-F930E9FB4832","StepOrder":"5","Threshold":"-0.9675"}]},{"FormItemOID":"2635FD30-CDB6-4FD4-996C-F4C7971CB0A6","ID":"PFA21","A_GRM":"4.23685","Map":[{"ItemResponseOID":"180C0EF9-8675-4E2A-A052-56179C145FCC","StepOrder":"2","Threshold":"-1.8850"},{"ItemResponseOID":"6A0F1C9C-0FB0-41EC-88E3-6AC6EEAD62A8","StepOrder":"3","Threshold":"-1.4805"},{"ItemResponseOID":"81CB22A2-0277-4FEB-9555-EFFD610B6F00","StepOrder":"4","Threshold":"-1.0464"},{"ItemResponseOID":"FE3D1266-95D5-4260-94C0-5DA84F378188","StepOrder":"5","Threshold":"-0.3953"}]},{"FormItemOID":"26D22BD6-F961-4AB8-BF09-42E5184A5E28","ID":"PFA41","A_GRM":"3.04080","Map":[{"ItemResponseOID":"D74CAA24-9D0A-4370-86E7-E19BA1762290","StepOrder":"2","Threshold":"-1.7666"},{"ItemResponseOID":"91281D76-F109-4B65-8890-A38C3DCB7F18","StepOrder":"3","Threshold":"-1.2832"},{"ItemResponseOID":"6642C1F3-6C61-49D5-BE9E-2CA985D4B4FC","StepOrder":"4","Threshold":"-0.7998"},{"ItemResponseOID":"78B3789E-CC4D-444D-AEDE-8F64361129EE","StepOrder":"5","Threshold":"-0.0105"}]},{"FormItemOID":"2962097A-890E-47E1-AE9A-76ED2A99D16A","ID":"PFA30","A_GRM":"4.07467","Map":[{"ItemResponseOID":"7EE314A7-18E6-4CA4-A309-9AD3E4C463D8","StepOrder":"2","Threshold":"-2.8617"},{"ItemResponseOID":"5DE01DA2-2EE2-45EE-AD5C-88AB7FF70629","StepOrder":"3","Threshold":"-2.2698"},{"ItemResponseOID":"F1A39B23-3B10-439B-97CF-08FDC330E751","StepOrder":"4","Threshold":"-1.7272"},{"ItemResponseOID":"9492DCEC-C47E-4A21-9163-9B8EAAD25720","StepOrder":"5","Threshold":"-1.0267"}]},{"FormItemOID":"2A472654-9E16-4FD7-A269-5351BEF1B222","ID":"PFA52","A_GRM":"2.48332","Map":[{"ItemResponseOID":"F9BED045-D24E-4E74-A15E-C6224F732F53","StepOrder":"2","Threshold":"-2.8913"},{"ItemResponseOID":"0C8DAB05-ED25-4629-8C00-9E39E37D081C","StepOrder":"3","Threshold":"-2.3684"},{"ItemResponseOID":"CB212C09-2DD6-408D-B20A-ED8881DCC7CA","StepOrder":"4","Threshold":"-1.8554"},{"ItemResponseOID":"94006C9D-CA58-46D0-B6EA-9B0DD80830FC","StepOrder":"5","Threshold":"-1.0859"}]},{"FormItemOID":"2A5A71D9-CCB3-4F92-A3AB-C25ABC460369","ID":"PFA15","A_GRM":"3.19284","Map":[{"ItemResponseOID":"94711FA9-E59B-497B-A52C-2BD26C1E261F","StepOrder":"2","Threshold":"-2.8025"},{"ItemResponseOID":"45FE4007-3582-4CDE-BEAE-39E8C0AB6476","StepOrder":"3","Threshold":"-2.1119"},{"ItemResponseOID":"2AA95BEC-DECA-464F-A8F4-E93F80F2B87E","StepOrder":"4","Threshold":"-1.5397"},{"ItemResponseOID":"9C613E53-13CD-4B4A-B674-F3D3F7AB2120","StepOrder":"5","Threshold":"-0.7702"}]},{"FormItemOID":"2CE1B495-A9A5-4D6C-8422-3F85A76A6AC5","ID":"PFB36","A_GRM":"2.48332","Map":[{"ItemResponseOID":"28042F41-DC9F-4218-A55C-A7AD0DA539A0","StepOrder":"2","Threshold":"-3.7792"},{"ItemResponseOID":"A34BDB99-CA4B-4801-8478-EA73A3A012A5","StepOrder":"3","Threshold":"-3.1182"},{"ItemResponseOID":"1F40D8CD-67FD-4008-B164-19B2E9D197F0","StepOrder":"4","Threshold":"-2.2895"},{"ItemResponseOID":"538B9A58-D81E-41DC-A103-6A4C79B34BBC","StepOrder":"5","Threshold":"-1.5101"}]},{"FormItemOID":"2DC963F2-47B7-4DF6-AF4E-1B176F48BB68","ID":"PFC31","A_GRM":"2.50359","Map":[{"ItemResponseOID":"94D10450-2F5B-4E02-BCEB-CCD68A0F2233","StepOrder":"2","Threshold":"-3.1182"},{"ItemResponseOID":"BC76D9C1-CF67-4B20-AD4D-5A74CF09CE30","StepOrder":"3","Threshold":"-2.2698"},{"ItemResponseOID":"964424BF-6FF7-477F-9F1C-E8D92F946C7B","StepOrder":"4","Threshold":"-1.5989"},{"ItemResponseOID":"70216E04-2A42-4B02-8A4F-F50845775B5C","StepOrder":"5","Threshold":"-0.8392"}]},{"FormItemOID":"2E05DF9D-9737-4574-8E50-B7E06A04ABE4","ID":"PFC6r1","A_GRM":"3.93000","Map":[{"ItemResponseOID":"7A76B6C1-B4BD-4D7D-A492-E0503767CED0","StepOrder":"1","Threshold":"-2.3400"},{"ItemResponseOID":"E30471A3-F638-4966-8B0A-9C5ECD6115EF","StepOrder":"2","Threshold":"-1.8400"},{"ItemResponseOID":"649ECBA7-6AA4-4508-96D4-D30E9865F821","StepOrder":"3","Threshold":"-1.3800"},{"ItemResponseOID":"9C9A632E-BD48-4CD1-95D0-818F33D143ED","StepOrder":"4","Threshold":"-0.9000"}]},{"FormItemOID":"2F7A348D-7878-4799-9AD8-30D49AC1DB5C","ID":"PFC45r1","A_GRM":"3.11000","Map":[{"ItemResponseOID":"EE960644-8A15-4593-A48C-49257FC9159B","StepOrder":"1","Threshold":"-3.1100"},{"ItemResponseOID":"A5C6360D-8480-41C7-82D2-A35EE3DEDADD","StepOrder":"2","Threshold":"-2.7800"},{"ItemResponseOID":"E30AA9CE-98E1-46F6-8E32-EF280FC86291","StepOrder":"3","Threshold":"-2.2100"},{"ItemResponseOID":"113D62C4-3228-4F65-89B7-0DC043A93247","StepOrder":"4","Threshold":"-1.4600"}]},{"FormItemOID":"2FEDC171-0124-43F3-A84F-9D721C6F9F71","ID":"PFB14","A_GRM":"2.96985","Map":[{"ItemResponseOID":"9A56F268-6980-4A77-BC86-BB8A6EF8554E","StepOrder":"2","Threshold":"-2.1514"},{"ItemResponseOID":"8C8FE821-767F-4900-B835-7036B6A8D846","StepOrder":"3","Threshold":"-1.8751"},{"ItemResponseOID":"84EF456F-C910-4191-BE02-3F4DC95014A8","StepOrder":"4","Threshold":"-1.5890"},{"ItemResponseOID":"2E51A68A-1A9C-4796-A8D8-00FBB023A666","StepOrder":"5","Threshold":"-1.0957"}]},{"FormItemOID":"324B18D0-389E-4390-8239-A7E990C6F547","ID":"PFC36r1","A_GRM":"4.46000","Map":[{"ItemResponseOID":"248A2117-D53E-4487-951D-D40D54BE63FC","StepOrder":"1","Threshold":"-1.4300"},{"ItemResponseOID":"E9BAAEF1-FB3A-4DD8-B1FD-A341F7DED469","StepOrder":"2","Threshold":"-1.0100"},{"ItemResponseOID":"1AA0A5D5-9D68-4FEC-81B4-A3EE55EED3EB","StepOrder":"3","Threshold":"-0.5900"},{"ItemResponseOID":"E5D7C308-83D5-4C39-9EE8-CC9D82DCDE5D","StepOrder":"4","Threshold":"-0.2300"}]},{"FormItemOID":"329666BB-61F3-494E-B8A9-908B41B2EE22","ID":"PFC38","A_GRM":"4.33821","Map":[{"ItemResponseOID":"63421FC0-1FD4-4F13-A6B0-63948FA9C2EF","StepOrder":"2","Threshold":"-2.0429"},{"ItemResponseOID":"C4DFBFAF-A1AA-4E89-B1D3-ED40C23FDC15","StepOrder":"3","Threshold":"-1.6877"},{"ItemResponseOID":"BBC9AAD0-0B07-4E65-9A2A-15B073FE4E84","StepOrder":"4","Threshold":"-1.2240"},{"ItemResponseOID":"C3350D97-15E9-49E2-ACCA-09DAFF6959F7","StepOrder":"5","Threshold":"-0.7110"}]},{"FormItemOID":"33A5BA8C-63E8-4EED-B89F-A310B6E0A1B5","ID":"PFB1","A_GRM":"4.38889","Map":[{"ItemResponseOID":"1634FE91-34FE-4C9B-BE0A-A5D2204CC4A3","StepOrder":"2","Threshold":"-2.4474"},{"ItemResponseOID":"84A29153-E2D5-493F-B210-8458C5C40830","StepOrder":"3","Threshold":"-1.6384"},{"ItemResponseOID":"EFA3123D-F75B-409E-83B4-8A8C1C604854","StepOrder":"4","Threshold":"-1.0760"},{"ItemResponseOID":"B026E94E-50B7-4019-AD7F-6466B3C15EF3","StepOrder":"5","Threshold":"-0.6320"}]},{"FormItemOID":"34C906F3-D505-42D8-BF98-756815BA6235","ID":"PFB3","A_GRM":"4.01386","Map":[{"ItemResponseOID":"ED22C0BC-A9CB-4CC9-8ABF-180CEA51D066","StepOrder":"2","Threshold":"-2.5855"},{"ItemResponseOID":"265F10EE-CB4C-47CB-9CEB-0BF3DCD6836C","StepOrder":"3","Threshold":"-2.0823"},{"ItemResponseOID":"C802E6F4-C898-4824-B949-A02ACADF1ABE","StepOrder":"4","Threshold":"-1.6186"},{"ItemResponseOID":"BF35D06D-9077-47E9-A427-7911218174BB","StepOrder":"5","Threshold":"-1.1451"}]},{"FormItemOID":"351E3C99-2F40-4CB9-B55F-DFEB56D7D539","ID":"PFC40","A_GRM":"2.87862","Map":[{"ItemResponseOID":"9AB47DEC-0A6C-4AA1-B2C1-8B40EA268471","StepOrder":"2","Threshold":"-1.8949"},{"ItemResponseOID":"256EB247-0E59-4A84-BD17-4EE38746C175","StepOrder":"3","Threshold":"-1.3522"},{"ItemResponseOID":"2B1541E6-75EF-421E-BC1B-B6262C5AA4A9","StepOrder":"4","Threshold":"-0.8984"},{"ItemResponseOID":"215D9A7D-F40B-4F67-A531-A7604C6962F3","StepOrder":"5","Threshold":"-0.2078"}]},{"FormItemOID":"361B11C9-3ACE-4917-A745-CDC2BC9CFE24","ID":"PFC43","A_GRM":"2.04747","Map":[{"ItemResponseOID":"A0D8F000-0E4D-43D7-A113-C633CA974669","StepOrder":"2","Threshold":"-3.9963"},{"ItemResponseOID":"4F0A3014-6E19-41B2-B04C-37F875A531AB","StepOrder":"3","Threshold":"-3.0393"},{"ItemResponseOID":"51D0D7B9-A8DA-4372-8395-C43A34B553C8","StepOrder":"4","Threshold":"-2.1711"},{"ItemResponseOID":"7CFF3772-041E-4FC2-B3E1-2A4D628F9D96","StepOrder":"5","Threshold":"-1.3917"}]},{"FormItemOID":"37E8C41E-8033-4970-A49A-23269DBEAA3B","ID":"PFA33","A_GRM":"2.75699","Map":[{"ItemResponseOID":"8FF63410-B945-4EF3-9D19-739DC6C1B2D9","StepOrder":"2","Threshold":"-1.3917"},{"ItemResponseOID":"F7119A19-4B5D-4BD1-B68F-B5A7ABED2DD2","StepOrder":"3","Threshold":"-0.9478"},{"ItemResponseOID":"B05064D0-4EF7-4CA6-9370-32852700F713","StepOrder":"4","Threshold":"-0.3459"},{"ItemResponseOID":"F4C9209F-E632-4D42-AFF0-1F35ABA8FFA6","StepOrder":"5","Threshold":"0.3447"}]},{"FormItemOID":"3A0CBCF8-4E8D-4BDE-9BDF-9B0A5F3B6E52","ID":"PFC32","A_GRM":"3.55774","Map":[{"ItemResponseOID":"9CC3BAE8-07F5-4C7A-A135-BE6B7D0DDE41","StepOrder":"2","Threshold":"-1.5594"},{"ItemResponseOID":"39595E49-5021-48A5-B812-1E1DA463D5EA","StepOrder":"3","Threshold":"-0.9675"},{"ItemResponseOID":"7CF07EFD-EEB8-4556-9710-5C823DE6A1C0","StepOrder":"4","Threshold":"-0.4347"},{"ItemResponseOID":"9C4B6D6F-AD51-42E8-A08F-E9377CA24819","StepOrder":"5","Threshold":"0.2460"}]},{"FormItemOID":"421541DF-BACA-4A7D-9B82-0A69B87F4991","ID":"PFA1","A_GRM":"3.31447","Map":[{"ItemResponseOID":"CAACF80B-F79D-44C3-9A6B-614145875B40","StepOrder":"2","Threshold":"-1.1155"},{"ItemResponseOID":"178F10C4-0BB2-4D88-8835-A07F9BF89649","StepOrder":"3","Threshold":"-0.5038"},{"ItemResponseOID":"60BC2C72-B205-43E6-B056-7389F6A42884","StepOrder":"4","Threshold":"0.1276"},{"ItemResponseOID":"B6D4FFC2-0735-48AF-B272-B441A7C2FDD0","StepOrder":"5","Threshold":"0.6012"}]},{"FormItemOID":"439847A3-A1FF-45A0-A865-8D42BFBF5A65","ID":"PFB28r1","A_GRM":"2.66000","Map":[{"ItemResponseOID":"D02CC721-97E3-4EE1-97E8-CE43C46FD513","StepOrder":"1","Threshold":"-2.2800"},{"ItemResponseOID":"AF8615AA-25C2-44FF-93DD-40FE87E6F06D","StepOrder":"2","Threshold":"-1.8900"},{"ItemResponseOID":"3E6C35AF-EAC3-4AEB-8EF8-0B8BBC2AFA64","StepOrder":"3","Threshold":"-1.4300"},{"ItemResponseOID":"48E45452-8589-425A-96DE-13D9D699D4BF","StepOrder":"4","Threshold":"-0.7800"}]},{"FormItemOID":"43EB37FC-3BD7-4803-AD27-16FAEC8CAE4C","ID":"PFA47","A_GRM":"3.31447","Map":[{"ItemResponseOID":"558BDC67-38DA-43AE-BADF-556FBDD8170C","StepOrder":"2","Threshold":"-3.1774"},{"ItemResponseOID":"668A164F-3D7B-4C8F-A189-D5DBD7A225DC","StepOrder":"3","Threshold":"-2.7335"},{"ItemResponseOID":"CC0C752C-7157-4DB7-9AB8-6236426B2AE5","StepOrder":"4","Threshold":"-2.0823"},{"ItemResponseOID":"65E16B78-06B1-41B6-ABA0-9F2BEA57E968","StepOrder":"5","Threshold":"-1.3522"}]},{"FormItemOID":"45D0A786-782F-4B05-AB63-3037F1BC1FB8","ID":"PFC52","A_GRM":"2.46305","Map":[{"ItemResponseOID":"999446E0-B137-4200-85DE-2CD581319F1E","StepOrder":"2","Threshold":"-3.5523"},{"ItemResponseOID":"4B906F58-B614-49EF-AABE-826B163069D2","StepOrder":"3","Threshold":"-2.7039"},{"ItemResponseOID":"5BB27170-2623-4097-ABC5-8F4BA0E5BE5A","StepOrder":"4","Threshold":"-2.0823"},{"ItemResponseOID":"4A8F0682-3F46-4F22-98C8-4D3D2D3F4A07","StepOrder":"5","Threshold":"-1.2043"}]},{"FormItemOID":"47236CF3-CDBA-45D0-9F20-5F64EFA289A3","ID":"PFA25","A_GRM":"4.33821","Map":[{"ItemResponseOID":"A5996F6D-747C-425F-8E33-20E25BDA3EA5","StepOrder":"2","Threshold":"-1.6186"},{"ItemResponseOID":"0ED46A4D-13EB-4AD1-B1D2-ABCFBB8771A8","StepOrder":"3","Threshold":"-1.2240"},{"ItemResponseOID":"8B97E4F4-BB7D-462D-B03C-DCFAD994B41F","StepOrder":"4","Threshold":"-0.8195"},{"ItemResponseOID":"1E931201-2CBE-4FD9-AF51-6FC86EE56996","StepOrder":"5","Threshold":"-0.1979"}]},{"FormItemOID":"4940EF65-9359-4B8D-90DA-82FB396064B6","ID":"PFB21","A_GRM":"2.32114","Map":[{"ItemResponseOID":"F3FA5315-038C-4E46-823D-04F79113E2D2","StepOrder":"2","Threshold":"-3.8680"},{"ItemResponseOID":"BF9EEAE1-6359-4BF1-99A0-58BD727F8401","StepOrder":"3","Threshold":"-3.0097"},{"ItemResponseOID":"A5AE7F34-4B07-49F2-9796-2D8D7E2981F6","StepOrder":"4","Threshold":"-2.3882"},{"ItemResponseOID":"BC6B7A22-9D8D-4E89-9A36-5AFF40AAD09C","StepOrder":"5","Threshold":"-1.6877"}]},{"FormItemOID":"4A52597F-DC63-4762-9447-2E7744B5648F","ID":"PFB51","A_GRM":"3.16243","Map":[{"ItemResponseOID":"AD2A8EF2-E3D6-4561-9721-E66932DEB66E","StepOrder":"2","Threshold":"-1.2931"},{"ItemResponseOID":"9A70742A-41E2-4AD2-9FF5-AA8FBF0C60F5","StepOrder":"3","Threshold":"-0.6912"},{"ItemResponseOID":"2FB30FDC-2855-4B7A-BFA5-A94D3758D8C6","StepOrder":"4","Threshold":"-0.1388"},{"ItemResponseOID":"C19545A2-F14F-47F3-8562-B2FC86B53329","StepOrder":"5","Threshold":"0.2657"}]},{"FormItemOID":"4C5336FB-DCD0-4513-94B6-75B0C134833C","ID":"PFB42","A_GRM":"3.09148","Map":[{"ItemResponseOID":"4ABE3E99-7A4A-4503-8955-324E199C0F78","StepOrder":"2","Threshold":"-2.0133"},{"ItemResponseOID":"A7DAB8E6-3AA0-491C-86D6-645419CEA4C1","StepOrder":"3","Threshold":"-1.6581"},{"ItemResponseOID":"1549D290-DBDB-4328-A804-379167888CD6","StepOrder":"4","Threshold":"-1.2635"},{"ItemResponseOID":"DD5BBF8C-6DF3-4510-A118-0CC9948469DF","StepOrder":"5","Threshold":"-0.7208"}]},{"FormItemOID":"50BD7386-6550-471E-B1A5-FDD1209FB65D","ID":"PFA16r1","A_GRM":"3.37000","Map":[{"ItemResponseOID":"BE5DC566-E5D4-42CB-BB92-587B48353D01","StepOrder":"1","Threshold":"-3.1400"},{"ItemResponseOID":"326DA98D-DA6B-4B16-9EF2-5B0EB03CB219","StepOrder":"2","Threshold":"-2.5600"},{"ItemResponseOID":"31F53FF0-733D-461B-B549-004D55A2DE22","StepOrder":"3","Threshold":"-1.9100"},{"ItemResponseOID":"AEE6DC2F-83A8-4F89-9E4D-C9E65EECDEB9","StepOrder":"4","Threshold":"-1.2400"}]},{"FormItemOID":"53BDC7BD-91CE-4C75-A907-12B52F4FF6B5","ID":"PFB27","A_GRM":"2.29074","Map":[{"ItemResponseOID":"D8EB989B-1A60-4FCB-B397-37B112F29681","StepOrder":"2","Threshold":"-3.4438"},{"ItemResponseOID":"74660197-29C6-41A6-8000-E3472FF73DCD","StepOrder":"3","Threshold":"-3.0689"},{"ItemResponseOID":"600E9CAC-197E-41E5-8974-2F64CD057A76","StepOrder":"4","Threshold":"-2.5657"},{"ItemResponseOID":"D45E8D5F-6EB9-446D-9497-A5C64ABA418E","StepOrder":"5","Threshold":"-1.8159"}]},{"FormItemOID":"54019AC3-6606-42A0-9B41-EA13579D1F17","ID":"PFB5r1","A_GRM":"4.37000","Map":[{"ItemResponseOID":"5C7D8AE4-5C9D-4C2F-9D90-DF0F160F6FB4","StepOrder":"1","Threshold":"-1.1000"},{"ItemResponseOID":"7ACDEE19-B935-4FA3-9A6B-A4FA818EFD2E","StepOrder":"2","Threshold":"-0.6900"},{"ItemResponseOID":"9C593F38-B15D-4545-9F32-6C9166EC9058","StepOrder":"3","Threshold":"-0.2100"},{"ItemResponseOID":"919AF903-2FC9-446C-A013-6F2964672668","StepOrder":"4","Threshold":"0.2400"}]},{"FormItemOID":"579B9B80-F6F6-470F-BC00-3035390DF048","ID":"PFA34","A_GRM":"2.16910","Map":[{"ItemResponseOID":"70E499DF-1881-4911-AAAB-B85B2206D7DC","StepOrder":"2","Threshold":"-2.5460"},{"ItemResponseOID":"439A243E-DCAD-4A4F-99C2-03FFCCDE8F12","StepOrder":"3","Threshold":"-2.0133"},{"ItemResponseOID":"6E1955D6-867C-4CFB-943C-605C287893A3","StepOrder":"4","Threshold":"-1.4114"},{"ItemResponseOID":"7D6F9E9E-0508-4D76-A398-8A3A34777970","StepOrder":"5","Threshold":"-0.5433"}]},{"FormItemOID":"580DD07E-FA3B-4246-A585-410CFE0BF87A","ID":"PFB11","A_GRM":"3.70978","Map":[{"ItemResponseOID":"C3E1A8D2-5E07-45FE-BE4D-2D4886B988FD","StepOrder":"2","Threshold":"-2.6841"},{"ItemResponseOID":"418C932D-2DEE-4353-8226-A9ACFB91F18E","StepOrder":"3","Threshold":"-2.2204"},{"ItemResponseOID":"EB08C924-CB43-4E44-916C-ED669C4C23F4","StepOrder":"4","Threshold":"-1.6581"},{"ItemResponseOID":"4B6717BC-2FAF-4BAD-96FF-30391197E959","StepOrder":"5","Threshold":"-1.1648"}]},{"FormItemOID":"5B6DB167-47C6-48D4-8428-EDD1A2440798","ID":"PFB7","A_GRM":"4.22671","Map":[{"ItemResponseOID":"7CE8211F-B0EE-4676-9375-BBCE95468427","StepOrder":"2","Threshold":"-0.9182"},{"ItemResponseOID":"562CF2B4-B722-4621-9588-FF33C78FF0E0","StepOrder":"3","Threshold":"-0.4347"},{"ItemResponseOID":"88C2DBCA-FA99-4AFB-8D68-0ACA0748A8D2","StepOrder":"4","Threshold":"0.0487"},{"ItemResponseOID":"46E6F9D5-9DD3-471B-BF33-F69AC375CFEB","StepOrder":"5","Threshold":"0.4729"}]},{"FormItemOID":"5FBC33C6-68EB-4FAB-B30A-2EBF3F4B9204","ID":"PFB8r1","A_GRM":"3.68000","Map":[{"ItemResponseOID":"503AA403-C6B3-4D7F-BA5B-5F14E9B1A84C","StepOrder":"1","Threshold":"-1.7900"},{"ItemResponseOID":"1E1E9742-F23C-4BF4-93E4-E1A1469EA7F8","StepOrder":"2","Threshold":"-1.4000"},{"ItemResponseOID":"F908BB77-6B9C-44FD-BB5C-DBC003F0E270","StepOrder":"3","Threshold":"-0.9000"},{"ItemResponseOID":"24C36055-AB49-45BB-97D0-2085CE69DB42","StepOrder":"4","Threshold":"-0.3000"}]},{"FormItemOID":"6214F572-8D11-4496-9EA8-6B17E98EE354","ID":"PFB56r1","A_GRM":"2.29000","Map":[{"ItemResponseOID":"28D2D767-2B60-4356-87F6-91D7DF1D42D7","StepOrder":"1","Threshold":"-2.9000"},{"ItemResponseOID":"6579CA9B-6A4A-42A4-A2D8-7BCEDCFC2B66","StepOrder":"2","Threshold":"-2.4400"},{"ItemResponseOID":"8D845731-A06C-45B9-9375-97D5E4693797","StepOrder":"3","Threshold":"-1.9800"},{"ItemResponseOID":"3AB23076-C85C-43A9-B6D1-C0F74B2270FC","StepOrder":"4","Threshold":"-1.3800"}]},{"FormItemOID":"65DF2AD9-9E88-4497-9E6B-7295FD8CFF5D","ID":"PFA10","A_GRM":"3.37529","Map":[{"ItemResponseOID":"A06A4812-5730-433C-BA0A-13907885021C","StepOrder":"2","Threshold":"-1.7469"},{"ItemResponseOID":"F4B2CB64-A4B0-43AE-ABAE-A35F9E47D729","StepOrder":"3","Threshold":"-1.3522"},{"ItemResponseOID":"7CF284DC-CE3D-48DD-8312-475AF9FF1F7A","StepOrder":"4","Threshold":"-0.9182"},{"ItemResponseOID":"E9444DD7-AEC9-41E9-9E25-CCC2E5F87E42","StepOrder":"5","Threshold":"-0.3361"}]},{"FormItemOID":"6A1F8385-5A91-4BAE-A319-E5AF4F5043DB","ID":"PFC49","A_GRM":"3.17257","Map":[{"ItemResponseOID":"A3AC93E3-336B-440D-B9C7-639F7AC0B649","StepOrder":"2","Threshold":"-3.0689"},{"ItemResponseOID":"4FADB5E3-8D86-4037-B198-B0B805D54821","StepOrder":"3","Threshold":"-2.8519"},{"ItemResponseOID":"E383ADCC-9C05-4D1E-A29A-A4BA05BAEFB1","StepOrder":"4","Threshold":"-2.4276"},{"ItemResponseOID":"CBE0552F-1002-4CE9-99B2-12F6F84122BD","StepOrder":"5","Threshold":"-1.8949"}]},{"FormItemOID":"736C68B9-798A-40E4-A280-C978F0046B0F","ID":"PFA49","A_GRM":"2.02720","Map":[{"ItemResponseOID":"0B0FA2AF-375D-4652-9675-043B9D7DA4BD","StepOrder":"2","Threshold":"-3.1774"},{"ItemResponseOID":"874838E9-21F4-4CEF-B20C-526A3081873B","StepOrder":"3","Threshold":"-2.2007"},{"ItemResponseOID":"7C24D299-651C-4592-8ED4-5B6C054B5AB0","StepOrder":"4","Threshold":"-1.5200"},{"ItemResponseOID":"A6BC67EA-7ECE-4E2E-83D1-64C802C8B89C","StepOrder":"5","Threshold":"-0.6616"}]},{"FormItemOID":"763CBE5B-29D7-4E4B-A16C-CEC61BD960E1","ID":"PFA50","A_GRM":"2.72658","Map":[{"ItemResponseOID":"B46CB324-268C-4026-9D79-904215AC5A49","StepOrder":"2","Threshold":"-3.7792"},{"ItemResponseOID":"5747F875-7051-4658-8B2C-01CD2358E261","StepOrder":"3","Threshold":"-3.3155"},{"ItemResponseOID":"801ADB4D-07EA-40D6-86AF-821BCC19670F","StepOrder":"4","Threshold":"-2.8617"},{"ItemResponseOID":"E81E4F8C-8901-4A49-B7B7-5DCE5A744215","StepOrder":"5","Threshold":"-2.3487"}]},{"FormItemOID":"77BFEB4B-E82E-4551-A906-094E713B84BA","ID":"PFA19r1","A_GRM":"2.66000","Map":[{"ItemResponseOID":"B99D23ED-BCD2-4D2F-9E92-97F20FEDD8B7","StepOrder":"1","Threshold":"-0.4900"},{"ItemResponseOID":"5DD828B9-DA3F-43BE-932B-F66ECC287DBE","StepOrder":"2","Threshold":"-0.0400"},{"ItemResponseOID":"326BB15F-5FE2-4938-8345-7CF15516EEDE","StepOrder":"3","Threshold":"0.5100"},{"ItemResponseOID":"383004EE-32DF-4EF4-BD83-44E47D64A594","StepOrder":"4","Threshold":"1.1100"}]},{"FormItemOID":"77DB1A1F-A9E8-412A-B951-8C18DDAB8573","ID":"PFA45","A_GRM":"3.38542","Map":[{"ItemResponseOID":"D8C76DBB-4069-4CBF-9012-3AA4DA841A4D","StepOrder":"2","Threshold":"-3.3846"},{"ItemResponseOID":"86FB001F-0339-4CBE-9DAF-9E16A37B2F29","StepOrder":"3","Threshold":"-2.7631"},{"ItemResponseOID":"4A263000-8D23-44DE-BDB5-73C61A814555","StepOrder":"4","Threshold":"-2.2007"},{"ItemResponseOID":"0618C458-F487-4BCD-B969-A15304F19B5D","StepOrder":"5","Threshold":"-1.4904"}]},{"FormItemOID":"792B8438-A166-4EAB-B6AA-F6BF2B969C3E","ID":"PFB10","A_GRM":"3.73005","Map":[{"ItemResponseOID":"E9362F71-0E07-4670-B527-597B74FEF891","StepOrder":"2","Threshold":"-2.5953"},{"ItemResponseOID":"F3B1EF4E-E88A-4AEF-B718-E240B60DABA4","StepOrder":"3","Threshold":"-2.0725"},{"ItemResponseOID":"2F5C8799-245F-48F4-84EE-C87E889FA28C","StepOrder":"4","Threshold":"-1.5792"},{"ItemResponseOID":"FD0D42BC-6333-4BC1-A71F-16E93952C278","StepOrder":"5","Threshold":"-1.0859"}]},{"FormItemOID":"7B2D63C5-96D4-4A0B-8222-E9DBED29F78F","ID":"PFB32","A_GRM":"3.40570","Map":[{"ItemResponseOID":"ACF8C9FB-CCB9-448D-ABD9-62E64AD95C17","StepOrder":"2","Threshold":"-2.4671"},{"ItemResponseOID":"8A4A718C-4AB4-4C6F-BE4A-5058CA17F880","StepOrder":"3","Threshold":"-2.1218"},{"ItemResponseOID":"67048E9C-0A80-4506-92B7-C94E34536FA3","StepOrder":"4","Threshold":"-1.6581"},{"ItemResponseOID":"DFDC7BE7-AC6B-4E7D-8A9A-E6B1045EB627","StepOrder":"5","Threshold":"-1.1352"}]},{"FormItemOID":"7C75DC60-6F00-4A18-848A-9C4C0C9C9C03","ID":"PFA36","A_GRM":"2.64550","Map":[{"ItemResponseOID":"4F860E42-8518-4C76-9383-96D566735A87","StepOrder":"2","Threshold":"-3.9864"},{"ItemResponseOID":"1448218F-5322-47DD-B8BF-9F72212CBDCB","StepOrder":"3","Threshold":"-3.1281"},{"ItemResponseOID":"C7191C70-E643-444A-BE19-81C758416003","StepOrder":"4","Threshold":"-2.3684"},{"ItemResponseOID":"A64AE07B-8386-4332-B0FE-B1460131798B","StepOrder":"5","Threshold":"-1.5693"}]},{"FormItemOID":"7D63850D-EE56-4894-A09B-792508127FD3","ID":"PFA5","A_GRM":"4.13549","Map":[{"ItemResponseOID":"2B99E9D6-11AF-4D57-A409-5EB4979EF4EE","StepOrder":"2","Threshold":"-2.3684"},{"ItemResponseOID":"D4532E89-A5AD-4F99-8591-E8BFC826DE25","StepOrder":"3","Threshold":"-1.6186"},{"ItemResponseOID":"7A9BB904-C230-44BB-8692-C3F3FE3DE2BE","StepOrder":"4","Threshold":"-1.0365"},{"ItemResponseOID":"5FB846C2-0B84-47A1-995E-7532D6C867D2","StepOrder":"5","Threshold":"-0.5334"}]},{"FormItemOID":"7E07201D-CD2E-4BD7-9247-449F5D4C8EFE","ID":"PFC39","A_GRM":"2.68604","Map":[{"ItemResponseOID":"5E948ABE-3437-4C2C-9316-6EDCAA7C9804","StepOrder":"2","Threshold":"-2.5953"},{"ItemResponseOID":"A8F6ED14-37D5-4663-B9FE-36E602615367","StepOrder":"3","Threshold":"-2.1711"},{"ItemResponseOID":"A9856DEF-6B3E-4A38-93FE-B6AC1FB374D4","StepOrder":"4","Threshold":"-1.7173"},{"ItemResponseOID":"16392477-F715-4CAB-87E0-AE4F31FA7594","StepOrder":"5","Threshold":"-1.1549"}]},{"FormItemOID":"7E98A307-7158-457D-A6CD-228D56C1C7B9","ID":"PFA4","A_GRM":"4.39902","Map":[{"ItemResponseOID":"8E0BE6BE-BDCE-4FD7-A118-B6FE16693C44","StepOrder":"2","Threshold":"-1.5594"},{"ItemResponseOID":"2CAE0D23-60D8-49D0-9783-85F275D5E940","StepOrder":"3","Threshold":"-0.9773"},{"ItemResponseOID":"E5F5CF62-5EFF-405B-B121-0D0F5B009BAB","StepOrder":"4","Threshold":"-0.4150"},{"ItemResponseOID":"8A548999-BD77-45F1-A3CE-BEE5A04BDB71","StepOrder":"5","Threshold":"0.0586"}]},{"FormItemOID":"884A89A7-9B08-4353-B16D-1F6B75A0516A","ID":"PFA8","A_GRM":"3.55774","Map":[{"ItemResponseOID":"F05E059D-F938-4D74-96E0-31B88BF5D827","StepOrder":"2","Threshold":"-2.4474"},{"ItemResponseOID":"1A0B52B3-EB80-4695-8985-0A8FE5554EFC","StepOrder":"3","Threshold":"-1.9639"},{"ItemResponseOID":"C83B6A69-4373-4E8B-8C62-C1858C4EB121","StepOrder":"4","Threshold":"-1.4904"},{"ItemResponseOID":"100A78ED-3949-496E-AE2D-0F647AE4632D","StepOrder":"5","Threshold":"-0.8392"}]},{"FormItemOID":"89E552BE-1B5E-4897-8469-AF7DFC555260","ID":"PFB49","A_GRM":"3.57801","Map":[{"ItemResponseOID":"14AED5E6-783D-4E31-A9C5-6806E1085623","StepOrder":"2","Threshold":"-2.1908"},{"ItemResponseOID":"EBC33649-BFA2-40F9-AA3C-296F30C3DFFD","StepOrder":"3","Threshold":"-1.6778"},{"ItemResponseOID":"6CC3EF9F-4011-444C-9284-7B0C42394382","StepOrder":"4","Threshold":"-1.1845"},{"ItemResponseOID":"E54E9973-A168-4CEE-9CA2-E031104FDC33","StepOrder":"5","Threshold":"-0.7406"}]},{"FormItemOID":"8C1594EF-EC64-4E65-BC9B-B347FDC988CC","ID":"PFB30","A_GRM":"2.04747","Map":[{"ItemResponseOID":"C19EBA92-4CFC-4F35-89B4-08C89DF081EA","StepOrder":"2","Threshold":"-4.0456"},{"ItemResponseOID":"624DBED8-4690-4AE8-B68A-0D593B9CB72E","StepOrder":"3","Threshold":"-3.4043"},{"ItemResponseOID":"AAA0D863-DAC8-4E9F-BA17-16091D55D592","StepOrder":"4","Threshold":"-2.7137"},{"ItemResponseOID":"0A6F8A2E-EC25-4719-B592-C02AF7C60B8F","StepOrder":"5","Threshold":"-1.7567"}]},{"FormItemOID":"8CA4D4C9-97AA-4183-88DD-9EF4ADBFCF55","ID":"PFA55","A_GRM":"3.57801","Map":[{"ItemResponseOID":"138A3B03-1977-426A-BDB2-DBB577D84605","StepOrder":"2","Threshold":"-3.3451"},{"ItemResponseOID":"C1343A1D-7BAB-4629-A036-791ECA8B2BC1","StepOrder":"3","Threshold":"-2.6545"},{"ItemResponseOID":"734772C1-F6DE-4133-8544-CFABCDE0E82C","StepOrder":"4","Threshold":"-2.0725"},{"ItemResponseOID":"B3F6FD66-0B0C-4674-A055-7DCE06BDE6D1","StepOrder":"5","Threshold":"-1.4805"}]},{"FormItemOID":"8E3F1B50-5254-4E69-A279-C01CF8215144","ID":"PFA39r1","A_GRM":"2.16000","Map":[{"ItemResponseOID":"01A7085A-8F82-4B17-90B6-D67DCFDD98CB","StepOrder":"1","Threshold":"-0.1300"},{"ItemResponseOID":"6B410DEE-2A1D-4569-990E-775F2A683980","StepOrder":"2","Threshold":"0.3800"},{"ItemResponseOID":"45DC39F3-E471-4D3E-A6A0-41BC72330D7F","StepOrder":"3","Threshold":"1.0200"},{"ItemResponseOID":"EC165A4B-5A98-45C4-920F-6D9B94E80E6D","StepOrder":"4","Threshold":"1.5900"}]},{"FormItemOID":"9121908A-4CB5-42B7-8BB8-380C4684B5BB","ID":"PFA35","A_GRM":"2.36169","Map":[{"ItemResponseOID":"AD805055-9D5D-409B-8107-577DF7AE9A3C","StepOrder":"2","Threshold":"-3.7694"},{"ItemResponseOID":"EEFC3F56-8859-44CD-AF5F-F1DFD5748302","StepOrder":"3","Threshold":"-3.0788"},{"ItemResponseOID":"9BD1C3B6-EA84-4271-9576-3F6163E2CEA6","StepOrder":"4","Threshold":"-2.4671"},{"ItemResponseOID":"AE9AAC8D-24FB-4AC2-B40C-B73762F51845","StepOrder":"5","Threshold":"-1.8455"}]},{"FormItemOID":"934D9CC8-306B-4690-88C8-EF4BE751060D","ID":"PFB44","A_GRM":"4.27739","Map":[{"ItemResponseOID":"53EEB9C4-6F85-4BB2-9BF6-36484B06651B","StepOrder":"2","Threshold":"-2.1119"},{"ItemResponseOID":"CAA4E8C3-99F8-4CC5-87C6-AAF01CAEA70C","StepOrder":"3","Threshold":"-1.4706"},{"ItemResponseOID":"402BCD17-750F-415C-BB33-CD37038FB1B1","StepOrder":"4","Threshold":"-0.8984"},{"ItemResponseOID":"A9D48668-C37B-4D13-BB9F-33B68942F86A","StepOrder":"5","Threshold":"-0.4249"}]},{"FormItemOID":"943FF5FE-7CCB-4399-946B-D38DFF959017","ID":"PFC29","A_GRM":"3.20298","Map":[{"ItemResponseOID":"7CC6ADA4-A7AA-408C-824B-6B83C5334ADA","StepOrder":"2","Threshold":"-2.8913"},{"ItemResponseOID":"76D54354-C0BD-437A-BD43-F74AA77DA64A","StepOrder":"3","Threshold":"-2.3586"},{"ItemResponseOID":"784CE380-B1C7-4B7B-A6B1-2BDBC3CEAB97","StepOrder":"4","Threshold":"-1.7962"},{"ItemResponseOID":"99D1176D-CF4E-41AF-B2A8-056F4C9E22AA","StepOrder":"5","Threshold":"-1.1648"}]},{"FormItemOID":"971DB348-610A-4DBA-AC5F-14CCA150E6E9","ID":"PFB39r1","A_GRM":"2.74000","Map":[{"ItemResponseOID":"E6D609B5-75DC-45DA-A09E-E1430F97E90C","StepOrder":"1","Threshold":"-2.6100"},{"ItemResponseOID":"539B3E18-E080-47B8-8841-0B0BBCCBB3B7","StepOrder":"2","Threshold":"-2.1000"},{"ItemResponseOID":"CB393484-F4C2-4903-9842-6951DBF1FB61","StepOrder":"3","Threshold":"-1.6300"},{"ItemResponseOID":"6BDA7DA7-D155-447C-9F96-70AE1E4443F2","StepOrder":"4","Threshold":"-0.9400"}]},{"FormItemOID":"986FA694-8819-41A3-B458-AF6DCF2A1100","ID":"PFC37","A_GRM":"4.45984","Map":[{"ItemResponseOID":"5244AD5D-CCB5-40C9-9C2E-56852BEDC7BC","StepOrder":"2","Threshold":"-2.3092"},{"ItemResponseOID":"DB297EB4-B24C-4F40-B550-642AB2C5357F","StepOrder":"3","Threshold":"-1.6285"},{"ItemResponseOID":"0928D229-437F-4E62-988C-D0A4A220A782","StepOrder":"4","Threshold":"-1.0464"},{"ItemResponseOID":"545A4E9A-2AB7-437C-81E4-C99EC5BEFD34","StepOrder":"5","Threshold":"-0.5728"}]},{"FormItemOID":"99E45ABE-9B91-4CA6-8087-DEE5BBAB61F2","ID":"PFB13","A_GRM":"4.28753","Map":[{"ItemResponseOID":"C7E85741-3B98-4890-9418-E48892DD3B02","StepOrder":"2","Threshold":"-2.7433"},{"ItemResponseOID":"DF642025-5535-400E-8841-8D5E96661A19","StepOrder":"3","Threshold":"-2.2007"},{"ItemResponseOID":"693B950C-D539-4321-82BF-0A5825FAC3D8","StepOrder":"4","Threshold":"-1.7567"},{"ItemResponseOID":"C63925FF-6AFF-4D9D-8F07-5DA59EC77561","StepOrder":"5","Threshold":"-1.2141"}]},{"FormItemOID":"9E83AD36-70BD-45B7-88B6-AE189A57CCAA","ID":"PFB33","A_GRM":"2.57454","Map":[{"ItemResponseOID":"2B5C280C-C1A9-41F6-857A-7C2753CECC13","StepOrder":"2","Threshold":"-3.5227"},{"ItemResponseOID":"B4919106-DA76-4469-9F4F-B840B2A4B59F","StepOrder":"3","Threshold":"-2.9110"},{"ItemResponseOID":"AE643D00-6B13-4E23-A589-E6241240171D","StepOrder":"4","Threshold":"-2.3783"},{"ItemResponseOID":"EA37E8C4-DE0A-4B34-A875-75E267788FE2","StepOrder":"5","Threshold":"-1.7469"}]},{"FormItemOID":"9EB51983-344B-4AC8-99F3-64531B86255F","ID":"PFC10","A_GRM":"4.19630","Map":[{"ItemResponseOID":"44378674-D13A-4F81-A5CA-EFE06B30A571","StepOrder":"2","Threshold":"-1.8061"},{"ItemResponseOID":"B8649F33-0D1B-4BB1-883A-C2F3C0D65AC5","StepOrder":"3","Threshold":"-1.1451"},{"ItemResponseOID":"B6370E2F-F9CD-4C7B-AB1E-37111E25A959","StepOrder":"4","Threshold":"-0.5630"},{"ItemResponseOID":"8A2254FA-90DB-4696-B155-AD55B5DE8A9E","StepOrder":"5","Threshold":"-0.1092"}]},{"FormItemOID":"9FB4E174-2562-4B78-9F12-86E612CED151","ID":"PFB24","A_GRM":"3.84154","Map":[{"ItemResponseOID":"4F435A83-7545-4C70-96AD-6788B60815CF","StepOrder":"2","Threshold":"-1.4114"},{"ItemResponseOID":"82BD730D-160E-4B6F-B285-8D75295E0C04","StepOrder":"3","Threshold":"-1.0859"},{"ItemResponseOID":"BC1A86C1-DF4C-4ED9-AC11-D19705FF9C1F","StepOrder":"4","Threshold":"-0.7406"},{"ItemResponseOID":"C9275FD7-2EA4-440F-A3CE-FEBCC06E7EBD","StepOrder":"5","Threshold":"-0.1289"}]},{"FormItemOID":"A113F7FB-455E-4884-BC74-5ABAB2940CF4","ID":"PFA20","A_GRM":"2.60495","Map":[{"ItemResponseOID":"05A88FC7-4A26-4010-A8CB-E74C4C75ECC2","StepOrder":"2","Threshold":"-3.3353"},{"ItemResponseOID":"3A04CC40-6610-48F0-8F82-9BE93CFA93FF","StepOrder":"3","Threshold":"-2.8716"},{"ItemResponseOID":"CF05D01F-3BDF-476A-9BE3-4BAAAD739C8C","StepOrder":"4","Threshold":"-2.4967"},{"ItemResponseOID":"AE6CCD3C-8B22-4890-AC38-6F3AF804E85E","StepOrder":"5","Threshold":"-1.9541"}]},{"FormItemOID":"A5C01CCE-A55A-421C-AA98-242A8B8B5C43","ID":"PFC56","A_GRM":"4.12535","Map":[{"ItemResponseOID":"16D0EA34-B626-47DE-9D8A-94898E9318FB","StepOrder":"2","Threshold":"-2.8519"},{"ItemResponseOID":"11D5A133-E3A4-4A65-9499-1287E995022A","StepOrder":"3","Threshold":"-2.3783"},{"ItemResponseOID":"E005E897-8966-4BFA-B4DF-A926FCD79391","StepOrder":"4","Threshold":"-1.6581"},{"ItemResponseOID":"D2391F0A-2683-401C-8D41-C33BC7ED0CEC","StepOrder":"5","Threshold":"-1.1352"}]},{"FormItemOID":"A5F5ED1A-E94B-4CF3-A67C-08D015D3F381","ID":"PFC41","A_GRM":"3.22325","Map":[{"ItemResponseOID":"AEF7AF33-137D-4964-B4B5-5B17A599B435","StepOrder":"2","Threshold":"-2.6052"},{"ItemResponseOID":"D3187F9B-E449-4624-BF07-AD63965809EB","StepOrder":"3","Threshold":"-1.6877"},{"ItemResponseOID":"0D2C2960-4D91-4349-B623-5E01EA308DBA","StepOrder":"4","Threshold":"-1.1352"},{"ItemResponseOID":"948E683A-905C-4159-A8A7-4C0FF493B45D","StepOrder":"5","Threshold":"-0.2670"}]},{"FormItemOID":"B9203D37-CC31-488D-984B-BABD05C3605E","ID":"PFA13","A_GRM":"2.95971","Map":[{"ItemResponseOID":"BFCFC9DF-1CCF-4E69-AD92-8B4387EBB438","StepOrder":"2","Threshold":"-1.4114"},{"ItemResponseOID":"5A6CBF6D-427F-49C8-8A96-A48B750D7328","StepOrder":"3","Threshold":"-0.9872"},{"ItemResponseOID":"0F28C205-BE4A-477A-AF98-7D868A8AE417","StepOrder":"4","Threshold":"-0.4150"},{"ItemResponseOID":"007B869B-27BB-4A79-BB49-EF30A30B5212","StepOrder":"5","Threshold":"0.3052"}]},{"FormItemOID":"BCB5287E-3F5C-4B4E-B9F2-26C4C77E362A","ID":"PFB9","A_GRM":"3.58814","Map":[{"ItemResponseOID":"890DAB13-01D3-4FB6-BC33-F102F6CF7B3D","StepOrder":"2","Threshold":"-1.6482"},{"ItemResponseOID":"D13C4A0B-8358-485B-AB95-DE23B5BCBBCE","StepOrder":"3","Threshold":"-1.2832"},{"ItemResponseOID":"596170BA-D09A-4D10-8306-0C5FDF50B7E7","StepOrder":"4","Threshold":"-0.8787"},{"ItemResponseOID":"A2AE8796-1DA8-4216-876E-410288E48754","StepOrder":"5","Threshold":"-0.3657"}]},{"FormItemOID":"BDFF35D5-8D30-4EA3-9552-F99DB7DB4D6F","ID":"PFB34","A_GRM":"3.14216","Map":[{"ItemResponseOID":"A8F32A8E-C560-4CD9-B58D-D69A5813ED45","StepOrder":"2","Threshold":"-2.3684"},{"ItemResponseOID":"96B074A2-D306-40DE-ABEE-4EBEE9CACAF5","StepOrder":"3","Threshold":"-1.9837"},{"ItemResponseOID":"8D0A991F-5F18-499B-A717-88EBE98A58E1","StepOrder":"4","Threshold":"-1.5693"},{"ItemResponseOID":"7BDEAA46-6A7E-4C4D-8DE0-0C0E583405E7","StepOrder":"5","Threshold":"-0.9182"}]},{"FormItemOID":"BF591285-7126-47B1-84F6-D75A6E5FEB51","ID":"PFC13r1","A_GRM":"3.20000","Map":[{"ItemResponseOID":"C7793E9E-F066-4DBC-9952-7CF66DE25555","StepOrder":"1","Threshold":"-0.8300"},{"ItemResponseOID":"8585B028-A024-4FFF-BB13-2BD05321E2C2","StepOrder":"2","Threshold":"-0.5400"},{"ItemResponseOID":"47E55EA9-F088-4DD5-9E89-FD2D7A17297F","StepOrder":"3","Threshold":"-0.1400"},{"ItemResponseOID":"5B5D6AEA-6023-4023-9151-71ECB2BBB14C","StepOrder":"4","Threshold":"0.5000"}]},{"FormItemOID":"C46A0965-037D-4BE7-998D-56125F8A860F","ID":"PFB18","A_GRM":"2.30087","Map":[{"ItemResponseOID":"23EFE279-CBCE-4DF9-A779-F53CF68021BC","StepOrder":"2","Threshold":"-3.4537"},{"ItemResponseOID":"6F6433A2-7DC8-41A9-8A61-2F9530D561F2","StepOrder":"3","Threshold":"-3.2070"},{"ItemResponseOID":"E38C5D80-CC93-49A7-AB86-E8EC08D0F099","StepOrder":"4","Threshold":"-2.6348"},{"ItemResponseOID":"0950183B-560A-44FB-853D-829B09F991AE","StepOrder":"5","Threshold":"-2.0823"}]},{"FormItemOID":"C6DF7626-8C46-4E1A-96E2-FCE7B316026A","ID":"PFA12","A_GRM":"3.45638","Map":[{"ItemResponseOID":"B1FA4C21-DEFE-4F5B-BBB9-91A1531B2DF6","StepOrder":"2","Threshold":"-2.7039"},{"ItemResponseOID":"8737EE32-B361-4B2E-9E12-FE88163EFF36","StepOrder":"3","Threshold":"-2.0429"},{"ItemResponseOID":"0422BCF4-62B8-4DC4-BCB9-51F522043493","StepOrder":"4","Threshold":"-1.5200"},{"ItemResponseOID":"0DA32E2B-80AF-4AF5-BD4E-FD6F520493DD","StepOrder":"5","Threshold":"-0.7504"}]},{"FormItemOID":"C82EE934-7360-4C30-A022-0CF5ECA2A7D1","ID":"PFA23","A_GRM":"4.28753","Map":[{"ItemResponseOID":"7276D336-10A9-4FBF-8C35-8F294541F583","StepOrder":"2","Threshold":"-1.9146"},{"ItemResponseOID":"71C7606A-7B9C-4030-BB7A-263347DBFF7E","StepOrder":"3","Threshold":"-1.5792"},{"ItemResponseOID":"420D3F7F-69ED-4845-AED6-E39D657F661C","StepOrder":"4","Threshold":"-1.1944"},{"ItemResponseOID":"FD2B69CE-A7CD-40EC-8CC8-259A8CF3011B","StepOrder":"5","Threshold":"-0.6814"}]},{"FormItemOID":"C95257C9-9F6A-445C-9727-B531951AE8B8","ID":"PFA54","A_GRM":"2.14883","Map":[{"ItemResponseOID":"08D331D3-EE34-4845-8415-B68085CB2C34","StepOrder":"2","Threshold":"-3.8680"},{"ItemResponseOID":"3B9D46E3-2633-4F2B-8859-501E8150E52D","StepOrder":"3","Threshold":"-3.2860"},{"ItemResponseOID":"9B9E2E78-D8E5-4F58-BB79-3A192AF46551","StepOrder":"4","Threshold":"-2.6151"},{"ItemResponseOID":"15075CA3-3139-4286-97C6-9B237F67AD18","StepOrder":"5","Threshold":"-1.9245"}]},{"FormItemOID":"CD171C84-AAF6-46E6-A881-4E4DA8935FB1","ID":"PFA28","A_GRM":"2.17924","Map":[{"ItemResponseOID":"1E82C485-1430-43BE-9CF3-4AA6E9508E02","StepOrder":"2","Threshold":"-3.1873"},{"ItemResponseOID":"F4D9A819-B74C-4031-B9D3-F9202617A7A1","StepOrder":"3","Threshold":"-2.5066"},{"ItemResponseOID":"80E777FF-11DB-493F-AAA4-FE1CDFCD459C","StepOrder":"4","Threshold":"-1.9442"},{"ItemResponseOID":"9C0A4CEC-33DB-4019-8AC4-BDECBF154086","StepOrder":"5","Threshold":"-1.1747"}]},{"FormItemOID":"CD6DD41B-5F2D-41E4-B33B-6E23718810A4","ID":"PFB17","A_GRM":"2.51373","Map":[{"ItemResponseOID":"75D54974-FFCA-419F-8DF2-6922201B8B21","StepOrder":"2","Threshold":"-3.4241"},{"ItemResponseOID":"FEF00C8D-4B00-4452-B218-EF51A2E8419F","StepOrder":"3","Threshold":"-2.5559"},{"ItemResponseOID":"5257BA07-5FF8-444D-B2A5-B54E164A0A2F","StepOrder":"4","Threshold":"-2.0527"},{"ItemResponseOID":"0308A70D-2B19-49F4-BA27-49583368DF88","StepOrder":"5","Threshold":"-1.2437"}]},{"FormItemOID":"CE5E0761-35D6-43AD-9FE5-6DA78A30E35F","ID":"PFB50","A_GRM":"4.23685","Map":[{"ItemResponseOID":"8EC55E98-5840-48F4-B5BC-97ECCAD32D76","StepOrder":"2","Threshold":"-2.7532"},{"ItemResponseOID":"27C2307C-B6FD-4551-8AFA-8E7562B133CE","StepOrder":"3","Threshold":"-1.8061"},{"ItemResponseOID":"2A2730C0-C113-41AE-8A31-17B26B78D6A4","StepOrder":"4","Threshold":"-1.1451"},{"ItemResponseOID":"DC27F2F3-7530-4A4E-8885-EB2BA94FFAE7","StepOrder":"5","Threshold":"-0.3163"}]},{"FormItemOID":"D07B1E85-B0B0-4B65-A187-702050428AF3","ID":"PFA17","A_GRM":"2.17924","Map":[{"ItemResponseOID":"CAF8ED82-398E-4875-B7D1-6E55F0A6A87D","StepOrder":"2","Threshold":"-2.7236"},{"ItemResponseOID":"2E941732-9660-485C-86B5-0425CFC78EBC","StepOrder":"3","Threshold":"-2.3092"},{"ItemResponseOID":"79D0EF6D-F919-42A8-BA68-484235692EFE","StepOrder":"4","Threshold":"-1.7469"},{"ItemResponseOID":"5EF0EC1D-EE9D-48FA-ABE3-B6095DC070F0","StepOrder":"5","Threshold":"-0.9280"}]},{"FormItemOID":"D1ED151B-86E6-40FF-8A7D-B80D10A4DF74","ID":"PFC33r1","A_GRM":"2.02000","Map":[{"ItemResponseOID":"F14BDA6A-F722-4E39-B4D6-C2244652EA4B","StepOrder":"1","Threshold":"0.2800"},{"ItemResponseOID":"CBE75B84-321C-43FB-A29E-0B107B9ECFE2","StepOrder":"2","Threshold":"0.9700"},{"ItemResponseOID":"65186155-E3C9-49D7-A72C-60B22A56F61C","StepOrder":"3","Threshold":"1.6700"},{"ItemResponseOID":"85C9FEFE-D21C-4028-9106-B68A48CFBEA9","StepOrder":"4","Threshold":"2.2400"}]},{"FormItemOID":"D2F12A09-F6D1-452B-A5B4-637F8CC76A94","ID":"PFB48","A_GRM":"3.42597","Map":[{"ItemResponseOID":"02337479-7CDE-4069-8B98-20BDEAD79D55","StepOrder":"2","Threshold":"-3.2169"},{"ItemResponseOID":"3CE4A467-1195-4AC3-B0F1-34CB8B3F43F0","StepOrder":"3","Threshold":"-2.4276"},{"ItemResponseOID":"A5BC506E-7146-44D3-AB76-E05863E4C37E","StepOrder":"4","Threshold":"-1.8455"},{"ItemResponseOID":"4AA990EE-70CA-4AFD-BB94-962845BF49AC","StepOrder":"5","Threshold":"-1.3621"}]},{"FormItemOID":"D40D4E7F-9536-49F9-A2B5-ACD6F7BEB641","ID":"PFC7r1","A_GRM":"2.43000","Map":[{"ItemResponseOID":"28A66EC8-FF16-462A-9C6D-1F829F69F4E3","StepOrder":"1","Threshold":"0.0700"},{"ItemResponseOID":"887B76A4-E30F-44BE-975C-368B5B6A5B00","StepOrder":"2","Threshold":"0.5300"},{"ItemResponseOID":"DE6D00DC-D342-4E92-A3BA-D054F35D7F81","StepOrder":"3","Threshold":"1.1400"},{"ItemResponseOID":"C6D2121B-F519-4F02-8835-97CEEF51B996","StepOrder":"4","Threshold":"1.7700"}]},{"FormItemOID":"D6773900-CB17-4AF3-A329-E95CAF8DA125","ID":"PFB40","A_GRM":"3.02053","Map":[{"ItemResponseOID":"8A04ED7D-83EB-47B3-9A6E-05DAA70E8688","StepOrder":"2","Threshold":"-2.2796"},{"ItemResponseOID":"94B1D626-C2E8-4A6C-B4A9-851FB2107999","StepOrder":"3","Threshold":"-1.9146"},{"ItemResponseOID":"42793231-EECB-4B26-B538-BEC5075B5E0D","StepOrder":"4","Threshold":"-1.5496"},{"ItemResponseOID":"B7487A1C-7279-40CE-A98F-2879EC6D111D","StepOrder":"5","Threshold":"-0.9773"}]},{"FormItemOID":"DBE887A2-2EC3-435E-9C03-CE6E99E1985B","ID":"PFA3","A_GRM":"2.94958","Map":[{"ItemResponseOID":"DEAE5A56-38DF-4010-AEE6-8BD3755773FB","StepOrder":"2","Threshold":"-2.2500"},{"ItemResponseOID":"A444AB69-9D6E-431E-990B-075B686D7FEF","StepOrder":"3","Threshold":"-1.2635"},{"ItemResponseOID":"4A5D72D0-DDAE-41E1-8FA6-B709CC64F69E","StepOrder":"4","Threshold":"-0.5630"},{"ItemResponseOID":"FFB59F0E-9534-41FF-AE46-43CF6A4A7DE4","StepOrder":"5","Threshold":"0.0290"}]},{"FormItemOID":"DE08401B-FC1E-43B2-90D6-078EE923F74B","ID":"PFC54","A_GRM":"2.80767","Map":[{"ItemResponseOID":"72BA65CB-ED7D-4011-8376-C3003CE54E51","StepOrder":"2","Threshold":"-2.4079"},{"ItemResponseOID":"088BEF58-ADE0-45F6-8885-BA888C7DBD61","StepOrder":"3","Threshold":"-1.9738"},{"ItemResponseOID":"2FA48A3F-BEB1-4DEA-8AFA-0150C7955F47","StepOrder":"4","Threshold":"-1.4114"},{"ItemResponseOID":"0B86347A-0348-44A9-8698-55F59035AE9A","StepOrder":"5","Threshold":"-0.9280"}]},{"FormItemOID":"E251AD48-390E-43CD-AA99-E777ADDD2638","ID":"PFA29r1","A_GRM":"2.88000","Map":[{"ItemResponseOID":"69F596C1-7C3A-44F4-AA0A-3297B654F9FE","StepOrder":"1","Threshold":"-2.6000"},{"ItemResponseOID":"07EA1C3F-7491-4BB1-B654-13100DDD538E","StepOrder":"2","Threshold":"-2.0600"},{"ItemResponseOID":"9DB3094C-D704-4009-9421-C3C2138D3400","StepOrder":"3","Threshold":"-1.5100"},{"ItemResponseOID":"AD99B30A-474E-499D-86AD-3641EB05061B","StepOrder":"4","Threshold":"-0.9300"}]},{"FormItemOID":"E3CCBA8D-3718-498E-B855-A35B745F19F7","ID":"PFC46","A_GRM":"3.47665","Map":[{"ItemResponseOID":"FABAEB24-9A20-4737-AAB5-B0E7F97E3411","StepOrder":"2","Threshold":"-3.3649"},{"ItemResponseOID":"C164CA6B-BB25-40CC-8A5A-7DDC892210F9","StepOrder":"3","Threshold":"-2.8617"},{"ItemResponseOID":"8CEDE0AE-1F6D-45CE-B650-D18C1A1CFF29","StepOrder":"4","Threshold":"-2.2796"},{"ItemResponseOID":"3AFC1CD9-6E55-493A-B985-148DF91871CD","StepOrder":"5","Threshold":"-1.5496"}]},{"FormItemOID":"E4159485-B8A4-4C2D-9AB9-C371192EF781","ID":"PFA18","A_GRM":"2.48332","Map":[{"ItemResponseOID":"ED472611-9E4D-4578-83CC-FA1A79B9C763","StepOrder":"2","Threshold":"-2.9209"},{"ItemResponseOID":"8BCACD89-CDB5-453E-B450-2FE96B7596FB","StepOrder":"3","Threshold":"-2.4671"},{"ItemResponseOID":"532F35A5-6B2C-4227-A484-FFECC284941C","StepOrder":"4","Threshold":"-1.9442"},{"ItemResponseOID":"FF9FE56C-6F28-4BB0-80F4-337E44811280","StepOrder":"5","Threshold":"-1.3424"}]},{"FormItemOID":"E4AFA0B0-95F6-4357-AD1F-B40CE3B997D2","ID":"PFA6","A_GRM":"3.02053","Map":[{"ItemResponseOID":"79BC832D-4880-4702-BF23-B7BA51F04F32","StepOrder":"2","Threshold":"-3.7299"},{"ItemResponseOID":"5155BA5E-3EBB-4403-8DB6-2753CF897100","StepOrder":"3","Threshold":"-2.8223"},{"ItemResponseOID":"F3D24B93-6048-4B06-BCA2-56AA6260CFD5","StepOrder":"4","Threshold":"-2.0133"},{"ItemResponseOID":"74F93748-E91F-4120-A625-DAEB48BAE550","StepOrder":"5","Threshold":"-1.4608"}]},{"FormItemOID":"E545E26C-75F6-4B92-9EF3-F9E8C1615D0D","ID":"PFA44","A_GRM":"3.23338","Map":[{"ItemResponseOID":"24F2729E-E86E-426D-BD66-C17B02DDF35B","StepOrder":"2","Threshold":"-3.4142"},{"ItemResponseOID":"754AAAF5-D22B-460F-A3DD-D87ABB2350E2","StepOrder":"3","Threshold":"-2.9900"},{"ItemResponseOID":"411D83A8-B89B-4BE1-B774-55C0E1844F27","StepOrder":"4","Threshold":"-2.4178"},{"ItemResponseOID":"6A16DDDF-8813-4AA4-A5FD-850FFC898ADF","StepOrder":"5","Threshold":"-1.7173"}]},{"FormItemOID":"EA115725-4859-4A17-9722-B3A12151C80A","ID":"PFA42","A_GRM":"4.39902","Map":[{"ItemResponseOID":"817394F7-F88A-4C72-AB88-DE17EC2E7B8B","StepOrder":"2","Threshold":"-1.8357"},{"ItemResponseOID":"A7CBE389-6BAF-422F-B37A-23C814B3A98D","StepOrder":"3","Threshold":"-1.4509"},{"ItemResponseOID":"7219E03C-1BC6-4C93-98BE-40BF9E74B2BE","StepOrder":"4","Threshold":"-1.0267"},{"ItemResponseOID":"D009EB87-3631-4C80-9458-ABC8501A601E","StepOrder":"5","Threshold":"-0.4249"}]},{"FormItemOID":"EC773C1F-D15D-4DB6-8FF1-6AAF621C0DBE","ID":"PFA31r1","A_GRM":"3.26000","Map":[{"ItemResponseOID":"0FDAFC83-88E7-426D-B1FD-ECD99400C3C5","StepOrder":"1","Threshold":"-2.1300"},{"ItemResponseOID":"27059662-B5DF-41A3-AAF5-C18B20C03432","StepOrder":"2","Threshold":"-1.5500"},{"ItemResponseOID":"2CD15B58-B4DF-4A9B-A81F-CAD5E93C6830","StepOrder":"3","Threshold":"-1.0500"},{"ItemResponseOID":"B6B3964F-687D-4738-B7E6-001E08655A67","StepOrder":"4","Threshold":"-0.3100"}]},{"FormItemOID":"EFA073F9-B819-4101-884B-53B9F9F5968B","ID":"PFB54","A_GRM":"3.39556","Map":[{"ItemResponseOID":"3F507C8B-D02C-499E-9074-838C2AC9D145","StepOrder":"2","Threshold":"-3.2860"},{"ItemResponseOID":"3017F927-289D-47AB-A82E-EEEB7984E07B","StepOrder":"3","Threshold":"-2.2698"},{"ItemResponseOID":"6EF72009-AFE1-4592-864C-A3156F9A441B","StepOrder":"4","Threshold":"-1.6877"},{"ItemResponseOID":"D8A6674C-FF7C-4966-9CA0-EE3FFF46440A","StepOrder":"5","Threshold":"-1.1944"}]},{"FormItemOID":"EFC5CD91-E921-42B3-B973-FFAEAAF51629","ID":"PFB26","A_GRM":"3.32461","Map":[{"ItemResponseOID":"5F3D3A3A-D361-4CDB-AD22-0151D10E446A","StepOrder":"2","Threshold":"-3.1676"},{"ItemResponseOID":"4E1CE313-8262-4A84-9AAC-3A6B9FB770B4","StepOrder":"3","Threshold":"-2.8815"},{"ItemResponseOID":"501F5862-5D18-40E3-86D2-E6CB0E4348B7","StepOrder":"4","Threshold":"-2.3388"},{"ItemResponseOID":"985C03A2-A059-4166-9C03-F1B5389E4BC1","StepOrder":"5","Threshold":"-1.7567"}]},{"FormItemOID":"F1611BFA-A878-425C-A871-DA090A7C07BF","ID":"PFC35","A_GRM":"3.02053","Map":[{"ItemResponseOID":"1E44516A-89C7-4A84-8B18-DE65E0BE2DBA","StepOrder":"2","Threshold":"-1.0957"},{"ItemResponseOID":"C4B9F167-EEEC-469F-B30C-44A5AF303C99","StepOrder":"3","Threshold":"-0.5926"},{"ItemResponseOID":"BA7D1793-2399-4D5D-B6DE-AB3EC12DF29B","StepOrder":"4","Threshold":"0.0092"},{"ItemResponseOID":"B46D656C-F434-4468-8BAA-43FBB8E73C8E","StepOrder":"5","Threshold":"0.4828"}]},{"FormItemOID":"F2115138-C8FB-4C2A-B144-771A9C19E9B3","ID":"PFA38","A_GRM":"2.80767","Map":[{"ItemResponseOID":"B6DBF63C-877D-4FBA-B27B-0B1946D56E1F","StepOrder":"2","Threshold":"-3.0294"},{"ItemResponseOID":"7BBC799D-2BEA-40A7-A09F-79AB258CF22C","StepOrder":"3","Threshold":"-2.5066"},{"ItemResponseOID":"FED3DE72-0874-471F-B07D-829E7762F542","StepOrder":"4","Threshold":"-1.9442"},{"ItemResponseOID":"983F2C40-BB05-4F81-AA27-776D34A3215B","StepOrder":"5","Threshold":"-1.3917"}]},{"FormItemOID":"F528C824-E4F4-4BE5-9EE3-DE5120F86853","ID":"PFA40","A_GRM":"2.08802","Map":[{"ItemResponseOID":"252673D2-DE4D-483B-824E-525CBB6F5C86","StepOrder":"2","Threshold":"-3.9371"},{"ItemResponseOID":"453B9C1A-0FFB-4D9E-A3E4-E4AEEDDD6FE1","StepOrder":"3","Threshold":"-3.5129"},{"ItemResponseOID":"B9A5D309-A1F9-49D3-8CEC-6F2010CD02F2","StepOrder":"4","Threshold":"-2.6644"},{"ItemResponseOID":"4C8D0ED5-8966-48F9-85C9-768136BC2762","StepOrder":"5","Threshold":"-1.9541"}]},{"FormItemOID":"F6A78B97-04AD-497D-9521-5B7B747D428C","ID":"PFC12","A_GRM":"4.68283","Map":[{"ItemResponseOID":"5C72C38A-C59C-4C52-8B5E-F609E71E651F","StepOrder":"2","Threshold":"-1.4213"},{"ItemResponseOID":"C9D39372-71D6-4BCC-BA58-8965597BD015","StepOrder":"3","Threshold":"-0.9182"},{"ItemResponseOID":"3D731034-B3E6-45A9-9541-FBBC6123253B","StepOrder":"4","Threshold":"-0.3854"},{"ItemResponseOID":"E344E9D7-2392-46BD-9D8E-A3321C6E73BB","StepOrder":"5","Threshold":"0.0586"}]},{"FormItemOID":"F6C8A338-247B-466A-ACF5-6C597F724A04","ID":"PFA48","A_GRM":"2.28060","Map":[{"ItemResponseOID":"0006814F-58A9-434A-A604-A4DF5F7FB279","StepOrder":"2","Threshold":"-3.5918"},{"ItemResponseOID":"1E44C509-C614-46C1-A1AC-2B1AC00EBCD4","StepOrder":"3","Threshold":"-2.9604"},{"ItemResponseOID":"2CF66FE9-0949-4775-B948-CF7A8375DD8B","StepOrder":"4","Threshold":"-2.5066"},{"ItemResponseOID":"71F3A352-94AB-4E2A-89D6-C6ED5F3B7578","StepOrder":"5","Threshold":"-1.8455"}]},{"FormItemOID":"F8FC45A7-3136-4661-9CB5-3EFE8E87454D","ID":"PFB22","A_GRM":"3.11175","Map":[{"ItemResponseOID":"366A685E-9B66-49F6-BEF9-AB6D85D40188","StepOrder":"2","Threshold":"-3.6214"},{"ItemResponseOID":"1F98E195-D235-4524-A10D-C1E0E51CA628","StepOrder":"3","Threshold":"-2.7828"},{"ItemResponseOID":"7BB70A01-5052-4CA7-8E5E-6715FD770C4B","StepOrder":"4","Threshold":"-2.2895"},{"ItemResponseOID":"A21C363A-A954-411B-AF7D-54CF60CA8256","StepOrder":"5","Threshold":"-1.5989"}]}]}
