{"FormOID":"5760C765-95C9-491D-A88F-77889D70E9B4","Form":"Neuro-QOL Ped SF v1.0 - Anxiety","Properties":[{"MinNumItems":"8"},{"MaxNumItems":"8"},{"IRTModel":"0"},{"SelectionMethod":"1"},{"MinTheta":"-4.00"},{"MaxTheta":"4.00"},{"ThetaIncrement":"0.1000"},{"MaxStdErr":"0.30"},{"SelectionGroupSize":"1"},{"LogisticScaling":"1.0000"},{"DistMean":"0.00"},{"DistStdDev":"1.00"},{"FirstItem":""},{"CalibrationSample":"Wave 1B"},{"SetSelectionMethod":"Instance"}],"Items":[{"FormItemOID":"160FF364-D62C-41DB-AC6E-DB2A9FC2F979","ID":"NQEMNped43","A_GRM":"3.95967","Map":[{"ItemResponseOID":"BA446FCB-F3C8-406F-8112-94C78AF11E40","StepOrder":"1","Threshold":"0.4059"},{"ItemResponseOID":"E1712890-E4C5-4C8F-ADF4-9DD60AC889F9","StepOrder":"2","Threshold":"1.0616"},{"ItemResponseOID":"7385C92B-CC30-420A-8556-86BC12B7DD98","StepOrder":"3","Threshold":"1.6345"},{"ItemResponseOID":"938727EE-7932-4B9B-9668-BB9B60923F40","StepOrder":"4","Threshold":"2.1540"}]},{"FormItemOID":"461E6F50-A7EA-47EC-B7CA-17AEE8A673AB","ID":"NQEMNped26","A_GRM":"4.27429","Map":[{"ItemResponseOID":"521B9BA9-2FC1-4CE4-997B-6A440ADA4771","StepOrder":"1","Threshold":"0.0095"},{"ItemResponseOID":"A7A29AFD-BA98-415F-8C1C-BD72A58D791D","StepOrder":"2","Threshold":"0.7873"},{"ItemResponseOID":"8A7C6ED4-9CAF-4A6B-A8C0-42CFB95C1D89","StepOrder":"3","Threshold":"1.8115"},{"ItemResponseOID":"92E4A143-A25B-4C1B-86B6-1F27B676B9DC","StepOrder":"4","Threshold":"2.2260"}]},{"FormItemOID":"6DB4AF0B-2329-45E1-8508-A39973A83559","ID":"NQEMNped24","A_GRM":"4.46707","Map":[{"ItemResponseOID":"6C7EE1DA-AA74-41FC-9F0F-63D4EC4BDCA0","StepOrder":"1","Threshold":"0.0623"},{"ItemResponseOID":"46A06AA8-C583-4327-8BAE-557CBBEFF428","StepOrder":"2","Threshold":"0.6312"},{"ItemResponseOID":"EAE211F6-8FB5-46AF-B089-EC661D96E6D8","StepOrder":"3","Threshold":"1.5263"},{"ItemResponseOID":"E0381DFC-BE15-4F13-89B7-F4CBCDC60A78","StepOrder":"4","Threshold":"2.1384"}]},{"FormItemOID":"8C11ACFD-CD3A-47CE-8B39-332BD2078FD8","ID":"NQEMNped28","A_GRM":"4.24311","Map":[{"ItemResponseOID":"8B9EB99F-809A-4B59-AA39-55B9505AE235","StepOrder":"1","Threshold":"0.2125"},{"ItemResponseOID":"C192A90C-534F-46C2-9860-09F7815D63CB","StepOrder":"2","Threshold":"0.9065"},{"ItemResponseOID":"1D9D2355-1C30-4DBF-8322-71D5AA566D01","StepOrder":"3","Threshold":"1.8681"},{"ItemResponseOID":"AC6D0C52-D315-4810-889C-44C2C864B101","StepOrder":"4","Threshold":"2.4693"}]},{"FormItemOID":"8C28FB2C-0FA5-43EA-B3A4-CD4F9BAC02FF","ID":"NQEMNped29","A_GRM":"3.63505","Map":[{"ItemResponseOID":"E3E16BDC-1D39-4AAD-B2D6-DB59595E48A9","StepOrder":"1","Threshold":"-0.2681"},{"ItemResponseOID":"34B35C51-491C-450C-9EA1-10CB435B25E4","StepOrder":"2","Threshold":"0.4697"},{"ItemResponseOID":"A0288F81-500A-4EBE-A473-026AF741BEEC","StepOrder":"3","Threshold":"1.6297"},{"ItemResponseOID":"9B7F852C-A2D3-4FA8-9DD5-F6AFD7A6E2C0","StepOrder":"4","Threshold":"2.2317"}]},{"FormItemOID":"8D3DD616-B709-468C-BEC0-97998C9878E0","ID":"NQEMNped23","A_GRM":"5.31528","Map":[{"ItemResponseOID":"D3CE038A-D18C-427E-BFF3-F9B696BFA71C","StepOrder":"1","Threshold":"0.2437"},{"ItemResponseOID":"CE881024-40B9-4C68-A177-7799590906A4","StepOrder":"2","Threshold":"0.7480"},{"ItemResponseOID":"9A8C8DE5-F3DE-4726-90EB-047D0220AC4B","StepOrder":"3","Threshold":"1.5426"},{"ItemResponseOID":"CF2F7409-583D-4FB2-B046-14F200E23CE6","StepOrder":"4","Threshold":"2.3122"}]},{"FormItemOID":"E2085BB4-4214-4000-845F-8AAE547ADB8C","ID":"NQEMNped22","A_GRM":"3.09737","Map":[{"ItemResponseOID":"B8771453-3DD8-4D86-B28B-D65FFB7747F7","StepOrder":"1","Threshold":"0.2284"},{"ItemResponseOID":"0B34E852-8BB2-47C7-8ADA-74C8F2DB77B0","StepOrder":"2","Threshold":"0.8292"},{"ItemResponseOID":"23BA539F-D258-4F2D-B1C2-A0EA6FE89231","StepOrder":"3","Threshold":"1.7093"},{"ItemResponseOID":"3157404C-6BE4-462E-8C55-965FDE3B2BE1","StepOrder":"4","Threshold":"2.2066"}]},{"FormItemOID":"F2EFFFE5-6D83-4821-84E8-B9FEFB6156CA","ID":"NQEMNped46","A_GRM":"1.91720","Map":[{"ItemResponseOID":"06418E98-7A0F-4F58-8ABE-8989DC2868DA","StepOrder":"1","Threshold":"-0.6203"},{"ItemResponseOID":"8CAEC519-9A05-4B28-BC4F-D4EA39A0DB83","StepOrder":"2","Threshold":"0.4684"},{"ItemResponseOID":"ED5C7750-7989-4D7F-B1DE-9E2AA39EF690","StepOrder":"3","Threshold":"1.2674"},{"ItemResponseOID":"7608E043-2CCD-42D2-8D73-86ACFF16B186","StepOrder":"4","Threshold":"2.1276"}]}]}
