{"FormOID":"584B17F2-3FB7-4D06-BAF8-4C0BD71A2FB4","Form":"PROMIS Parent Proxy Fatigue Instrument","Properties":[{"MinNumItems":"10"},{"MaxNumItems":"10"},{"IRTModel":"0"},{"SelectionMethod":"1"},{"MinTheta":"-4.00"},{"MaxTheta":"4.00"},{"ThetaIncrement":"0.1000"},{"MaxStdErr":"0.30"},{"SelectionGroupSize":"1"},{"LogisticScaling":"1.0000"},{"DistMean":"0.00"},{"DistStdDev":"1.00"},{"FirstItem":""},{"CalibrationSample":"Parent Proxy"},{"SetSelectionMethod":"Instance"}],"Items":[{"FormItemOID":"3ADD485D-CFA9-4A16-98C0-FAC2DB2B352B","ID":"Pf4fatigue8","A_GRM":"2.75000","Map":[{"ItemResponseOID":"11E1CDA6-AB0C-465D-A477-CBE13D5C33A6","StepOrder":"0","Threshold":"0.0600"},{"ItemResponseOID":"B4C756CD-7973-429E-B647-C10B9A7F049A","StepOrder":"1","Threshold":"0.8700"},{"ItemResponseOID":"AC415574-C27A-4C1C-9ADA-1F5CAFFDA622","StepOrder":"2","Threshold":"1.9600"},{"ItemResponseOID":"27C0E726-602D-44CE-9405-F7065FD7DEAB","StepOrder":"3","Threshold":"3.0500"}]},{"FormItemOID":"4FB95072-BD98-497F-8E03-C8696F9407CE","ID":"Pf4fatigue3","A_GRM":"2.61000","Map":[{"ItemResponseOID":"A40758BA-B86E-440B-9CB6-8871AEE6973C","StepOrder":"0","Threshold":"-0.6800"},{"ItemResponseOID":"85DB9C06-4065-408C-9700-A7B989C17C24","StepOrder":"1","Threshold":"0.3600"},{"ItemResponseOID":"78B28DE1-9E68-4D89-A498-470BC922F088","StepOrder":"2","Threshold":"1.5100"},{"ItemResponseOID":"8E98F987-66BC-4C4D-9F69-A9C4B923AF36","StepOrder":"3","Threshold":"2.3200"}]},{"FormItemOID":"65224130-4FC4-480E-943C-6DFA79477443","ID":"Pf3fatigue8","A_GRM":"2.48000","Map":[{"ItemResponseOID":"F523CCEA-0B5A-4914-9F45-021B6B806BFF","StepOrder":"0","Threshold":"-0.3100"},{"ItemResponseOID":"A2E09583-B5C2-47CA-93B5-3559BF54F230","StepOrder":"1","Threshold":"0.6200"},{"ItemResponseOID":"3EEA00C5-F085-4D45-A4FA-87648F6E33A3","StepOrder":"2","Threshold":"1.7200"},{"ItemResponseOID":"F2BB446E-D2D9-4A5A-9357-E5FB01A0F31D","StepOrder":"3","Threshold":"2.4000"}]},{"FormItemOID":"68E7AAF5-6463-4958-A2FA-07AD77F36935","ID":"Pf3fatigue4","A_GRM":"1.91000","Map":[{"ItemResponseOID":"BB962BD7-CBF3-49F2-89D4-BFFED075AD4B","StepOrder":"0","Threshold":"-0.1800"},{"ItemResponseOID":"641F9503-6B13-4329-99AA-D29991BFFFC5","StepOrder":"1","Threshold":"0.8900"},{"ItemResponseOID":"8322EB6F-635D-4D2B-84DF-E9C73D86B45A","StepOrder":"2","Threshold":"2.1300"},{"ItemResponseOID":"E7A3AC1B-5497-46D3-908C-CC69D7538C35","StepOrder":"3","Threshold":"2.8200"}]},{"FormItemOID":"7808BF2C-BCAD-439F-AB71-1973CE6E097B","ID":"Pf2fatigue4","A_GRM":"2.13000","Map":[{"ItemResponseOID":"3B9514D4-AFCA-4A6A-9386-A44B99652D91","StepOrder":"0","Threshold":"-0.5400"},{"ItemResponseOID":"83E477B5-9856-400A-AE99-8F3ECEB591EB","StepOrder":"1","Threshold":"0.6600"},{"ItemResponseOID":"23865FF6-4073-430D-BE02-D9578C5A2A61","StepOrder":"2","Threshold":"1.8200"},{"ItemResponseOID":"7D38D8BA-1354-4544-A3A1-32C4ECC1B2A7","StepOrder":"3","Threshold":"2.4000"}]},{"FormItemOID":"8A1CB3E0-8F39-41E8-94C2-F2B54CD5C4E0","ID":"Pf4fatigue12","A_GRM":"3.43000","Map":[{"ItemResponseOID":"CFFEB265-CC3F-4F67-BE64-6CE8875E3DFC","StepOrder":"0","Threshold":"0.2100"},{"ItemResponseOID":"29EFA268-FB64-49E9-BC2B-D5A9F3CB4182","StepOrder":"1","Threshold":"1.0100"},{"ItemResponseOID":"8D6EC25F-F70B-4058-9F58-76EE64409A55","StepOrder":"2","Threshold":"2.2300"},{"ItemResponseOID":"B68269DB-9F14-49BD-9A01-EA5237FDA6A7","StepOrder":"3","Threshold":"2.7200"}]},{"FormItemOID":"BFCE4143-9CB5-49B9-B51F-BA3F8776A380","ID":"Pf4fatigue4","A_GRM":"4.36000","Map":[{"ItemResponseOID":"1B74DE0B-2226-4F22-9938-E431D746E2BD","StepOrder":"0","Threshold":"-0.1000"},{"ItemResponseOID":"1EEA306A-73E6-4E5A-810C-FF063DC574F2","StepOrder":"1","Threshold":"0.9600"},{"ItemResponseOID":"C5FABF57-DFC3-4D30-9FDC-C6C5D61522EF","StepOrder":"2","Threshold":"1.9800"},{"ItemResponseOID":"D4E660B7-2F31-4028-9DAF-7C9E6B695A8B","StepOrder":"3","Threshold":"2.9300"}]},{"FormItemOID":"CF6D2EA0-8FA5-4EFE-B293-66A48CB98E81","ID":"Pf2fatigue8","A_GRM":"2.67000","Map":[{"ItemResponseOID":"706E0EF0-7675-4A70-9518-87E30D9BD694","StepOrder":"0","Threshold":"0.0200"},{"ItemResponseOID":"0EF7B7E7-9D25-4265-94AF-E78DF6F9B2C1","StepOrder":"1","Threshold":"0.7500"},{"ItemResponseOID":"52464F42-15C5-4896-B2CC-8A81F8CAC7C0","StepOrder":"2","Threshold":"1.6800"},{"ItemResponseOID":"045B680C-5264-4656-9985-17372F7026B8","StepOrder":"3","Threshold":"2.3000"}]},{"FormItemOID":"D59A1364-73A6-4733-8FBF-2CFBB339EBBA","ID":"Pf3fatigue12","A_GRM":"2.43000","Map":[{"ItemResponseOID":"A631D902-02C9-4D18-8BB7-C5B0CCF14575","StepOrder":"0","Threshold":"-0.4600"},{"ItemResponseOID":"7E92A029-0AFD-48EC-814A-D3AA96E6E9DB","StepOrder":"1","Threshold":"0.7600"},{"ItemResponseOID":"7D635D58-3733-40A1-8779-A0D7C86AEAEF","StepOrder":"2","Threshold":"1.8800"},{"ItemResponseOID":"EFA55F1E-4F2C-4ACD-A534-37892535F1AE","StepOrder":"3","Threshold":"2.6000"}]},{"FormItemOID":"F618D4B6-7ACC-4364-A21F-5A94307AE284","ID":"Pf3fatigue7","A_GRM":"3.10000","Map":[{"ItemResponseOID":"93A59E58-80F1-4D72-B60F-47E60BBB2B53","StepOrder":"0","Threshold":"-0.3800"},{"ItemResponseOID":"D5BD5623-14E8-4343-B3AC-CEC29FF33FE9","StepOrder":"1","Threshold":"0.7200"},{"ItemResponseOID":"973D9848-0E06-4983-B495-4EC9D4C7DA25","StepOrder":"2","Threshold":"1.8700"},{"ItemResponseOID":"5BEFAC5B-D82D-4595-8AB5-FBEE0C13186C","StepOrder":"3","Threshold":"2.5900"}]}]}
