{"FormOID":"612ADAF7-0C0E-4D16-9236-C8006F84759A","Form":"PROMIS Satisfaction with Roles and Activites bank Version 2","Properties":[{"MinNumItems":"4"},{"MaxNumItems":"12"},{"IRTModel":"0"},{"SelectionMethod":"1"},{"MinTheta":"-4.00"},{"MaxTheta":"4.00"},{"ThetaIncrement":"0.1000"},{"MaxStdErr":"0.30"},{"SelectionGroupSize":"1"},{"LogisticScaling":"1.0000"},{"DistMean":"0.00"},{"DistStdDev":"1.00"},{"FirstItem":""},{"CalibrationSample":"Social Supplement"},{"SetSelectionMethod":"FormDefault"}],"Items":[{"FormItemOID":"08F502EF-439B-4DBA-9CC7-C34EC61ED9FE","ID":"SRPSAT49r1","A_GRM":"4.16999","Map":[{"ItemResponseOID":"9F3007F2-60EA-4E68-8D91-54B2CF553A79","StepOrder":"1","Threshold":"-1.5875"},{"ItemResponseOID":"8DE609C0-0EA7-4160-94C1-4A58F4E7CA54","StepOrder":"2","Threshold":"-1.0594"},{"ItemResponseOID":"40CB2FA8-3EEE-41D5-B799-42DE6EE14F15","StepOrder":"3","Threshold":"-0.3223"},{"ItemResponseOID":"FB8188A4-37FC-4AC0-A1D8-473B93D20233","StepOrder":"4","Threshold":"0.3584"}]},{"FormItemOID":"0CFB677C-794E-4598-8C1D-62DE9BC6B552","ID":"SRPSAT03_CaPS","A_GRM":"2.52883","Map":[{"ItemResponseOID":"1689D119-510B-4BA9-B0F5-2E3C279B56B7","StepOrder":"1","Threshold":"-1.3463"},{"ItemResponseOID":"6D9B399F-DF0C-4E34-9BF0-AA6546CD1261","StepOrder":"2","Threshold":"-0.7671"},{"ItemResponseOID":"BED5A94C-FB76-4F76-9AFB-84F6A82BE967","StepOrder":"3","Threshold":"0.0167"},{"ItemResponseOID":"12F813FE-2250-4542-9ACB-748848278DBA","StepOrder":"4","Threshold":"0.7910"}]},{"FormItemOID":"1016F0A2-D585-4434-AD24-716641F2AF95","ID":"SRPSAT48r1","A_GRM":"2.31882","Map":[{"ItemResponseOID":"6956B8CD-0D92-419C-BEA0-947489A20A40","StepOrder":"1","Threshold":"-2.2438"},{"ItemResponseOID":"CA83ECFC-D8D0-4BA9-B29E-EE2A851E3FAC","StepOrder":"2","Threshold":"-1.4580"},{"ItemResponseOID":"942B8B4B-75D4-4C77-A1B9-CAC74A8E6169","StepOrder":"3","Threshold":"-0.7345"},{"ItemResponseOID":"ED1CF585-073D-479D-9EDA-9E849D9E9A3F","StepOrder":"4","Threshold":"0.1868"}]},{"FormItemOID":"1C920C18-BC28-4D5A-A52F-7E61E85847A5","ID":"SRPSAT41_CaPS","A_GRM":"3.10970","Map":[{"ItemResponseOID":"0B1198E1-882D-4E30-A11D-F06378D67307","StepOrder":"1","Threshold":"-1.4639"},{"ItemResponseOID":"3A27CD97-7624-4556-837B-1E441FF0DF06","StepOrder":"2","Threshold":"-0.8780"},{"ItemResponseOID":"5713A311-5C35-4EFD-BA9B-D94BA95823AB","StepOrder":"3","Threshold":"-0.0355"},{"ItemResponseOID":"45AE53B6-377D-4E6E-933F-EF9EC3297DA1","StepOrder":"4","Threshold":"0.6631"}]},{"FormItemOID":"1D76CE60-2158-4FB0-AFAF-6AC11CEC4DD0","ID":"SRPSAT17_CaPS","A_GRM":"3.38678","Map":[{"ItemResponseOID":"BB8E9822-2EE8-4844-92A5-F32B4F6BC3BC","StepOrder":"1","Threshold":"-1.2491"},{"ItemResponseOID":"104ED0AD-DEF5-492C-BEE5-07C220074375","StepOrder":"2","Threshold":"-0.7504"},{"ItemResponseOID":"102AAC37-AFA1-4CF8-A9FB-7A12E3FB6005","StepOrder":"3","Threshold":"-0.0247"},{"ItemResponseOID":"D63EB07A-98BD-48DF-B9E8-F897E4C6259D","StepOrder":"4","Threshold":"0.7282"}]},{"FormItemOID":"2A75F034-86EB-4B63-9580-B51A423C445A","ID":"SRPSAT19r1","A_GRM":"3.52885","Map":[{"ItemResponseOID":"E4D37954-1F2A-4EA8-9540-EE86C0F5E120","StepOrder":"1","Threshold":"-1.2391"},{"ItemResponseOID":"25C8352A-A13D-4A93-A09D-B96F7AE0422D","StepOrder":"2","Threshold":"-0.7194"},{"ItemResponseOID":"AD253989-2E0C-46F1-88EA-1F26FFBB5668","StepOrder":"3","Threshold":"-0.0294"},{"ItemResponseOID":"EDEC3DA7-7184-4F74-B5D3-A63A29CF11AA","StepOrder":"4","Threshold":"0.6925"}]},{"FormItemOID":"3E2CAEB3-6F17-433C-AC4D-4DE5E8A4D036","ID":"SRPSAT38r1","A_GRM":"3.53917","Map":[{"ItemResponseOID":"20B21D3B-7970-4D0D-ABF8-2843A945EEDA","StepOrder":"1","Threshold":"-1.4973"},{"ItemResponseOID":"329FA3A4-C888-4B4E-BCD2-D393B27BA9E9","StepOrder":"2","Threshold":"-0.9641"},{"ItemResponseOID":"F9B676E6-176F-4919-872C-889B0D1D695E","StepOrder":"3","Threshold":"-0.1241"},{"ItemResponseOID":"DE0E2B23-D303-49FB-84C2-BD0A9AA2E73C","StepOrder":"4","Threshold":"0.6099"}]},{"FormItemOID":"4B7441C9-C3B5-43B6-A199-AEA8F9D49AF8","ID":"SRPSAT43_CaPS","A_GRM":"2.31934","Map":[{"ItemResponseOID":"B831E7DD-25F7-4CE0-912C-23D44293F14F","StepOrder":"1","Threshold":"-2.1968"},{"ItemResponseOID":"FF34E3D0-406F-4BA4-9056-81E08E7833B1","StepOrder":"2","Threshold":"-1.3310"},{"ItemResponseOID":"A05B55E6-6FA9-42B3-9743-B232C2929A45","StepOrder":"3","Threshold":"-0.3673"},{"ItemResponseOID":"9DEB4EDE-5A2D-4B87-89D9-B963125E5E54","StepOrder":"4","Threshold":"0.5270"}]},{"FormItemOID":"4EF330B7-6280-46BA-B78E-EEF4D0315D52","ID":"SRPSAT35r1","A_GRM":"2.81527","Map":[{"ItemResponseOID":"3F26F7BA-659D-462D-A7EA-B31DAE1418A0","StepOrder":"1","Threshold":"-1.4112"},{"ItemResponseOID":"8122C7E3-EBCA-434F-AAF5-29F3D2C76D39","StepOrder":"2","Threshold":"-0.9383"},{"ItemResponseOID":"F6785FE0-B8AF-485F-9D02-2CDEF329855F","StepOrder":"3","Threshold":"-0.1125"},{"ItemResponseOID":"D77E034D-2931-4354-89B4-F294F3492A10","StepOrder":"4","Threshold":"0.7006"}]},{"FormItemOID":"4F6DCB41-81CE-4F45-8C1A-A348F9C4ED2E","ID":"SRPSAT05_CaPS","A_GRM":"3.55345","Map":[{"ItemResponseOID":"7BE94A2E-D048-44A7-A19A-51272C3362CB","StepOrder":"1","Threshold":"-1.4126"},{"ItemResponseOID":"8C517F1A-055A-4C2D-8981-6A2520C9A72D","StepOrder":"2","Threshold":"-0.8334"},{"ItemResponseOID":"7090EE95-CB14-4243-B295-B886C3568C13","StepOrder":"3","Threshold":"0.0309"},{"ItemResponseOID":"CA53A6D5-D80C-4D7E-9174-9BC9EDFB40B9","StepOrder":"4","Threshold":"0.7348"}]},{"FormItemOID":"6299FC96-1FA2-4E59-B246-E0135E280AB4","ID":"SRPSAT34r1","A_GRM":"4.04326","Map":[{"ItemResponseOID":"9B16B4BE-3B80-433E-B6F4-1EB822C58375","StepOrder":"1","Threshold":"-1.6063"},{"ItemResponseOID":"137C114D-172E-4CF5-A12E-66777319A3BD","StepOrder":"2","Threshold":"-0.9906"},{"ItemResponseOID":"39BD8330-7EC9-4765-975B-E4B10571D544","StepOrder":"3","Threshold":"-0.1608"},{"ItemResponseOID":"4F88573E-000D-4617-8079-CF7DB82D8F89","StepOrder":"4","Threshold":"0.5540"}]},{"FormItemOID":"67627463-34B1-42E8-A714-6ED95E2EAF52","ID":"SRPSAT15_CaPS","A_GRM":"3.44286","Map":[{"ItemResponseOID":"7B1E268A-68DC-4474-8CAC-D1F1E4324DBA","StepOrder":"1","Threshold":"-1.6739"},{"ItemResponseOID":"E2281506-87B9-4424-B890-DF22A864DC58","StepOrder":"2","Threshold":"-1.1491"},{"ItemResponseOID":"0A3847A7-5BFA-49E1-9B77-5DA303C977D2","StepOrder":"3","Threshold":"-0.3831"},{"ItemResponseOID":"FA05F2CC-965E-491E-84FD-7EB5E3A9112C","StepOrder":"4","Threshold":"0.3607"}]},{"FormItemOID":"72C5490F-2C68-4E08-83D1-BFB8DEFC53EE","ID":"SRPSAT39r1","A_GRM":"3.57274","Map":[{"ItemResponseOID":"CF870993-44EA-43C0-A3EE-8326CD47B56A","StepOrder":"1","Threshold":"-1.4154"},{"ItemResponseOID":"E9BA5F49-898A-4D47-BE55-32B8028DE378","StepOrder":"2","Threshold":"-0.8726"},{"ItemResponseOID":"299A2861-B5BA-45A3-92B0-0AD72C5C36D1","StepOrder":"3","Threshold":"-0.1330"},{"ItemResponseOID":"E52A803F-1E14-4F36-B7B9-04DDFB36B9CB","StepOrder":"4","Threshold":"0.5453"}]},{"FormItemOID":"7443F0F3-5DE3-4985-B410-E3F6101C566C","ID":"SRPSAT23_CaPS","A_GRM":"4.56280","Map":[{"ItemResponseOID":"B8473C37-9A62-4AC8-AF7D-EB9F0FBF9EA9","StepOrder":"1","Threshold":"-1.3309"},{"ItemResponseOID":"F84EDF6A-1AE5-46EB-8327-4D25E65ABB8E","StepOrder":"2","Threshold":"-0.8270"},{"ItemResponseOID":"0BC37838-173A-499F-8219-2DFBF1BC335F","StepOrder":"3","Threshold":"-0.0706"},{"ItemResponseOID":"B34546EC-DA7C-4603-B2C5-035B086AC979","StepOrder":"4","Threshold":"0.6191"}]},{"FormItemOID":"7AD67907-5C6C-4AA8-818B-49543BD82F7B","ID":"SRPSAT25r1","A_GRM":"3.19416","Map":[{"ItemResponseOID":"4564C3B7-6788-4209-9EA6-D4C0282D7BEE","StepOrder":"1","Threshold":"-1.4315"},{"ItemResponseOID":"A8366256-68C9-4461-8181-2A6B8CBB6EEF","StepOrder":"2","Threshold":"-0.8448"},{"ItemResponseOID":"A67EB35C-6EAA-4499-96A6-0559205B3F84","StepOrder":"3","Threshold":"0.0326"},{"ItemResponseOID":"4FA34958-C193-4CBD-9C1E-0541842C3821","StepOrder":"4","Threshold":"0.7595"}]},{"FormItemOID":"7CBFA327-E7A1-460C-B98D-EE130D22AB4D","ID":"SRPSAT50r1","A_GRM":"3.47005","Map":[{"ItemResponseOID":"E1884D19-4773-4B89-AC12-F7F7BA7C1AAA","StepOrder":"1","Threshold":"-1.6451"},{"ItemResponseOID":"303EFBB3-135F-476E-B620-3C71C5150EA9","StepOrder":"2","Threshold":"-1.1485"},{"ItemResponseOID":"FBD2698C-B318-4D81-B1D5-376F8906FDD1","StepOrder":"3","Threshold":"-0.3461"},{"ItemResponseOID":"4E3DC8A5-30DF-4C33-8A2D-A033C608F93E","StepOrder":"4","Threshold":"0.4891"}]},{"FormItemOID":"7D200B31-ACC8-4C68-98E8-D1C86AAE3FCB","ID":"SRPSAT05r1","A_GRM":"3.17814","Map":[{"ItemResponseOID":"4A6B820A-E015-453C-BB62-83AD3A70B442","StepOrder":"1","Threshold":"-1.4943"},{"ItemResponseOID":"D51F38DB-F154-427F-A800-164DA7A448A5","StepOrder":"2","Threshold":"-0.8917"},{"ItemResponseOID":"3E598758-73DE-43D7-9ED7-AE607314E6FA","StepOrder":"3","Threshold":"-0.0929"},{"ItemResponseOID":"A0CEFDA7-668B-4336-813B-F797A638E0B4","StepOrder":"4","Threshold":"0.6540"}]},{"FormItemOID":"7DC29C0F-BECB-4343-A0E7-6E481138E49F","ID":"SRPSAT09r1","A_GRM":"3.73571","Map":[{"ItemResponseOID":"EC004CC0-7E3A-4EF1-BCB7-BC058F5ED2AE","StepOrder":"1","Threshold":"-1.3662"},{"ItemResponseOID":"64787CBD-3EF7-4B6D-8780-ACE6AD89BB1C","StepOrder":"2","Threshold":"-0.9007"},{"ItemResponseOID":"86B9A125-E3C8-4E70-88AB-42158EB0E245","StepOrder":"3","Threshold":"-0.2037"},{"ItemResponseOID":"705795DB-1C1F-4214-8FF0-C986C0757F1B","StepOrder":"4","Threshold":"0.4976"}]},{"FormItemOID":"8282E1C3-81C1-4B7A-976C-DCC5626CB2A9","ID":"SRPSAT38_CaPS","A_GRM":"3.84217","Map":[{"ItemResponseOID":"B595AF03-FD12-4F64-B6AF-29E2DA00FCA4","StepOrder":"1","Threshold":"-1.5900"},{"ItemResponseOID":"6CC4E542-2835-4E25-9E9A-4B1BF7E99B54","StepOrder":"2","Threshold":"-1.0150"},{"ItemResponseOID":"3ADFD614-50D8-481A-9C75-01A83684F02C","StepOrder":"3","Threshold":"-0.2373"},{"ItemResponseOID":"BD527BD8-DC3A-4A49-9660-50A8A90F0285","StepOrder":"4","Threshold":"0.4936"}]},{"FormItemOID":"838DC66C-4B36-4560-9934-8F57F738E6B9","ID":"SRPSAT51_CaPS","A_GRM":"3.07995","Map":[{"ItemResponseOID":"7B90F0D5-B7ED-4B84-9801-74684B08A1A4","StepOrder":"1","Threshold":"-1.3475"},{"ItemResponseOID":"5744BBC4-0951-4BFD-B3F2-E80D02810344","StepOrder":"2","Threshold":"-0.8401"},{"ItemResponseOID":"51A3480F-700B-4A48-81D6-2EC2CC16D398","StepOrder":"3","Threshold":"-0.1537"},{"ItemResponseOID":"A758AAE5-3AB1-40CD-A750-94AEC46E32F9","StepOrder":"4","Threshold":"0.6006"}]},{"FormItemOID":"83A016C5-B241-40DD-AD30-22DC0984947E","ID":"SRPSAT33_CaPS","A_GRM":"4.57753","Map":[{"ItemResponseOID":"7F31034C-92F2-4DD8-8C73-FDDCEC4C4611","StepOrder":"1","Threshold":"-1.4283"},{"ItemResponseOID":"A9EF1671-A659-4CFF-907C-0FAD2178DC6A","StepOrder":"2","Threshold":"-0.8224"},{"ItemResponseOID":"507183E4-1512-4631-92BF-4194FD75B7C3","StepOrder":"3","Threshold":"-0.0924"},{"ItemResponseOID":"36C95C2C-5E5C-4842-8FCC-B78A963B15AC","StepOrder":"4","Threshold":"0.6083"}]},{"FormItemOID":"8D53C9A9-A639-49D1-8185-891E4588BB72","ID":"SRPSAT51r1","A_GRM":"3.24071","Map":[{"ItemResponseOID":"3FFDB773-9157-4258-949B-5692E0528631","StepOrder":"1","Threshold":"-1.4785"},{"ItemResponseOID":"CD758F64-12E0-41BF-8DA7-34B9FFD014D9","StepOrder":"2","Threshold":"-1.0396"},{"ItemResponseOID":"1C4C146D-357E-4E31-8691-2070263194A9","StepOrder":"3","Threshold":"-0.4012"},{"ItemResponseOID":"1868B6B7-5A1A-42A8-AE14-1F8D0DE231B4","StepOrder":"4","Threshold":"0.2734"}]},{"FormItemOID":"9BA40EFE-2527-4532-AA89-6A4E4D7070F7","ID":"SRPSAT07r1","A_GRM":"3.86015","Map":[{"ItemResponseOID":"37935244-26C1-47F6-AFB7-3DCD7409B1CB","StepOrder":"1","Threshold":"-1.2958"},{"ItemResponseOID":"C921718A-1851-4553-9159-EA19A59C0984","StepOrder":"2","Threshold":"-0.8215"},{"ItemResponseOID":"9A7A3AB8-AE6B-48DA-A079-68BA050E12B3","StepOrder":"3","Threshold":"-0.0868"},{"ItemResponseOID":"AEADAC04-F045-4E84-8572-8D55175EC1ED","StepOrder":"4","Threshold":"0.5918"}]},{"FormItemOID":"9EF14D97-0C56-496E-B17C-D2F661C3237A","ID":"SRPSAT20r1","A_GRM":"4.09960","Map":[{"ItemResponseOID":"3FF3DFCC-EF22-4EFF-A792-B000A202D345","StepOrder":"1","Threshold":"-1.5382"},{"ItemResponseOID":"1B0663E3-1695-42E9-B59B-AE26B536CECF","StepOrder":"2","Threshold":"-0.9343"},{"ItemResponseOID":"77405383-C1FF-45D4-9A56-5E0A6B0F39CC","StepOrder":"3","Threshold":"-0.1488"},{"ItemResponseOID":"02694F24-3FD0-41DC-B1A6-70E961F46B40","StepOrder":"4","Threshold":"0.6153"}]},{"FormItemOID":"A8F2F790-F88F-4675-BF07-30B6200471AC","ID":"RP14_CaPS","A_GRM":"3.28266","Map":[{"ItemResponseOID":"D3DC1AFC-AF55-4177-A86C-0CDCAAE01520","StepOrder":"1","Threshold":"-1.5660"},{"ItemResponseOID":"CC4772A6-426A-480A-89C2-D15EA2489250","StepOrder":"2","Threshold":"-1.0287"},{"ItemResponseOID":"9BC897FA-27BF-4ECE-9CC7-8000DA1FBA26","StepOrder":"3","Threshold":"-0.1879"},{"ItemResponseOID":"46595C3A-3DB1-4E9A-84D6-8DABDD4DD893","StepOrder":"4","Threshold":"0.5779"}]},{"FormItemOID":"AA2A6F8C-5E94-4157-B265-C428F1631418","ID":"SRPSAT23r1","A_GRM":"4.48931","Map":[{"ItemResponseOID":"617AAEE2-6C4B-4C18-B35B-E52FB738491B","StepOrder":"1","Threshold":"-1.4675"},{"ItemResponseOID":"75DD20D8-ED0A-4F67-AA07-3D20388A824D","StepOrder":"2","Threshold":"-0.8725"},{"ItemResponseOID":"3FBAAA1B-34E8-437F-900F-9266B61D4990","StepOrder":"3","Threshold":"-0.1462"},{"ItemResponseOID":"CA6DB426-9B3E-4C3A-8971-E771E4C22DA5","StepOrder":"4","Threshold":"0.5295"}]},{"FormItemOID":"AE7969A8-2769-4E42-A04C-2ADCD2EE0942","ID":"SRPSAT06r1","A_GRM":"3.88990","Map":[{"ItemResponseOID":"3FE6663C-BEB1-410E-A411-5CE48FC7D45F","StepOrder":"1","Threshold":"-1.6407"},{"ItemResponseOID":"8F19166F-F66D-4DD0-8C7D-BDCB8C515A5E","StepOrder":"2","Threshold":"-1.1209"},{"ItemResponseOID":"D09DA18D-397F-4F47-B4BC-D553C68F76FF","StepOrder":"3","Threshold":"-0.3121"},{"ItemResponseOID":"D75D0D17-CB52-4554-B044-B6A085CBAA91","StepOrder":"4","Threshold":"0.4354"}]},{"FormItemOID":"B0D3A51D-06F9-4895-9AB0-2BD7A70D5F24","ID":"SRPSAT52r1","A_GRM":"4.49267","Map":[{"ItemResponseOID":"878B6567-9895-4272-982A-222D2495F28D","StepOrder":"1","Threshold":"-1.2558"},{"ItemResponseOID":"990B8830-3F3C-4D50-B5D1-BCA78600E282","StepOrder":"2","Threshold":"-0.7838"},{"ItemResponseOID":"0D9A708C-FA62-4FED-BCEF-F5CBF17DA24C","StepOrder":"3","Threshold":"-0.1158"},{"ItemResponseOID":"FCA4F5EF-D0F9-4E5E-8394-299007B679F9","StepOrder":"4","Threshold":"0.5135"}]},{"FormItemOID":"B1A0E318-5935-4209-B16D-40AC6F5EA67E","ID":"SRPSAT46_CaPS","A_GRM":"3.61734","Map":[{"ItemResponseOID":"E7487DC2-B512-4052-833F-7A10BB2EB44B","StepOrder":"1","Threshold":"-1.7176"},{"ItemResponseOID":"A901EB81-D540-4AEB-9683-A12C20983233","StepOrder":"2","Threshold":"-1.0184"},{"ItemResponseOID":"2B5D7EA1-67F3-4028-8129-CD72B49B80A2","StepOrder":"3","Threshold":"-0.1624"},{"ItemResponseOID":"45BE6E32-3D8B-44CD-BA37-1407894112A6","StepOrder":"4","Threshold":"0.7194"}]},{"FormItemOID":"B2A3550F-F334-4B0F-8583-4759E6A38BA2","ID":"SRPSAT47_CaPS","A_GRM":"3.57114","Map":[{"ItemResponseOID":"F03871BD-5DC7-4D6B-A31B-7100C0E959CD","StepOrder":"1","Threshold":"-1.7846"},{"ItemResponseOID":"80447F87-3095-41DD-8C4E-446D9AB90501","StepOrder":"2","Threshold":"-1.1755"},{"ItemResponseOID":"AD68BF87-912E-496D-BCFE-E0B917AB5FD6","StepOrder":"3","Threshold":"-0.4262"},{"ItemResponseOID":"EF79AE45-A4B9-40D3-91F4-94298EE32B75","StepOrder":"4","Threshold":"0.3321"}]},{"FormItemOID":"B50BBF49-261A-4D03-8E7A-277CE02B35DC","ID":"SRPSAT08r1","A_GRM":"3.58485","Map":[{"ItemResponseOID":"58A624BC-B451-455C-9B76-C0F1BF4B9103","StepOrder":"1","Threshold":"-1.7093"},{"ItemResponseOID":"A091ECA6-1A4A-4823-95D9-151BB0E9A257","StepOrder":"2","Threshold":"-1.1283"},{"ItemResponseOID":"21F3C574-4E4B-469D-B315-0B629961A8E0","StepOrder":"3","Threshold":"-0.3736"},{"ItemResponseOID":"5502B23D-4358-4B77-82AA-5E91F0B9577F","StepOrder":"4","Threshold":"0.3393"}]},{"FormItemOID":"B5814223-733C-47F8-879E-1C4666201C00","ID":"SRPSAT29_CaPS","A_GRM":"3.66543","Map":[{"ItemResponseOID":"43D44737-4173-45D2-93A1-CAC1C4D0C3A0","StepOrder":"1","Threshold":"-1.5004"},{"ItemResponseOID":"E7927725-F9EC-405E-BB83-71676E66C36A","StepOrder":"2","Threshold":"-0.9263"},{"ItemResponseOID":"0D44C62D-0980-4DF7-B1C7-D3EA2371FB33","StepOrder":"3","Threshold":"-0.1473"},{"ItemResponseOID":"0881094F-D5C2-494C-8497-48CDF06A678B","StepOrder":"4","Threshold":"0.5544"}]},{"FormItemOID":"BB4A7098-34C8-4B6C-8CDF-160E0706C3B5","ID":"SRPSAT36r1","A_GRM":"3.53007","Map":[{"ItemResponseOID":"CDEBDA1F-F63A-4BFD-943B-A1E8EDAB215F","StepOrder":"1","Threshold":"-1.5887"},{"ItemResponseOID":"062FD197-8BFA-489D-8747-93F3F3EE4260","StepOrder":"2","Threshold":"-0.9378"},{"ItemResponseOID":"519E3D21-787C-418D-AE7D-32E9F50093C0","StepOrder":"3","Threshold":"-0.0930"},{"ItemResponseOID":"B469B7B5-D4DD-4BAF-A17F-8845D88D49AA","StepOrder":"4","Threshold":"0.7560"}]},{"FormItemOID":"BB601F7E-9370-4825-958E-D7AE7D935854","ID":"SRPSAT47r1","A_GRM":"4.02722","Map":[{"ItemResponseOID":"1F336618-1B91-4A54-9B99-1718D58C3D61","StepOrder":"1","Threshold":"-1.4925"},{"ItemResponseOID":"10120AF9-823F-43ED-AAF9-858A8ADA810E","StepOrder":"2","Threshold":"-0.9340"},{"ItemResponseOID":"389DA941-E622-42D3-AF18-ED46E4DB930A","StepOrder":"3","Threshold":"-0.2626"},{"ItemResponseOID":"433FCE29-0C2C-4B1B-82DE-22D83F69FE9B","StepOrder":"4","Threshold":"0.4066"}]},{"FormItemOID":"C8760332-BE2C-4D6E-A7FC-A5927263B8B9","ID":"SRPSAT24r1","A_GRM":"3.69555","Map":[{"ItemResponseOID":"D6FFD00A-F14B-42ED-87C4-3A4D1AF4D7BE","StepOrder":"1","Threshold":"-1.2892"},{"ItemResponseOID":"5699CF49-FE63-4376-82A4-0F885DE27523","StepOrder":"2","Threshold":"-0.8493"},{"ItemResponseOID":"B7B6079F-E590-41F1-8A4E-2D82CB99BC26","StepOrder":"3","Threshold":"-0.1622"},{"ItemResponseOID":"B0A73B5E-2581-4BF1-97D1-6AE2F8513603","StepOrder":"4","Threshold":"0.5157"}]},{"FormItemOID":"C9CA90FB-8724-45F9-BC9C-239EA70953B1","ID":"SRPSAT52_CaPS","A_GRM":"4.60972","Map":[{"ItemResponseOID":"728CB239-FF17-470C-9A84-E6F40463E5C5","StepOrder":"1","Threshold":"-1.2893"},{"ItemResponseOID":"688AA23D-72DB-4015-9DB5-C992E39C1F62","StepOrder":"2","Threshold":"-0.8065"},{"ItemResponseOID":"AD27F9AB-5B08-4AA9-BBB4-26E77DE52CA6","StepOrder":"3","Threshold":"-0.0736"},{"ItemResponseOID":"0200F936-9376-44B4-8DCE-AC2316AE060F","StepOrder":"4","Threshold":"0.5821"}]},{"FormItemOID":"CB1437C9-698D-4924-AF94-339122F914F8","ID":"SRPSAT37r1","A_GRM":"3.03169","Map":[{"ItemResponseOID":"834C1657-83CF-453A-A37C-8717CD11D96D","StepOrder":"1","Threshold":"-1.3584"},{"ItemResponseOID":"DB59B605-B4A0-45CA-85F8-C14AFF991697","StepOrder":"2","Threshold":"-0.7495"},{"ItemResponseOID":"3E3E74D0-F5B0-45F6-948F-2BA18067C68E","StepOrder":"3","Threshold":"0.0851"},{"ItemResponseOID":"FA5C08D1-BFA3-4DC1-AD26-D7E16B0DA332","StepOrder":"4","Threshold":"0.9025"}]},{"FormItemOID":"D38660FD-348A-4BF4-B5D5-2906D1D61677","ID":"SRPSAT22r1","A_GRM":"3.29431","Map":[{"ItemResponseOID":"DDCABC49-6BD6-450C-82D9-C95AD67A4477","StepOrder":"1","Threshold":"-1.7279"},{"ItemResponseOID":"3B37BDE7-162F-4C1D-ADB0-94D3BBBDED4C","StepOrder":"2","Threshold":"-1.1114"},{"ItemResponseOID":"B9FA031F-1F30-4CD7-8F45-E2DAE757EE74","StepOrder":"3","Threshold":"-0.3347"},{"ItemResponseOID":"258644DA-3BA7-454D-AD25-45B4C8ABE788","StepOrder":"4","Threshold":"0.3792"}]},{"FormItemOID":"F2283BD2-AFB9-4BEE-AA2E-4B07BDEEE259","ID":"SRPSAT33r1","A_GRM":"4.74952","Map":[{"ItemResponseOID":"6EAD8FDD-903F-49DB-8325-C833837ADD7C","StepOrder":"1","Threshold":"-1.2522"},{"ItemResponseOID":"E4DD413E-BA19-4977-A1F8-318AB590AD7D","StepOrder":"2","Threshold":"-0.7227"},{"ItemResponseOID":"944F89C3-E573-40E1-B431-FF2518537F44","StepOrder":"3","Threshold":"-0.0789"},{"ItemResponseOID":"7088E5C9-55D6-4EC6-BF92-06F6775034B8","StepOrder":"4","Threshold":"0.5535"}]},{"FormItemOID":"F2556AA4-4125-4C06-A6BA-29CC60BB416E","ID":"SRPSAT45_CaPS","A_GRM":"3.61767","Map":[{"ItemResponseOID":"4D2014C9-4B16-4060-8B51-7A35ADB2EA30","StepOrder":"1","Threshold":"-1.6460"},{"ItemResponseOID":"6F3A2933-5698-4CE9-A33E-624DD105EE6B","StepOrder":"2","Threshold":"-1.1709"},{"ItemResponseOID":"9708E624-E162-4DF6-A9DF-39F6E8B440E8","StepOrder":"3","Threshold":"-0.3477"},{"ItemResponseOID":"3B65E586-667B-4D71-8826-6E0734301D79","StepOrder":"4","Threshold":"0.3923"}]},{"FormItemOID":"F7663351-7FCF-406B-B9DF-D6F0D49BF55F","ID":"RP7_CaPS","A_GRM":"2.12020","Map":[{"ItemResponseOID":"964EF904-B4CC-4C61-8827-0071DC0099E8","StepOrder":"1","Threshold":"-2.2107"},{"ItemResponseOID":"4E06EA6C-8571-43F0-9A91-AFFC2D573C47","StepOrder":"2","Threshold":"-1.4344"},{"ItemResponseOID":"77F8FA2B-B7DE-45F3-B2B7-3F5A4EC8FDBE","StepOrder":"3","Threshold":"-0.6247"},{"ItemResponseOID":"4477CCFD-6735-4406-9F1F-E1ED30512785","StepOrder":"4","Threshold":"0.3491"}]},{"FormItemOID":"F8D06910-6F50-4B98-AE77-F791F479C03F","ID":"SRPSAT10r1","A_GRM":"2.72154","Map":[{"ItemResponseOID":"047E86D6-C918-40A9-A44F-A96466834093","StepOrder":"1","Threshold":"-1.5418"},{"ItemResponseOID":"7421937D-B100-4ABD-8D47-23A58349C78A","StepOrder":"2","Threshold":"-0.9085"},{"ItemResponseOID":"D20BBFFE-9164-4EEB-A620-B85B47EE70EA","StepOrder":"3","Threshold":"-0.0113"},{"ItemResponseOID":"53B0F725-C6DE-4604-B989-EDD29885C715","StepOrder":"4","Threshold":"0.7699"}]},{"FormItemOID":"F9B2FB17-BC79-4A9E-84B9-E01032E1EFE8","ID":"SRPSAT21r1","A_GRM":"3.43898","Map":[{"ItemResponseOID":"5E758EE8-57AE-466F-AFEF-53356313FE1E","StepOrder":"1","Threshold":"-1.4502"},{"ItemResponseOID":"4579A1CC-37F0-4B72-8623-ACA9D94B7D9D","StepOrder":"2","Threshold":"-0.9252"},{"ItemResponseOID":"9C25F8A1-8C04-4265-AB53-DA343CF294EF","StepOrder":"3","Threshold":"-0.0938"},{"ItemResponseOID":"7C73E42D-F03F-4789-AF4C-66E0A184AE8B","StepOrder":"4","Threshold":"0.6310"}]},{"FormItemOID":"FB578B56-F9E1-4F43-9949-0FA3F62892E4","ID":"SRPSAT04_CaPS","A_GRM":"2.80672","Map":[{"ItemResponseOID":"A98222F0-570F-4420-BCFF-D403EC94D1D2","StepOrder":"1","Threshold":"-1.8121"},{"ItemResponseOID":"D0CCB082-5C8B-4C4F-BEEC-A2FE037F3D97","StepOrder":"2","Threshold":"-1.1304"},{"ItemResponseOID":"13D4ADD7-E50A-4F2B-98E7-513BC5CE2ED8","StepOrder":"3","Threshold":"-0.2962"},{"ItemResponseOID":"333E3F08-8255-4A46-AC9D-9DA964CE9675","StepOrder":"4","Threshold":"0.4932"}]}]}
