{"FormOID":"6C45966B-AB23-4CF9-9E35-F3E9F5FD90D7","Form":"An unpleasant sensory or emotional experience associated with actual or potential tissue damage, or described in terms of such damage.  Conceptually divided into components of quality, behaviors and interference.","Properties":[{"MinNumItems":"4"},{"MaxNumItems":"12"},{"IRTModel":"0"},{"SelectionMethod":"1"},{"MinTheta":"-4.00"},{"MaxTheta":"4.00"},{"ThetaIncrement":"0.1000"},{"MaxStdErr":"0.30"},{"SelectionGroupSize":"1"},{"LogisticScaling":"1.0000"},{"DistMean":"0.00"},{"DistStdDev":"1.00"},{"FirstItem":""},{"CalibrationSample":"Wave 1A+Wave 2"},{"SetSelectionMethod":"FormDefault"}],"Items":[{"FormItemOID":"094FA3C1-836B-4B39-A7AA-F0FC1A11B2D4","ID":"NQPAIped06","A_GRM":"3.95782","Map":[{"ItemResponseOID":"5728FEB5-795E-42C2-A949-4CC2ECD90D33","StepOrder":"1","Threshold":"-0.1797"},{"ItemResponseOID":"2237CE18-DDE4-4A8D-9EF9-5E956292D63B","StepOrder":"2","Threshold":"0.5298"},{"ItemResponseOID":"07252DD6-7DED-4EAA-B827-0B3E5B758474","StepOrder":"3","Threshold":"1.2915"},{"ItemResponseOID":"18E53462-9D7C-4F3E-8F72-A6E48567AAC6","StepOrder":"4","Threshold":"1.8986"}]},{"FormItemOID":"20ABF2EA-6B47-428A-87C5-EDB6143C2DC6","ID":"NQPAIped08","A_GRM":"3.95782","Map":[{"ItemResponseOID":"2E4CAB67-2232-4762-8583-5E25567BC86B","StepOrder":"1","Threshold":"0.1979"},{"ItemResponseOID":"CC4D760F-C7EE-4413-8AD8-F900EB2B736B","StepOrder":"2","Threshold":"0.6206"},{"ItemResponseOID":"73FFA30D-9A8F-40D2-80CF-E07439C574DC","StepOrder":"3","Threshold":"1.1162"},{"ItemResponseOID":"3DAB7C34-C207-44CE-A9B2-89E919724B11","StepOrder":"4","Threshold":"1.6564"}]},{"FormItemOID":"27C1DA07-085C-4F9D-8323-5B163EBBC751","ID":"NQPAIped01","A_GRM":"3.95782","Map":[{"ItemResponseOID":"88FA9CE7-6486-4076-8E5E-DDF2182E889E","StepOrder":"1","Threshold":"-0.0250"},{"ItemResponseOID":"07F4D2F4-EB78-4C1D-B1EE-D6D30DA700E4","StepOrder":"2","Threshold":"0.5568"},{"ItemResponseOID":"730C5D28-F376-4A4F-9FE3-A10745E95363","StepOrder":"3","Threshold":"1.3086"},{"ItemResponseOID":"511A0AC2-CBFE-492A-A89D-FAC082D40781","StepOrder":"4","Threshold":"1.8715"}]},{"FormItemOID":"43F3D74C-2A55-4092-B761-AE0473CB20ED","ID":"NQPAIped04","A_GRM":"3.95782","Map":[{"ItemResponseOID":"184B1885-4257-44CC-95A8-D7F4C699B3E1","StepOrder":"1","Threshold":"0.4240"},{"ItemResponseOID":"0EAFBD44-7B5D-46AC-B83D-7B72FB531E2B","StepOrder":"2","Threshold":"0.8385"},{"ItemResponseOID":"F65EDA9E-AE04-431F-BB43-5655386F0B6D","StepOrder":"3","Threshold":"1.4370"},{"ItemResponseOID":"86BC4C80-DF55-44CA-BF41-D0B77CFF411C","StepOrder":"4","Threshold":"1.9024"}]},{"FormItemOID":"5EE0D958-C89D-4515-B786-9A4AF06D6449","ID":"NQPAIped05","A_GRM":"3.95782","Map":[{"ItemResponseOID":"31B781A3-6A44-4769-BD02-CC072A03014E","StepOrder":"1","Threshold":"0.5410"},{"ItemResponseOID":"57A47A8F-754B-4769-BFE2-A887E2C7E429","StepOrder":"2","Threshold":"0.9967"},{"ItemResponseOID":"634413C2-4A2F-4812-A917-6B745A63BE90","StepOrder":"3","Threshold":"1.4614"},{"ItemResponseOID":"A51BCECB-ED78-4917-9AE3-9173ECDEFA12","StepOrder":"4","Threshold":"2.1091"}]},{"FormItemOID":"8B7E3439-34F4-4053-B543-3A12910DF89D","ID":"NQPAIped09","A_GRM":"3.95782","Map":[{"ItemResponseOID":"89B15C05-4AAA-43A1-B2FA-C29A659D8B9F","StepOrder":"1","Threshold":"0.6550"},{"ItemResponseOID":"8A71FB17-C4DB-4828-8051-3D757431664C","StepOrder":"2","Threshold":"1.0264"},{"ItemResponseOID":"37D18893-33DB-4A98-A8D9-6ABC22D8BF24","StepOrder":"3","Threshold":"1.4602"},{"ItemResponseOID":"9CD19B46-2860-423C-8F79-E54085BA5EC9","StepOrder":"4","Threshold":"1.8841"}]},{"FormItemOID":"9F9459D2-F3BA-46D2-AD78-185ED3FE9577","ID":"NQPAIped03","A_GRM":"3.95782","Map":[{"ItemResponseOID":"DA094B58-FDBB-4D50-9ACD-B1EE82B5D34E","StepOrder":"1","Threshold":"0.4724"},{"ItemResponseOID":"A99AD96F-5C89-4530-9784-05F2E931998B","StepOrder":"2","Threshold":"0.8048"},{"ItemResponseOID":"3B6871D9-FB39-4CB1-87F2-8C65B8A86B28","StepOrder":"3","Threshold":"1.4580"},{"ItemResponseOID":"C8ACDB18-4533-4E84-A29B-BBCAD17ED04F","StepOrder":"4","Threshold":"2.3101"}]},{"FormItemOID":"B72BA321-B7E8-4D6D-BC63-F2F1E493C274","ID":"NQPAIped02","A_GRM":"3.95782","Map":[{"ItemResponseOID":"5CC272B5-C210-4DAA-A967-988D62BAA38C","StepOrder":"1","Threshold":"0.3321"},{"ItemResponseOID":"C12B84C1-2B39-466A-AD9B-8E0923C8FF87","StepOrder":"2","Threshold":"0.7842"},{"ItemResponseOID":"F9C1271F-1E73-46D8-9AFA-BBF00A1891D3","StepOrder":"3","Threshold":"1.2651"},{"ItemResponseOID":"91B0A631-9007-412D-A128-E2DF8295EF38","StepOrder":"4","Threshold":"1.4552"}]},{"FormItemOID":"D6C8DA06-1195-46E5-A05D-72C1752523BB","ID":"NQPAIped07","A_GRM":"3.95782","Map":[{"ItemResponseOID":"DB728233-66E6-4C72-81D5-E312A94AD1E4","StepOrder":"1","Threshold":"-0.2261"},{"ItemResponseOID":"5D58C22C-DD39-4620-B59A-5D13F4EEE6D0","StepOrder":"2","Threshold":"0.5533"},{"ItemResponseOID":"ADD12945-354E-4AE8-8FAD-3426F00EED0F","StepOrder":"3","Threshold":"1.1479"},{"ItemResponseOID":"AC3B1F2B-3BC5-4755-9989-1152961F4B6A","StepOrder":"4","Threshold":"1.7339"}]},{"FormItemOID":"F85A82B6-34AE-420D-818F-549633AEA6D5","ID":"NQPAIped10","A_GRM":"3.95782","Map":[{"ItemResponseOID":"25AE56A9-5D9A-48B4-B9AB-38E108C07465","StepOrder":"1","Threshold":"0.1768"},{"ItemResponseOID":"52DCD86E-D1F4-4F66-857B-A8DB66CA40A4","StepOrder":"2","Threshold":"0.7852"},{"ItemResponseOID":"857B049E-B462-4731-A8ED-46C32381AB99","StepOrder":"3","Threshold":"1.2697"},{"ItemResponseOID":"C9F705FD-DA30-4BBE-90F2-733D551187BF","StepOrder":"4","Threshold":"1.5286"}]}]}
