{"FormOID":"6CAD2A91-2182-408F-BAF8-1F1F10F9D6BD","Form":"PROMIS-Ca Bank v1.0 ??? Pain Interference","Properties":[{"MinNumItems":"4"},{"MaxNumItems":"12"},{"IRTModel":"0"},{"SelectionMethod":"1"},{"MinTheta":"-4.00"},{"MaxTheta":"4.00"},{"ThetaIncrement":"0.1000"},{"MaxStdErr":"0.30"},{"SelectionGroupSize":"1"},{"LogisticScaling":"1.0000"},{"DistMean":"0.00"},{"DistStdDev":"1.00"},{"FirstItem":""},{"CalibrationSample":"Cancer"},{"SetSelectionMethod":"Instance"}],"Items":[{"FormItemOID":"057A1F3B-A5BD-4393-9079-D901185BE804","ID":"PAININ15","A_GRM":"3.54294","Map":[{"ItemResponseOID":"ABD5045D-72BB-4D1E-AB30-078887C1D9DA","StepOrder":"1","Threshold":"0.2887"},{"ItemResponseOID":"D10C92C3-88EB-4047-B26D-D20944E8DA1C","StepOrder":"2","Threshold":"0.9985"},{"ItemResponseOID":"7D33293C-851B-44D6-AA96-5EAB27C7E223","StepOrder":"3","Threshold":"1.5210"},{"ItemResponseOID":"69DA2AD1-2B1C-49DC-8079-3EFFBF110163","StepOrder":"4","Threshold":"2.2468"}]},{"FormItemOID":"0EA3A1DD-9F1A-4270-8D40-132E5A83BC43","ID":"PAININ18","A_GRM":"4.61543","Map":[{"ItemResponseOID":"06B487F6-5919-46DD-AE8C-1035DD18EB4D","StepOrder":"1","Threshold":"0.2501"},{"ItemResponseOID":"6A448803-3ACB-4E76-8C88-14566E5AAB83","StepOrder":"2","Threshold":"0.9002"},{"ItemResponseOID":"C547620B-15F5-426A-AE24-C3DD686A0B6B","StepOrder":"3","Threshold":"1.3996"},{"ItemResponseOID":"D53CC598-9438-4882-9663-AA346DCD21B3","StepOrder":"4","Threshold":"1.8769"}]},{"FormItemOID":"1486B9BD-73C6-4C42-9CDB-FA208E88455D","ID":"PAININ56","A_GRM":"3.08298","Map":[{"ItemResponseOID":"9EBC2044-6C3F-4B2F-8056-ECDB3C5724A0","StepOrder":"1","Threshold":"0.0573"},{"ItemResponseOID":"D35FFD83-2DCA-40C3-96D9-34010835ECBD","StepOrder":"2","Threshold":"0.9293"},{"ItemResponseOID":"B8C709AB-786A-44B2-A56E-600C1716FCDB","StepOrder":"3","Threshold":"1.5880"},{"ItemResponseOID":"D98AB53D-F74F-4320-A29D-DF5FBD06F3FC","StepOrder":"4","Threshold":"2.2141"}]},{"FormItemOID":"189339CB-2CCB-4DFD-8A74-6A8C317B076B","ID":"PAININ12","A_GRM":"5.29892","Map":[{"ItemResponseOID":"3D6FA27E-7A4B-46F2-A2C2-3575A84D167F","StepOrder":"1","Threshold":"0.1808"},{"ItemResponseOID":"49DFDB42-53E9-4ED4-B203-F8E13A8EA277","StepOrder":"2","Threshold":"0.8281"},{"ItemResponseOID":"5A1F0B2A-5FD6-4EF6-996B-35FFA1DDA770","StepOrder":"3","Threshold":"1.2865"},{"ItemResponseOID":"B674CD35-FA8D-424F-8150-960FB1758EEC","StepOrder":"4","Threshold":"1.8824"}]},{"FormItemOID":"2080FC2C-297F-4F60-BA4F-FD8393DA2B88","ID":"PAININ20","A_GRM":"4.28098","Map":[{"ItemResponseOID":"C57ED018-BFB2-42D9-B7E2-BC2957EFF4ED","StepOrder":"1","Threshold":"0.1079"},{"ItemResponseOID":"57628A30-55A6-4DE5-A543-14F5A0042A07","StepOrder":"2","Threshold":"0.7623"},{"ItemResponseOID":"8039DC8A-5689-4318-9AC5-D65727C91701","StepOrder":"3","Threshold":"1.1885"},{"ItemResponseOID":"F0D7043F-1B7C-4A48-9314-0456BB10A12D","StepOrder":"4","Threshold":"1.7206"}]},{"FormItemOID":"313E202E-0743-48E3-9B1E-EAD37D410037","ID":"PAININ22","A_GRM":"5.39710","Map":[{"ItemResponseOID":"52CDB7D4-1F53-419C-B87F-581EDD2460FA","StepOrder":"1","Threshold":"0.1709"},{"ItemResponseOID":"72C8D436-4287-4C4E-B3A2-63F4372B0C6C","StepOrder":"2","Threshold":"0.8366"},{"ItemResponseOID":"23A77FBD-AF60-4CD3-A94A-66F0F6E50C38","StepOrder":"3","Threshold":"1.3266"},{"ItemResponseOID":"2BC570F5-DF25-4622-8F8A-6F4038BAE719","StepOrder":"4","Threshold":"1.9589"}]},{"FormItemOID":"37E85FEB-6703-46D0-A0EA-2BAC5DB20E66","ID":"PAININ37","A_GRM":"2.85286","Map":[{"ItemResponseOID":"3970CFAC-B55A-471E-BED3-2AADC2EE6BA1","StepOrder":"1","Threshold":"0.3791"},{"ItemResponseOID":"FCF878BE-98C3-4791-B561-AD777EF0DB2B","StepOrder":"2","Threshold":"1.0382"},{"ItemResponseOID":"200297E0-CEB7-4E09-B5F3-D9338E40E8B8","StepOrder":"3","Threshold":"1.7622"},{"ItemResponseOID":"F42EF65B-67DB-49F5-A341-EEBD203D3FD8","StepOrder":"4","Threshold":"2.5517"}]},{"FormItemOID":"3CCD8B02-D8C7-491B-90D6-0A48D44A0790","ID":"PAININ17","A_GRM":"4.69522","Map":[{"ItemResponseOID":"7B1135C6-7F9E-49AB-8E28-BEC934ED3587","StepOrder":"1","Threshold":"0.5776"},{"ItemResponseOID":"0B5B4C3F-9451-4F0B-8C68-164121B03D68","StepOrder":"2","Threshold":"1.1900"},{"ItemResponseOID":"0C7B85EE-7276-4007-8104-A33B8B7F0ADD","StepOrder":"3","Threshold":"1.7060"},{"ItemResponseOID":"DB57AF9A-F612-443B-9EB3-98A93CA9FB74","StepOrder":"4","Threshold":"2.3169"}]},{"FormItemOID":"3E389F96-0F51-46C6-9A7D-86A5772EDE21","ID":"PAININ34","A_GRM":"4.92619","Map":[{"ItemResponseOID":"F2E1C45A-6479-4EA6-8824-30932B19119A","StepOrder":"1","Threshold":"0.1771"},{"ItemResponseOID":"D1D5DE47-9C9F-4CF1-B316-07E8376CD607","StepOrder":"2","Threshold":"0.8447"},{"ItemResponseOID":"BA1A89CA-CC49-469A-A6BC-7F3321DEB9C1","StepOrder":"3","Threshold":"1.3630"},{"ItemResponseOID":"6BCBCBCE-D1B5-4E3A-B0AA-EFCA80CCAAE6","StepOrder":"4","Threshold":"1.9795"}]},{"FormItemOID":"44D6BD0D-5C6D-41B8-A428-D1EFA0A4B148","ID":"PAININ5","A_GRM":"5.05151","Map":[{"ItemResponseOID":"4B5CFD87-6D1B-4962-9E7D-D0FDB82F206B","StepOrder":"1","Threshold":"0.2379"},{"ItemResponseOID":"54E6C1EF-22B3-453E-8236-DA75EB90F26D","StepOrder":"2","Threshold":"0.9060"},{"ItemResponseOID":"14963DFD-A3D8-475D-9D96-ECFEB166360E","StepOrder":"3","Threshold":"1.4450"},{"ItemResponseOID":"32203BD1-5BC2-4A75-9EB8-59A24EE11270","StepOrder":"4","Threshold":"2.0389"}]},{"FormItemOID":"45BD1410-F145-4AC7-B289-6E8B89FA5394","ID":"PAININ13","A_GRM":"5.03924","Map":[{"ItemResponseOID":"971AD603-A85B-44F4-BBE6-DCA728C95483","StepOrder":"1","Threshold":"0.4688"},{"ItemResponseOID":"5C70875B-9AFF-4FDC-948A-68B8A256E78B","StepOrder":"2","Threshold":"1.0753"},{"ItemResponseOID":"D723AB51-D7EA-4A56-98B6-161C80C199FC","StepOrder":"3","Threshold":"1.6277"},{"ItemResponseOID":"DA051DF4-3F45-4539-B45E-11D265A80948","StepOrder":"4","Threshold":"2.1736"}]},{"FormItemOID":"4AE9CF4A-4DC9-4392-B84E-2342FAAA479B","ID":"PAININ36","A_GRM":"5.69697","Map":[{"ItemResponseOID":"7A34F303-1B67-4A1D-82AB-A868A16FEACE","StepOrder":"1","Threshold":"0.3417"},{"ItemResponseOID":"A43C29E3-63DB-4ED4-9D09-08DA7603414F","StepOrder":"2","Threshold":"0.9590"},{"ItemResponseOID":"2BC9C841-9009-4D24-BBF9-CE6B50D41613","StepOrder":"3","Threshold":"1.4786"},{"ItemResponseOID":"8D8532C6-1B99-46C9-970E-000B435D6314","StepOrder":"4","Threshold":"2.0360"}]},{"FormItemOID":"4C02D43B-A05A-4EC2-9EAD-FC94B10AD239","ID":"PAININ11","A_GRM":"3.73643","Map":[{"ItemResponseOID":"1EAE15A6-D251-4FC7-8908-A026CBDFD4A6","StepOrder":"1","Threshold":"0.3303"},{"ItemResponseOID":"18FE09F6-4388-4430-B7DA-E244EF7289B6","StepOrder":"2","Threshold":"1.0160"},{"ItemResponseOID":"E7B55351-8868-4ED4-8CDE-E4BCF08AB424","StepOrder":"3","Threshold":"1.4928"},{"ItemResponseOID":"96752F81-8F9D-43CA-8F58-CBB53787AFC3","StepOrder":"4","Threshold":"2.1544"}]},{"FormItemOID":"51ED812C-3E5A-432F-B87A-B36752E80968","ID":"PAININ30","A_GRM":"2.62102","Map":[{"ItemResponseOID":"4D9E5042-736F-41C7-9A15-619E21EF2419","StepOrder":"1","Threshold":"0.3206"},{"ItemResponseOID":"1D252F82-DF44-4F43-84B6-0D016C849DE3","StepOrder":"2","Threshold":"0.8538"},{"ItemResponseOID":"8FD63F2C-659B-4BAA-B5BB-5DFA3155E5DD","StepOrder":"3","Threshold":"1.4087"},{"ItemResponseOID":"9188489A-1B9B-4196-B7CF-E5D62B6CF585","StepOrder":"4","Threshold":"1.9419"}]},{"FormItemOID":"5401894E-3B69-4566-B78C-11A650C4AD47","ID":"PAININ29","A_GRM":"3.42970","Map":[{"ItemResponseOID":"129690D5-CE33-4C2B-A4EE-B166A84ACE0A","StepOrder":"1","Threshold":"0.6370"},{"ItemResponseOID":"4C540985-06B8-428E-B35F-8FD83FC53B6E","StepOrder":"2","Threshold":"1.1396"},{"ItemResponseOID":"C52CF814-502C-4109-880F-D94682056EBB","StepOrder":"3","Threshold":"1.8218"},{"ItemResponseOID":"5593FFF8-8B6E-42DB-9763-1D41DD28EBD7","StepOrder":"4","Threshold":"2.9205"}]},{"FormItemOID":"548925FA-BD42-47B9-B257-2B10840F2818","ID":"PAININ52","A_GRM":"4.65444","Map":[{"ItemResponseOID":"B3860329-71C4-4C9F-A111-9004F1365EB0","StepOrder":"1","Threshold":"0.6511"},{"ItemResponseOID":"7B2DA9D8-5A1B-4F3D-9960-362A622FF4C7","StepOrder":"2","Threshold":"1.0730"},{"ItemResponseOID":"DD2D2F40-FE6C-4F6B-8687-E1296B4A91E8","StepOrder":"3","Threshold":"1.5559"},{"ItemResponseOID":"10C24197-F82D-4A33-BC52-910F04874E9E","StepOrder":"4","Threshold":"2.0063"}]},{"FormItemOID":"5B94EC07-5DBE-42D1-97FA-D5E7663E99D7","ID":"PAININ32","A_GRM":"3.49408","Map":[{"ItemResponseOID":"DE554652-5B69-4818-8BD2-7F337C205503","StepOrder":"1","Threshold":"0.1801"},{"ItemResponseOID":"D878D623-05DB-441C-9A94-5A46785549AF","StepOrder":"2","Threshold":"0.7601"},{"ItemResponseOID":"D407E5DB-6E58-4BCD-80E6-2D895C904CDF","StepOrder":"3","Threshold":"1.4697"},{"ItemResponseOID":"2A1A46FC-FBAF-4FB7-95DE-F6404305BF31","StepOrder":"4","Threshold":"2.2029"}]},{"FormItemOID":"5BD62573-5558-4FB5-88D0-A1DE154073F3","ID":"PAININ1","A_GRM":"3.33832","Map":[{"ItemResponseOID":"ABD8AC18-3673-4C35-91B5-7FFA0F2C19CB","StepOrder":"1","Threshold":"0.8411"},{"ItemResponseOID":"33DDDBC2-1407-4E64-9614-044405260679","StepOrder":"2","Threshold":"1.3992"},{"ItemResponseOID":"A9FAC7E7-20A1-49BA-A06B-AFD69F4C805F","StepOrder":"3","Threshold":"2.0218"},{"ItemResponseOID":"5264DC8E-4724-42B2-BA9E-55B3552D6910","StepOrder":"4","Threshold":"2.6982"}]},{"FormItemOID":"5EE4516D-CE9A-4314-AA0F-A964CC32B354","ID":"PAININ53","A_GRM":"4.13798","Map":[{"ItemResponseOID":"8742AA93-08CC-472B-9F43-BE36E2ED5E21","StepOrder":"1","Threshold":"0.5115"},{"ItemResponseOID":"8CABE38A-3F6F-4D4F-8535-BB30B3E9CD83","StepOrder":"2","Threshold":"0.9990"},{"ItemResponseOID":"F8B72611-763B-4D86-9B3F-0F2E7BF229B8","StepOrder":"3","Threshold":"1.5786"},{"ItemResponseOID":"65DCBF2E-0A94-420E-85E4-CE5BB96FEE21","StepOrder":"4","Threshold":"2.3259"}]},{"FormItemOID":"5F10A499-FF26-4C65-BF92-2112A4F2D4BD","ID":"PAININ49","A_GRM":"3.07411","Map":[{"ItemResponseOID":"58050687-A2A0-4168-A1B4-978E03641CAD","StepOrder":"1","Threshold":"0.8847"},{"ItemResponseOID":"EFB68485-E0C7-4624-BE1D-E054A35E44E6","StepOrder":"2","Threshold":"1.4167"},{"ItemResponseOID":"B864A27D-0A8A-49C3-A67A-020A442C6E60","StepOrder":"3","Threshold":"1.9753"},{"ItemResponseOID":"0789530C-9E77-4C88-B6C6-8811BD2A5906","StepOrder":"4","Threshold":"2.6075"}]},{"FormItemOID":"67B85DE5-94A7-4D22-8F06-7AB82070AFCB","ID":"PAININ48","A_GRM":"4.79892","Map":[{"ItemResponseOID":"274C1306-3509-4844-8692-272041694489","StepOrder":"1","Threshold":"0.2082"},{"ItemResponseOID":"E63B1578-4AC1-4620-8F84-AF116AED696D","StepOrder":"2","Threshold":"0.8049"},{"ItemResponseOID":"C0B50C7A-20CC-4AB2-ABA3-77CBE859C5E5","StepOrder":"3","Threshold":"1.3437"},{"ItemResponseOID":"499F91DA-701C-4E67-89CD-05FE084A6024","StepOrder":"4","Threshold":"1.9535"}]},{"FormItemOID":"68A13287-2F5C-4A38-A3B5-150D9F1FBF6D","ID":"PAININ46","A_GRM":"4.59000","Map":[{"ItemResponseOID":"53F1B0A0-811A-4557-9C7F-321F3DF588B3","StepOrder":"1","Threshold":"0.4520"},{"ItemResponseOID":"88F2999B-8351-4188-B627-2CEAC4C19748","StepOrder":"2","Threshold":"0.9384"},{"ItemResponseOID":"A581228C-3226-4B9A-8896-8D4104199039","StepOrder":"3","Threshold":"1.5214"},{"ItemResponseOID":"E53624F9-6786-4C02-AAFE-F3EA197EB870","StepOrder":"4","Threshold":"2.1187"}]},{"FormItemOID":"71B8202D-221A-42CA-B674-6E724B0EBF78","ID":"PAININ4","A_GRM":"2.40561","Map":[{"ItemResponseOID":"F06F2A08-FADD-47F9-930E-973808D9FE0B","StepOrder":"1","Threshold":"-0.2654"},{"ItemResponseOID":"2450189D-F4C2-4EAE-9F80-A72C5C77D804","StepOrder":"2","Threshold":"0.7137"},{"ItemResponseOID":"DDEF6EE0-4DA1-46C9-8EA4-556DE253559A","StepOrder":"3","Threshold":"1.3421"},{"ItemResponseOID":"EE49100D-F7E6-4621-971C-65593B0855C7","StepOrder":"4","Threshold":"2.2073"}]},{"FormItemOID":"7642AF1E-C7CC-412F-8311-7D846FA9F32A","ID":"PAININ35","A_GRM":"4.14223","Map":[{"ItemResponseOID":"F92E970C-E0BF-4873-B310-1C8DBC2778F8","StepOrder":"1","Threshold":"0.7493"},{"ItemResponseOID":"1A1D9F5A-1A2F-4D52-8AD3-A83103F0FDFA","StepOrder":"2","Threshold":"1.1849"},{"ItemResponseOID":"CDFEB478-C414-4227-B39E-FA18E2070E32","StepOrder":"3","Threshold":"1.6303"},{"ItemResponseOID":"3AAF1D8F-E038-468D-AAC4-A04939FD07CB","StepOrder":"4","Threshold":"2.1296"}]},{"FormItemOID":"7B66E03E-4372-4707-8C67-E67EA20C4901","ID":"PAININ3","A_GRM":"4.98134","Map":[{"ItemResponseOID":"1AF09BDF-5804-459F-8D8A-68297017ABDE","StepOrder":"1","Threshold":"0.1293"},{"ItemResponseOID":"2249343E-0EFC-402D-89B9-B30BBBD70117","StepOrder":"2","Threshold":"0.8809"},{"ItemResponseOID":"E93A2BA7-7007-4C31-A07A-4F543C47E8EF","StepOrder":"3","Threshold":"1.3825"},{"ItemResponseOID":"C757868C-0E93-46E3-ACCF-3A2B5D272130","StepOrder":"4","Threshold":"1.9123"}]},{"FormItemOID":"7B96E938-2474-44A8-B50B-A6341F181F01","ID":"PAININ8","A_GRM":"3.74877","Map":[{"ItemResponseOID":"19696D76-11CE-4A3E-A059-C2C5E043E40B","StepOrder":"1","Threshold":"0.3996"},{"ItemResponseOID":"40F3F8FF-553D-4320-B983-E05D9D420367","StepOrder":"2","Threshold":"1.1057"},{"ItemResponseOID":"2FE1D7C9-DB42-4632-AD39-05E2EB34480C","StepOrder":"3","Threshold":"1.6892"},{"ItemResponseOID":"A2FDC8B5-2A27-419E-9155-EF50B08CC151","StepOrder":"4","Threshold":"2.3425"}]},{"FormItemOID":"7D09F578-19CB-4107-A4F7-9BD4C252A9D3","ID":"PAININ10","A_GRM":"5.15317","Map":[{"ItemResponseOID":"D9ECE322-B06F-449D-97BD-FA820991667F","StepOrder":"1","Threshold":"0.1310"},{"ItemResponseOID":"7767AAFB-624E-4958-A47A-50F4BF1D90C0","StepOrder":"2","Threshold":"0.7914"},{"ItemResponseOID":"B69408A2-2E50-4CBE-8F48-E34247D84BBD","StepOrder":"3","Threshold":"1.2600"},{"ItemResponseOID":"E254A608-E9E3-47B6-BCE8-66885A68DF89","StepOrder":"4","Threshold":"1.8452"}]},{"FormItemOID":"7FAE832C-7329-43BF-9B23-6C616F7DF967","ID":"PAININ14","A_GRM":"4.83004","Map":[{"ItemResponseOID":"B3F0B72B-C53C-425A-BF34-841B1D33270A","StepOrder":"1","Threshold":"0.4265"},{"ItemResponseOID":"DD4F19EC-8F36-496A-AC49-466C4C33F469","StepOrder":"2","Threshold":"0.9994"},{"ItemResponseOID":"4B79382C-C5D7-4328-8D37-13A4EB0C690F","StepOrder":"3","Threshold":"1.4568"},{"ItemResponseOID":"9C022AD0-77A6-4039-B840-5741F20F9319","StepOrder":"4","Threshold":"2.0440"}]},{"FormItemOID":"90E852E1-8992-43AF-B820-1AD6C0E238F2","ID":"PAININ51","A_GRM":"2.52538","Map":[{"ItemResponseOID":"5DB957B9-F7A6-484D-A066-0EEC7578D943","StepOrder":"1","Threshold":"1.0408"},{"ItemResponseOID":"26B22AF6-BD52-484E-B6FA-8B5E883F48F6","StepOrder":"2","Threshold":"1.6646"},{"ItemResponseOID":"F8860965-9096-44EF-B046-573E1C0593A4","StepOrder":"3","Threshold":"2.3444"},{"ItemResponseOID":"E2E0BA08-2DA7-4018-A9CF-4480FB181E61","StepOrder":"4","Threshold":"3.1130"}]},{"FormItemOID":"9212D2A1-4291-401F-8D72-65D009707281","ID":"PAININ24","A_GRM":"3.60354","Map":[{"ItemResponseOID":"F0A77A90-4AE7-4C2C-BA34-A71F2BB7597A","StepOrder":"1","Threshold":"-0.0104"},{"ItemResponseOID":"878ADC20-7615-4BB4-9C91-4D68E9CCB256","StepOrder":"2","Threshold":"0.6152"},{"ItemResponseOID":"76B85E8C-5D73-4F8A-91DE-B38C3294E89B","StepOrder":"3","Threshold":"1.3206"},{"ItemResponseOID":"C8E3D3EB-118D-4507-89E0-E349ABA5F6E1","StepOrder":"4","Threshold":"2.0766"}]},{"FormItemOID":"973DF32E-5589-4F6A-A163-FD76B4F8A22B","ID":"PAININ9","A_GRM":"6.53406","Map":[{"ItemResponseOID":"DB0CC24C-6673-4B1D-80D3-4D17949A56E7","StepOrder":"1","Threshold":"0.1579"},{"ItemResponseOID":"5F68B821-02A3-4354-8E1B-7CD79E3E9AFB","StepOrder":"2","Threshold":"0.8959"},{"ItemResponseOID":"B121E52E-33CD-4FC8-9CCB-C9517C71BFEC","StepOrder":"3","Threshold":"1.4377"},{"ItemResponseOID":"B22E234E-620F-4BF3-94DB-7C1E5B5D119F","StepOrder":"4","Threshold":"2.0103"}]},{"FormItemOID":"C5771BE6-68E9-41CE-BC16-C346933BB043","ID":"PAININ16","A_GRM":"3.18212","Map":[{"ItemResponseOID":"7026EF87-73BD-4AB3-9F12-8FB5AF015411","StepOrder":"1","Threshold":"0.4199"},{"ItemResponseOID":"306E428E-CD9E-4BCF-95B4-ED9C0D142DEE","StepOrder":"2","Threshold":"1.0140"},{"ItemResponseOID":"A3E8ED5B-0FBE-4941-A4BD-58FA5A8BFF9D","StepOrder":"3","Threshold":"1.7072"},{"ItemResponseOID":"A9F765AF-50A7-45E6-9094-8A753C348B6B","StepOrder":"4","Threshold":"2.2754"}]},{"FormItemOID":"D1596939-3701-4B1F-ADE7-F26DA4136AFD","ID":"PAININ6","A_GRM":"4.05753","Map":[{"ItemResponseOID":"4B4B2068-E38C-46D3-9BFA-60D7EFE3A358","StepOrder":"1","Threshold":"0.6262"},{"ItemResponseOID":"52F1EB7E-A4A7-4842-9FDD-F8A143B5ADDF","StepOrder":"2","Threshold":"1.1746"},{"ItemResponseOID":"8290F0EC-A51E-4B13-8E20-08355E38230D","StepOrder":"3","Threshold":"1.6664"},{"ItemResponseOID":"B7C17105-B3CF-4672-8E47-0EF9F3D28ADC","StepOrder":"4","Threshold":"2.1984"}]},{"FormItemOID":"DE76C9E3-04FE-48A2-B5AA-AB32F89A5C16","ID":"PAININ31","A_GRM":"5.90514","Map":[{"ItemResponseOID":"2EDFB431-5137-49A3-8DB2-47EDB3CC6185","StepOrder":"1","Threshold":"0.4730"},{"ItemResponseOID":"04146722-5270-4033-BBEF-20C13C03B3DC","StepOrder":"2","Threshold":"1.0094"},{"ItemResponseOID":"979EBB48-3552-437C-953E-D85C80164FB9","StepOrder":"3","Threshold":"1.5063"},{"ItemResponseOID":"254D8566-4206-424F-A0E2-482AD7D7F7FE","StepOrder":"4","Threshold":"2.0770"}]},{"FormItemOID":"F8AF3955-F6C5-4725-AC9F-C24FB751AF27","ID":"PAININ26","A_GRM":"4.87755","Map":[{"ItemResponseOID":"AEB6630F-581D-4616-891D-4D97C621FF69","StepOrder":"1","Threshold":"0.5780"},{"ItemResponseOID":"1B633835-6C07-474B-84D4-C688A92BAEE0","StepOrder":"2","Threshold":"1.0850"},{"ItemResponseOID":"933F9129-9B5F-4CB8-8736-AAC443832038","StepOrder":"3","Threshold":"1.6760"},{"ItemResponseOID":"39886F2A-0391-4153-B957-1A20BC80BD12","StepOrder":"4","Threshold":"2.5191"}]}]}
