{"FormOID":"70830CA5-0A1D-4139-99D3-77FC3EEAC79D","Form":"Short form created in PROMIS Cancer Supplement.  Appropriate for men only.","Properties":[{"MinNumItems":"8"},{"MaxNumItems":"8"},{"IRTModel":"0"},{"SelectionMethod":"1"},{"MinTheta":"-4.00"},{"MaxTheta":"4.00"},{"ThetaIncrement":"0.1000"},{"MaxStdErr":"0.30"},{"SelectionGroupSize":"1"},{"LogisticScaling":"1.0000"},{"DistMean":"0.00"},{"DistStdDev":"1.00"},{"FirstItem":""},{"CalibrationSample":"Cancer Supplement Calibration"},{"SetSelectionMethod":"Instance"}],"Items":[{"FormItemOID":"0399BD67-DB2B-443E-823F-E1B1DBF9149B","ID":"SFEFN103","A_GRM":"3.58000","Map":[{"ItemResponseOID":"EFAB7FF2-91A1-4435-B8FA-7CD62B5E39C4","StepOrder":"1","Threshold":"-0.5100"},{"ItemResponseOID":"0B93795E-D64D-4319-A19C-7F7C6914285F","StepOrder":"2","Threshold":"-0.1200"},{"ItemResponseOID":"DBE8A58B-FFBA-4507-9644-34DA2786BCF4","StepOrder":"3","Threshold":"0.3800"},{"ItemResponseOID":"F5913611-8EE6-40DE-83D2-229C171C36E6","StepOrder":"4","Threshold":"0.9700"}]},{"FormItemOID":"2C7D701F-0CAB-4137-AFA4-81F09BEA19AA","ID":"SFEFN102","A_GRM":"3.55000","Map":[{"ItemResponseOID":"33C112A3-9F00-497C-A8F0-4286B2A90FB0","StepOrder":"1","Threshold":"-0.6300"},{"ItemResponseOID":"ED042B1E-2B1E-4CBC-9FAB-417CEB72436D","StepOrder":"2","Threshold":"-0.2000"},{"ItemResponseOID":"F253BC01-1610-4008-8406-4A16CF0212FF","StepOrder":"3","Threshold":"0.2700"},{"ItemResponseOID":"CB9F0130-349A-4E1B-9D72-90AFBA959FBA","StepOrder":"4","Threshold":"0.8800"}]},{"FormItemOID":"4B1A01FC-7747-4249-B185-786FBB6D0955","ID":"SFEFN104","A_GRM":"0.53000","Map":[{"ItemResponseOID":"36B15624-53DF-4D10-8A20-65E7CFEA803A","StepOrder":"1","Threshold":"-6.8600"},{"ItemResponseOID":"3F026AD4-5EA3-4B40-AC02-ECD172465DBC","StepOrder":"2","Threshold":"-6.0600"},{"ItemResponseOID":"4CF3E9A2-8EF0-4B08-AE2E-62D1ACE057F9","StepOrder":"3","Threshold":"-3.6700"},{"ItemResponseOID":"FACBF030-1262-4DF6-9EE7-FE5C1FFCC3EE","StepOrder":"4","Threshold":"-2.3500"}]},{"FormItemOID":"50B1FE6A-8584-4541-AAB9-5CCA67F2842C","ID":"SFEFN101","A_GRM":"3.99000","Map":[{"ItemResponseOID":"AFE3E235-E7F0-457C-A8CA-6AFA78524F89","StepOrder":"1","Threshold":"-0.2900"},{"ItemResponseOID":"DFDAACCC-A860-42DD-9219-8474F40E3FD3","StepOrder":"2","Threshold":"0.3800"},{"ItemResponseOID":"3DB0C701-3A1B-4935-B3F4-CBB6E0FB4B4A","StepOrder":"3","Threshold":"0.9200"},{"ItemResponseOID":"D5B3FF7A-4037-4B2B-BED8-CF79D00898C0","StepOrder":"4","Threshold":"1.5200"}]},{"FormItemOID":"B034E988-DE02-4FE5-BDBF-54F8797ACD4F","ID":"SFEFN004","A_GRM":"3.08000","Map":[{"ItemResponseOID":"6A676A4E-7D85-47EB-9BA6-624FA7280D55","StepOrder":"1","Threshold":"-0.5400"},{"ItemResponseOID":"765CC54B-4E9F-4B22-977E-59EAA8AB07F0","StepOrder":"2","Threshold":"-0.1600"},{"ItemResponseOID":"9FC2598F-F0E9-4795-BA85-F136513AD7CE","StepOrder":"3","Threshold":"0.2300"},{"ItemResponseOID":"A905D058-40E1-4287-8FE6-3B1F5EF7932B","StepOrder":"4","Threshold":"0.9400"}]},{"FormItemOID":"B89DA162-5F95-4DEC-83C8-6BA545753AA5","ID":"SFEFN001","A_GRM":"3.34000","Map":[{"ItemResponseOID":"1B044EB5-23E5-4B0A-A77D-FFBBE3D3ADC4","StepOrder":"1","Threshold":"-0.1900"},{"ItemResponseOID":"48CD2C00-78A4-402B-AF75-BE9F6463D593","StepOrder":"2","Threshold":"0.3300"},{"ItemResponseOID":"F8C68A35-6719-43D0-ACC7-82AD9E292060","StepOrder":"3","Threshold":"0.8100"}]},{"FormItemOID":"F0B83ADF-42EB-4819-B1D1-940CA11038D1","ID":"SFEFN003","A_GRM":"3.20000","Map":[{"ItemResponseOID":"3A8D6069-F7DC-4FDC-B260-D4A35045A925","StepOrder":"1","Threshold":"-0.8900"},{"ItemResponseOID":"29E8A711-0237-4A83-BB95-3C12453E10B4","StepOrder":"2","Threshold":"-0.4600"},{"ItemResponseOID":"550AF66F-DBCA-476E-861B-6EF657A2C1F2","StepOrder":"3","Threshold":"0.2500"}]},{"FormItemOID":"FBAAA25B-7010-4D25-8C2F-0EA2BECC0E74","ID":"SFEFN002","A_GRM":"6.47000","Map":[{"ItemResponseOID":"35666401-839B-4595-A03A-B5E481DCBDDC","StepOrder":"1","Threshold":"-0.3700"},{"ItemResponseOID":"A8570295-2987-4929-A51C-97FB11D62682","StepOrder":"2","Threshold":"0.0300"},{"ItemResponseOID":"AC60A924-634A-4BCD-BADE-2766A17C928D","StepOrder":"3","Threshold":"0.4700"},{"ItemResponseOID":"EB4EA2FD-63C9-4CFD-A065-229367FC5620","StepOrder":"4","Threshold":"1.1800"}]}]}
