{"FormOID":"71CC7EFC-5AFA-4597-A2AE-54F21A386E07","Form":"PROMIS Physical Function Upper Extremity items","Properties":[{"MinNumItems":"4"},{"MaxNumItems":"12"},{"IRTModel":"0"},{"SelectionMethod":"1"},{"MinTheta":"-4.00"},{"MaxTheta":"4.00"},{"ThetaIncrement":"0.1000"},{"MaxStdErr":"0.30"},{"SelectionGroupSize":"1"},{"LogisticScaling":"1.0000"},{"DistMean":"0.00"},{"DistStdDev":"1.00"},{"FirstItem":""},{"CalibrationSample":"Promis Wave 1"},{"SetSelectionMethod":"Instance"}],"Items":[{"FormItemOID":"07343140-6E90-4E76-9171-C25372245632","ID":"PFB21","A_GRM":"2.32114","Map":[{"ItemResponseOID":"94F276E1-39BD-45A4-9CF4-3799932F32CA","StepOrder":"2","Threshold":"-3.8680"},{"ItemResponseOID":"C2CD61B6-216D-499A-9985-FB164D02BF74","StepOrder":"3","Threshold":"-3.0097"},{"ItemResponseOID":"3DA3F770-94D0-432A-8726-6855A90879EB","StepOrder":"4","Threshold":"-2.3882"},{"ItemResponseOID":"434809C9-B410-49CE-AD3F-656A990C7330","StepOrder":"5","Threshold":"-1.6877"}]},{"FormItemOID":"3210243F-7BC8-4053-ABD3-E0EB1591F6A8","ID":"PFA18","A_GRM":"2.48332","Map":[{"ItemResponseOID":"EF2CE708-1909-4D15-9D94-FB8E32195F4A","StepOrder":"2","Threshold":"-2.9209"},{"ItemResponseOID":"8E01B3AE-73E8-4D66-869A-A243A1923E52","StepOrder":"3","Threshold":"-2.4671"},{"ItemResponseOID":"A3A0A9B8-1F10-4A44-8E4E-5B87B06DE8A6","StepOrder":"4","Threshold":"-1.9442"},{"ItemResponseOID":"10004D2C-DE3D-48E0-AD4B-4F85C44E5A5E","StepOrder":"5","Threshold":"-1.3424"}]},{"FormItemOID":"35DDEEE4-8C7B-4CDF-B9C4-498E73E0C0DF","ID":"PFA16r1","A_GRM":"3.37000","Map":[{"ItemResponseOID":"AC58A9CD-0297-4086-90CE-3CC42A57C063","StepOrder":"1","Threshold":"-3.1400"},{"ItemResponseOID":"F89F0C03-7F14-42BD-8642-AB2DA42655A0","StepOrder":"2","Threshold":"-2.5600"},{"ItemResponseOID":"CD0826BD-9697-407D-8143-9F7F422C501A","StepOrder":"3","Threshold":"-1.9100"},{"ItemResponseOID":"6ED4A64A-4A9F-46DD-A84A-27BC754381A2","StepOrder":"4","Threshold":"-1.2400"}]},{"FormItemOID":"38708684-6536-4F51-AE8E-F678D2D40B22","ID":"PFA38","A_GRM":"2.80767","Map":[{"ItemResponseOID":"4A05853A-2D5E-4F85-82CF-981203FB2183","StepOrder":"2","Threshold":"-3.0294"},{"ItemResponseOID":"01F4C642-E655-4DEC-BDAA-206C2E52DAA6","StepOrder":"3","Threshold":"-2.5066"},{"ItemResponseOID":"9FC9CA7C-D4E3-485F-9B2A-89452ED5F2BF","StepOrder":"4","Threshold":"-1.9442"},{"ItemResponseOID":"2AA17EDB-152C-4839-ACCA-9F6ED707B3DE","StepOrder":"5","Threshold":"-1.3917"}]},{"FormItemOID":"412E0667-388F-48FB-83CD-A94ADA554DE1","ID":"PFB22","A_GRM":"3.11175","Map":[{"ItemResponseOID":"22EB8C05-E7C9-4031-BB99-4609663528B9","StepOrder":"2","Threshold":"-3.6214"},{"ItemResponseOID":"5DDBBEF2-121C-4CDC-BD13-5AA69C968B00","StepOrder":"3","Threshold":"-2.7828"},{"ItemResponseOID":"3B567FD3-672B-46DA-8AEE-D2D5CD981106","StepOrder":"4","Threshold":"-2.2895"},{"ItemResponseOID":"7FC18689-368D-4A05-A6FD-D534C54FA775","StepOrder":"5","Threshold":"-1.5989"}]},{"FormItemOID":"4681F120-31CC-4505-A023-D6F1162FAF2D","ID":"PFA54","A_GRM":"2.14883","Map":[{"ItemResponseOID":"9F6B72AA-9169-437B-8714-FA6D668E512B","StepOrder":"2","Threshold":"-3.8680"},{"ItemResponseOID":"9EE42D8F-7C8F-478A-AEAD-D7E1B95C04FD","StepOrder":"3","Threshold":"-3.2860"},{"ItemResponseOID":"F428F5B2-F36C-4D02-ADBC-EE04F068B14B","StepOrder":"4","Threshold":"-2.6151"},{"ItemResponseOID":"07E2CDBC-B710-4BA5-917F-0D3976229555","StepOrder":"5","Threshold":"-1.9245"}]},{"FormItemOID":"5CD2272E-0FB6-4986-ABB0-99FC0C540612","ID":"PFA48","A_GRM":"2.28060","Map":[{"ItemResponseOID":"3284E8AD-A855-4AEE-B5D5-7B284BC32037","StepOrder":"2","Threshold":"-3.5918"},{"ItemResponseOID":"EA4B3BDA-1D01-4049-AEF0-E7A984B5CB00","StepOrder":"3","Threshold":"-2.9604"},{"ItemResponseOID":"639FCB32-1A9F-4530-AF66-71D7206ED55C","StepOrder":"4","Threshold":"-2.5066"},{"ItemResponseOID":"EF6FB480-3B03-4593-8E87-9CD01E377F92","StepOrder":"5","Threshold":"-1.8455"}]},{"FormItemOID":"67581D10-6E7E-4D77-A1DB-4BAFC736B80F","ID":"PFA17","A_GRM":"2.17924","Map":[{"ItemResponseOID":"2E950C5D-ED68-4932-9F07-DEFC87D38292","StepOrder":"2","Threshold":"-2.7236"},{"ItemResponseOID":"AC22B4FB-69D6-45FD-A5E3-A2763A19090F","StepOrder":"3","Threshold":"-2.3092"},{"ItemResponseOID":"386148BD-D90A-4931-A316-54CACD50515B","StepOrder":"4","Threshold":"-1.7469"},{"ItemResponseOID":"4D4682D6-A3BE-414C-9277-B93F887A3AD5","StepOrder":"5","Threshold":"-0.9280"}]},{"FormItemOID":"8A26E2FB-8B92-494D-B642-848DBFE07C4C","ID":"PFB36","A_GRM":"2.48332","Map":[{"ItemResponseOID":"66E7D7E6-09A7-43D8-ACD1-FDD176A7A805","StepOrder":"2","Threshold":"-3.7792"},{"ItemResponseOID":"CA213DA7-10BE-48A5-9CFA-17305AAD3AF8","StepOrder":"3","Threshold":"-3.1182"},{"ItemResponseOID":"4430E4BB-08AC-4CA7-ACA9-1C2CA40D6164","StepOrder":"4","Threshold":"-2.2895"},{"ItemResponseOID":"767BFE91-8675-460F-9D87-F3EF99EF7316","StepOrder":"5","Threshold":"-1.5101"}]},{"FormItemOID":"8CCB4191-BA67-47DE-AD05-C65B0D3C7436","ID":"PFB33","A_GRM":"2.57454","Map":[{"ItemResponseOID":"C1D62BBD-F8BF-463A-B9BF-2EA901C85E42","StepOrder":"2","Threshold":"-3.5227"},{"ItemResponseOID":"0022D759-A816-4DBD-A904-7B7B67B06949","StepOrder":"3","Threshold":"-2.9110"},{"ItemResponseOID":"B3F1BE5E-2FC4-4F32-B163-16B1267A8709","StepOrder":"4","Threshold":"-2.3783"},{"ItemResponseOID":"0F65CFF2-D1EA-4BCB-A13C-61268F60AE40","StepOrder":"5","Threshold":"-1.7469"}]},{"FormItemOID":"994305FA-BE0C-4C36-A300-359D1BFF545F","ID":"PFA29r1","A_GRM":"2.88000","Map":[{"ItemResponseOID":"6817C91E-984A-4DC7-8A3E-A2057838F48B","StepOrder":"1","Threshold":"-2.6000"},{"ItemResponseOID":"07C5FB42-0F2E-4292-8A84-D2CF7E72EFC3","StepOrder":"2","Threshold":"-2.0600"},{"ItemResponseOID":"23AAA9E0-E0E6-4204-9D9D-34F146EDAE91","StepOrder":"3","Threshold":"-1.5100"},{"ItemResponseOID":"135FFD42-EEE6-4551-9EE8-0CF12C25BEC0","StepOrder":"4","Threshold":"-0.9300"}]},{"FormItemOID":"A3CB2658-6E01-4875-B960-4D2795BC6472","ID":"PFA20","A_GRM":"2.60495","Map":[{"ItemResponseOID":"D8EF948B-4D5F-4217-9370-84BB8973A8BC","StepOrder":"2","Threshold":"-3.3353"},{"ItemResponseOID":"E41DFDE9-E11B-4005-976B-3834DC979BB1","StepOrder":"3","Threshold":"-2.8716"},{"ItemResponseOID":"6EA3361C-8D33-40A0-9939-5669A0F0C84D","StepOrder":"4","Threshold":"-2.4967"},{"ItemResponseOID":"46EF3FB6-A213-4A80-B169-08EEE964561D","StepOrder":"5","Threshold":"-1.9541"}]},{"FormItemOID":"B0C9D644-02C5-4B6A-A3FA-F5F8E5A382DB","ID":"PFA35","A_GRM":"2.36169","Map":[{"ItemResponseOID":"2A127820-C9A8-45CC-9362-8E30EC1BC2FF","StepOrder":"2","Threshold":"-3.7694"},{"ItemResponseOID":"9AF4FEFA-CCD5-4625-B2C9-8CE77AF92193","StepOrder":"3","Threshold":"-3.0788"},{"ItemResponseOID":"97AA664C-3F71-437F-8B59-67308F5155F7","StepOrder":"4","Threshold":"-2.4671"},{"ItemResponseOID":"40CFD706-B9CC-4E15-9871-71B039262723","StepOrder":"5","Threshold":"-1.8455"}]},{"FormItemOID":"B69D01BB-8C92-4EA7-A807-446C63469C1B","ID":"PFA44","A_GRM":"3.23338","Map":[{"ItemResponseOID":"08512DB9-459A-471C-88C8-C05B8E4E69AE","StepOrder":"2","Threshold":"-3.4142"},{"ItemResponseOID":"854BDA0C-243E-42A3-9158-38037E83411B","StepOrder":"3","Threshold":"-2.9900"},{"ItemResponseOID":"F5545F4E-23D8-4580-BF96-C49C9C176CD4","StepOrder":"4","Threshold":"-2.4178"},{"ItemResponseOID":"FA14822E-3312-413A-A761-3DB8C4E37C16","StepOrder":"5","Threshold":"-1.7173"}]},{"FormItemOID":"E46FA807-4584-489C-9B8E-D00A10DFBFD1","ID":"PFA28","A_GRM":"2.17924","Map":[{"ItemResponseOID":"55DCF381-B541-4B49-B966-455555D18124","StepOrder":"2","Threshold":"-3.1873"},{"ItemResponseOID":"668DB7B5-7C68-469F-B582-474DDBBBA52B","StepOrder":"3","Threshold":"-2.5066"},{"ItemResponseOID":"04E9089A-B1DD-4E49-B563-2F9A31AC6E96","StepOrder":"4","Threshold":"-1.9442"},{"ItemResponseOID":"5B052EC0-0818-4713-9C51-5DA9A39E2110","StepOrder":"5","Threshold":"-1.1747"}]},{"FormItemOID":"FBFB493C-18F4-49DA-9619-EA98FB4E6232","ID":"PFB30","A_GRM":"2.04747","Map":[{"ItemResponseOID":"BE06BC53-8279-460E-8166-A7F86C4AB675","StepOrder":"2","Threshold":"-4.0456"},{"ItemResponseOID":"464C748C-6642-447D-8F12-92EA365150B4","StepOrder":"3","Threshold":"-3.4043"},{"ItemResponseOID":"E2B0D0D4-9D52-46EF-A383-E03C58153FB3","StepOrder":"4","Threshold":"-2.7137"},{"ItemResponseOID":"F4C40199-CFD9-4040-92B1-EEA295803258","StepOrder":"5","Threshold":"-1.7567"}]}]}
