{"FormOID":"71D33441-51AD-4F3D-BFAC-D77A4C31639C","Form":"Emotional and Behavioral Dyscontrol: A set of disease and/or treatment related manifestations including disinhibition, emotional liability, irritability, impatience, and impulsiveness.","Properties":[{"MinNumItems":"4"},{"MaxNumItems":"12"},{"IRTModel":"0"},{"SelectionMethod":"1"},{"MinTheta":"-4.00"},{"MaxTheta":"4.00"},{"ThetaIncrement":"0.1000"},{"MaxStdErr":"0.30"},{"SelectionGroupSize":"1"},{"LogisticScaling":"1.0000"},{"DistMean":"0.00"},{"DistStdDev":"1.00"},{"FirstItem":""},{"CalibrationSample":"Wave 1A"},{"SetSelectionMethod":"FormDefault"}],"Items":[{"FormItemOID":"2DFD84C1-B485-405A-B7C0-171E591B934D","ID":"NQPER11","A_GRM":"2.98734","Map":[{"ItemResponseOID":"EFCA3511-6429-420B-8334-0A37D644611C","StepOrder":"1","Threshold":"-0.5516"},{"ItemResponseOID":"60E89E14-3B7D-4A7B-9768-49AD54AAC21E","StepOrder":"2","Threshold":"0.4324"},{"ItemResponseOID":"6181B475-29E9-4241-AB56-D49DB4943101","StepOrder":"3","Threshold":"1.5610"},{"ItemResponseOID":"6401AADF-0351-4330-8A12-52B4EC0F2E35","StepOrder":"4","Threshold":"2.3579"}]},{"FormItemOID":"30996B8B-C770-4699-A49B-94988C2B2266","ID":"NQPER14","A_GRM":"1.76249","Map":[{"ItemResponseOID":"26A0A129-9F9C-413E-9132-4B00337EBE57","StepOrder":"1","Threshold":"-0.9515"},{"ItemResponseOID":"CC0F0272-667A-4A8C-AE4A-BB3936491C9B","StepOrder":"2","Threshold":"-0.0158"},{"ItemResponseOID":"08D274B7-EB47-48EA-859A-5EE71A9E49A4","StepOrder":"3","Threshold":"1.5015"},{"ItemResponseOID":"775437EA-90F0-4AFD-BD19-ADBDD853C11A","StepOrder":"4","Threshold":"3.1229"}]},{"FormItemOID":"3407BDA1-ACB6-4064-A4B8-6CF54D641ED0","ID":"NQPER13","A_GRM":"2.28650","Map":[{"ItemResponseOID":"A09DF749-5862-46E7-A5A3-DF2D45817E70","StepOrder":"1","Threshold":"-0.2575"},{"ItemResponseOID":"273BFD36-42EA-49D7-9D6E-4A5AF76CFAB9","StepOrder":"2","Threshold":"0.5676"},{"ItemResponseOID":"16A518FB-8722-4F23-9187-86FF9FAF6FCE","StepOrder":"3","Threshold":"1.5016"},{"ItemResponseOID":"55E7BA5A-366E-4E4D-964D-8979ABBFA43C","StepOrder":"4","Threshold":"2.7528"}]},{"FormItemOID":"370368C2-B7C9-432B-BD32-DD58EADD0A0B","ID":"EDANG09","A_GRM":"1.86940","Map":[{"ItemResponseOID":"B8F4BC28-BB17-4C3A-BF76-93C6994B6733","StepOrder":"1","Threshold":"-1.0752"},{"ItemResponseOID":"F703C200-5C81-4DE1-BA6B-91BA79242E42","StepOrder":"2","Threshold":"0.2868"},{"ItemResponseOID":"8821DBAC-9345-4D12-8BE8-F178EE90784C","StepOrder":"3","Threshold":"1.6635"},{"ItemResponseOID":"7110F9E8-F6CD-4F71-ACA4-09847E69AC9F","StepOrder":"4","Threshold":"3.0941"}]},{"FormItemOID":"3948495A-1FCB-4D72-8B6B-E25BBA977ECA","ID":"EDANG31","A_GRM":"2.41506","Map":[{"ItemResponseOID":"18797041-6493-4A0D-990F-77C4AEC59DD4","StepOrder":"1","Threshold":"-0.7727"},{"ItemResponseOID":"D9098500-ABD4-414E-96B2-8421FEECAF83","StepOrder":"2","Threshold":"0.2668"},{"ItemResponseOID":"AC826F0F-934E-4E3B-AD7A-411EF615FD05","StepOrder":"3","Threshold":"1.4196"},{"ItemResponseOID":"82F5DDEB-6986-42F9-B3DC-3B8BE69C4C0B","StepOrder":"4","Threshold":"2.3670"}]},{"FormItemOID":"48F2FCB1-9731-494C-9289-F1AD7DD49D5A","ID":"NQPER05","A_GRM":"2.84685","Map":[{"ItemResponseOID":"4BF749D5-051F-4401-8945-730ABB6C816E","StepOrder":"1","Threshold":"-0.0016"},{"ItemResponseOID":"FA707634-9164-4D75-8CAD-AD0EB4187C79","StepOrder":"2","Threshold":"0.9465"},{"ItemResponseOID":"3DA35985-4ABB-4357-9013-A990368ADDC9","StepOrder":"3","Threshold":"2.1141"},{"ItemResponseOID":"DB4BBF71-550C-4030-8C28-4C3081585D78","StepOrder":"4","Threshold":"2.9448"}]},{"FormItemOID":"7403F2DD-6E3B-47DC-BC60-8555DF738E30","ID":"NQPER06","A_GRM":"2.54842","Map":[{"ItemResponseOID":"6E47DA6F-2732-461F-BABF-BFDBEC9A31FF","StepOrder":"1","Threshold":"-0.5930"},{"ItemResponseOID":"48879272-D909-4280-9E7D-79349AE4C1AF","StepOrder":"2","Threshold":"0.4369"},{"ItemResponseOID":"9E5CE5D1-CA78-4E31-951D-090FE40821E9","StepOrder":"3","Threshold":"1.7508"},{"ItemResponseOID":"BD839DD5-5DA6-4DC9-B4AA-F670A528EF1E","StepOrder":"4","Threshold":"2.7897"}]},{"FormItemOID":"77D692E1-83C1-448B-B30A-6ABCBCDC2DBE","ID":"NQPER12","A_GRM":"3.17743","Map":[{"ItemResponseOID":"68ACF186-AF57-470A-9D8A-A8088AEBB554","StepOrder":"1","Threshold":"-0.9556"},{"ItemResponseOID":"06308237-4AD3-4956-AA78-BA1BC43B41F7","StepOrder":"2","Threshold":"0.0154"},{"ItemResponseOID":"15F89769-F42A-4AA1-8796-C96C828B3FD5","StepOrder":"3","Threshold":"1.1723"},{"ItemResponseOID":"0E6D1DA9-F30E-49F4-B934-9C464C5DCA40","StepOrder":"4","Threshold":"2.1197"}]},{"FormItemOID":"828700CD-5458-45E6-A52C-A3FA6B4E42FC","ID":"NQPER19","A_GRM":"2.70232","Map":[{"ItemResponseOID":"AEB13EEE-AC4E-438E-B7F3-7FC31B6B5F53","StepOrder":"1","Threshold":"-0.5444"},{"ItemResponseOID":"B5D4F9CD-761A-4F58-B96E-34AFDF1E6C68","StepOrder":"2","Threshold":"0.6502"},{"ItemResponseOID":"5494F579-BE3F-4EBE-91CB-9B0173448C4F","StepOrder":"3","Threshold":"1.7875"},{"ItemResponseOID":"EFE954BE-795C-4018-BB14-E83E7A86069F","StepOrder":"4","Threshold":"2.6579"}]},{"FormItemOID":"AA3DAFCB-320D-403C-90C7-33C399E01841","ID":"NQPER20","A_GRM":"2.05079","Map":[{"ItemResponseOID":"B84279BD-7765-4065-A2A4-5E29C6A0B63E","StepOrder":"1","Threshold":"1.5712"},{"ItemResponseOID":"A6887D4C-663F-44DB-9FEC-3CFF1BF6E7DB","StepOrder":"2","Threshold":"2.5151"},{"ItemResponseOID":"5383D90A-2720-4730-B0D0-E2471DEF0E37","StepOrder":"3","Threshold":"3.0389"},{"ItemResponseOID":"2FB26930-0535-4997-8AC7-EF955FC2E7C7","StepOrder":"4","Threshold":"3.5242"}]},{"FormItemOID":"BA06754B-69D7-4EE3-A596-938F300B376B","ID":"NQPER09","A_GRM":"1.61501","Map":[{"ItemResponseOID":"1BDDB7C9-D77E-4775-AA9B-0FFD40DD0868","StepOrder":"1","Threshold":"0.4335"},{"ItemResponseOID":"93B47293-2978-48BE-B5F5-27D6FC54B88A","StepOrder":"2","Threshold":"1.3373"},{"ItemResponseOID":"91029EAF-0C6B-4DF8-93EC-417D1DCFC747","StepOrder":"3","Threshold":"2.3809"},{"ItemResponseOID":"2EA472A1-B20D-4C63-95E6-A02DDB6CCC66","StepOrder":"4","Threshold":"3.3896"}]},{"FormItemOID":"C6FED07A-841E-429A-8F6D-E859004CF399","ID":"NQPER07","A_GRM":"3.11799","Map":[{"ItemResponseOID":"66F16D0D-FD89-47B0-B856-F5E8AAF47367","StepOrder":"1","Threshold":"-1.1973"},{"ItemResponseOID":"B8A48A56-087E-4649-A024-F6CE4F5E0FCB","StepOrder":"2","Threshold":"-0.0493"},{"ItemResponseOID":"DF625A0F-D612-4BBE-9183-00018521BFF2","StepOrder":"3","Threshold":"1.0672"},{"ItemResponseOID":"781F9100-1EB2-4D3D-B04B-78B8A3FF14BC","StepOrder":"4","Threshold":"2.1818"}]},{"FormItemOID":"D24FD3B5-3D3C-4E36-A345-35DCEFE3ED7E","ID":"NQPER10","A_GRM":"2.23161","Map":[{"ItemResponseOID":"FC8EBC7F-25AC-47C3-9862-AA5068D1BBEB","StepOrder":"1","Threshold":"-0.0133"},{"ItemResponseOID":"9ECBB858-BE38-4EC0-951A-7063955F2AC3","StepOrder":"2","Threshold":"1.0041"},{"ItemResponseOID":"0E74383F-A6A6-42C0-BF19-E3A93E1F2E2E","StepOrder":"3","Threshold":"2.2460"},{"ItemResponseOID":"BFE5DF3A-7F2C-4F05-BBA4-A7F2EA2BD3DA","StepOrder":"4","Threshold":"3.3185"}]},{"FormItemOID":"D2D0F0BB-373E-4B89-890C-A4DA3B15A217","ID":"NQPER08","A_GRM":"1.98463","Map":[{"ItemResponseOID":"9793674C-C3FC-47A0-9389-3DB2DE0B5708","StepOrder":"1","Threshold":"-0.7091"},{"ItemResponseOID":"0CB1DCD0-324A-4EA1-B8A1-2D62BE3C2589","StepOrder":"2","Threshold":"0.4793"},{"ItemResponseOID":"F755ADAC-AC03-4DEB-9943-E72714554622","StepOrder":"3","Threshold":"1.8967"},{"ItemResponseOID":"A6C8A5C7-DEBF-498A-B21E-0300CE6DA539","StepOrder":"4","Threshold":"3.1277"}]},{"FormItemOID":"EB747D64-4389-4FE6-B11A-004058007D9E","ID":"EDANG42","A_GRM":"2.67203","Map":[{"ItemResponseOID":"905DADCB-0479-44D3-8BB0-7E4F057B25ED","StepOrder":"1","Threshold":"-0.1397"},{"ItemResponseOID":"02EEB389-D4A7-41ED-AB4C-4E79A7D7B2CA","StepOrder":"2","Threshold":"0.8976"},{"ItemResponseOID":"BE0C84EF-CB47-47AC-8CEE-2DECBD047EEE","StepOrder":"3","Threshold":"1.9405"},{"ItemResponseOID":"0023DDAD-A393-4DAA-BE9F-85DE3015DADC","StepOrder":"4","Threshold":"2.7996"}]},{"FormItemOID":"EF3753BC-868A-472C-ABB4-E0A0E571962E","ID":"NQPER16","A_GRM":"2.32386","Map":[{"ItemResponseOID":"85FAB42D-F58C-4838-B5A2-F511F6B1FFE0","StepOrder":"1","Threshold":"-0.6616"},{"ItemResponseOID":"1308ACC1-3796-476E-A724-8643600CFB26","StepOrder":"2","Threshold":"0.3676"},{"ItemResponseOID":"B3FFEC44-5B3F-45A2-BDC0-4AEC1398FEA4","StepOrder":"3","Threshold":"1.3008"},{"ItemResponseOID":"0DFBE419-B28E-4ABC-9B2E-D0275DF9CB63","StepOrder":"4","Threshold":"1.9902"}]},{"FormItemOID":"F88C16BD-9449-411D-A2C8-5FC3CEBFD40D","ID":"NQPER15","A_GRM":"2.15697","Map":[{"ItemResponseOID":"6EA8ABCA-84E4-4A39-AB13-8F140AC0F097","StepOrder":"1","Threshold":"-0.5207"},{"ItemResponseOID":"E8D4087F-5DCF-4C57-A2D6-03E7384611BD","StepOrder":"2","Threshold":"0.4149"},{"ItemResponseOID":"F58C7A22-2085-46C3-974B-598F9285CD62","StepOrder":"3","Threshold":"1.5688"},{"ItemResponseOID":"FA2FD212-EAD5-4D7A-AC66-2CE8620712DE","StepOrder":"4","Threshold":"2.5348"}]},{"FormItemOID":"FA54346F-36EC-4053-962A-449CDFDE0399","ID":"NQPER17","A_GRM":"3.60515","Map":[{"ItemResponseOID":"E9F62FA8-4B81-471F-8118-E829F09B198E","StepOrder":"1","Threshold":"-0.4980"},{"ItemResponseOID":"14F02FC5-F31C-40D0-8BED-8BD5242BF543","StepOrder":"2","Threshold":"0.3585"},{"ItemResponseOID":"D3CA1830-75C4-4E93-98D8-9A0DA5D0DE50","StepOrder":"3","Threshold":"1.2771"},{"ItemResponseOID":"BF4AA5BD-D03A-4C17-A9A9-0E2ACFF9A0D7","StepOrder":"4","Threshold":"2.0088"}]}]}
