{"FormOID":"7224FB55-81D7-4131-A136-8C89907CDFBB","Form":"PROMIS 3-item Pain Intensity SF","Properties":[{"MinNumItems":"3"},{"MaxNumItems":"3"},{"IRTModel":"0"},{"SelectionMethod":"1"},{"MinTheta":"-4.00"},{"MaxTheta":"4.00"},{"ThetaIncrement":"0.1000"},{"MaxStdErr":"0.30"},{"SelectionGroupSize":"1"},{"LogisticScaling":"1.0000"},{"DistMean":"0.00"},{"DistStdDev":"1.00"},{"FirstItem":""},{"CalibrationSample":"Wave 1 Full Bank + ACPA Survey"},{"SetSelectionMethod":"Instance"}],"Items":[{"FormItemOID":"147B4D8D-17FB-429D-9FFB-314ACD165329","ID":"PAINQU21","A_GRM":"2.61126","Map":[{"ItemResponseOID":"3162D0D2-9F18-465C-BFA9-7F5EA27A43E5","StepOrder":"1","Threshold":"-0.5362"},{"ItemResponseOID":"6CCCC90D-671D-4979-BAF2-61E91CB40398","StepOrder":"2","Threshold":"0.5882"},{"ItemResponseOID":"4609885D-A760-42A6-BC50-ECAC8BA01251","StepOrder":"3","Threshold":"1.6364"},{"ItemResponseOID":"124EEE24-1CB4-4719-8D51-530F9AA06205","StepOrder":"4","Threshold":"2.3559"}]},{"FormItemOID":"4D7DBB0C-50B2-4B20-8019-10E7B27F36EA","ID":"PAINQU6","A_GRM":"4.47278","Map":[{"ItemResponseOID":"E899E94D-F0B1-4B50-A501-D569DF85E536","StepOrder":"1","Threshold":"-1.5379"},{"ItemResponseOID":"3DB1D30A-94D8-4139-BD34-69E18EEA3119","StepOrder":"2","Threshold":"-0.8035"},{"ItemResponseOID":"A0054087-F4C1-4F78-9D29-A0B400661F38","StepOrder":"3","Threshold":"-0.0338"},{"ItemResponseOID":"2D991D6D-90F6-437E-A290-EDDDE01A5F52","StepOrder":"4","Threshold":"0.6159"}]},{"FormItemOID":"6ED2724E-FF6C-4BC2-B507-0F9C9961D38E","ID":"PAINQU8","A_GRM":"6.28042","Map":[{"ItemResponseOID":"3D3C78F6-9F45-46F5-AFC3-1D9EEFEBF2BF","StepOrder":"1","Threshold":"-1.3195"},{"ItemResponseOID":"FCD5234C-9476-4B62-9D6D-69FC45043AC3","StepOrder":"2","Threshold":"-0.1539"},{"ItemResponseOID":"100BB0A5-2B6D-44E3-A0D7-CCD4409BEB4E","StepOrder":"3","Threshold":"0.6925"},{"ItemResponseOID":"30E5EFB4-8196-4ED5-8365-B043B075FC50","StepOrder":"4","Threshold":"1.4689"}]}]}
