{"FormOID":"76D26D41-E9D4-4539-8B8D-8A8F877E39E8","Form":"Lower Extremity (Mobility): One's ability to carry out various activities involving the trunk region and increasing degrees of bodily movement, ambulation, balance or endurance.","Properties":[{"MinNumItems":"4"},{"MaxNumItems":"12"},{"IRTModel":"0"},{"SelectionMethod":"1"},{"MinTheta":"-4.00"},{"MaxTheta":"4.00"},{"ThetaIncrement":"0.1000"},{"MaxStdErr":"0.30"},{"SelectionGroupSize":"1"},{"LogisticScaling":"1.0000"},{"DistMean":"0.00"},{"DistStdDev":"1.00"},{"FirstItem":""},{"CalibrationSample":"Wave 1B+Wave 2"},{"SetSelectionMethod":"FormDefault"}],"Items":[{"FormItemOID":"047F5F4D-B905-49BB-A5C2-DC45DAB2DA31","ID":"PFA45","A_GRM":"3.44662","Map":[{"ItemResponseOID":"9FB5B687-BAD9-4627-AE01-455151B67142","StepOrder":"1","Threshold":"-2.8857"},{"ItemResponseOID":"2B6B0C82-00D4-44A8-A44C-B3051C427FDF","StepOrder":"2","Threshold":"-2.3290"},{"ItemResponseOID":"A6E68F53-0864-4F38-820A-CE781D7DC3BE","StepOrder":"3","Threshold":"-1.7590"},{"ItemResponseOID":"28C316AC-51B8-441F-B09E-65089DF5B2C8","StepOrder":"4","Threshold":"-1.1942"}]},{"FormItemOID":"13156A90-5A45-42EA-B967-D1F11F15F83A","ID":"NQMOB23","A_GRM":"2.34377","Map":[{"ItemResponseOID":"F656B286-C707-453E-8163-43228775FF6A","StepOrder":"1","Threshold":"-2.5157"},{"ItemResponseOID":"66ACB009-DB8E-4C01-BA4F-B66DEC758332","StepOrder":"2","Threshold":"-1.7267"},{"ItemResponseOID":"BF057A0C-458E-4F39-BD28-52F96E983C60","StepOrder":"3","Threshold":"-1.1970"},{"ItemResponseOID":"00D95E2B-87A5-4A82-A3EF-4B6034C0FB96","StepOrder":"4","Threshold":"-0.5140"}]},{"FormItemOID":"3904C128-7B92-4C71-95EA-B0CF75633C2D","ID":"NQMOB09","A_GRM":"3.85188","Map":[{"ItemResponseOID":"DD5FDA1B-E41A-4B0B-8AA6-D7BFFC4752D1","StepOrder":"1","Threshold":"-2.5844"},{"ItemResponseOID":"26891DEE-8EA8-49E9-B0CA-74D783B2D6AA","StepOrder":"2","Threshold":"-1.7182"},{"ItemResponseOID":"C1CD5315-39EB-4955-BDE7-A4F4FED316DC","StepOrder":"3","Threshold":"-1.0404"},{"ItemResponseOID":"35C8A552-C87A-46E0-BB22-93677A6225FB","StepOrder":"4","Threshold":"-0.3463"}]},{"FormItemOID":"3BF9CB1F-3A61-4777-9DF9-0FFCBF2737E3","ID":"PFA23","A_GRM":"2.92633","Map":[{"ItemResponseOID":"1331A34B-0C53-467A-867D-2825D5C51A28","StepOrder":"1","Threshold":"-1.8295"},{"ItemResponseOID":"FDD466E0-29DF-421D-984B-D0DEA23B6C88","StepOrder":"2","Threshold":"-1.5422"},{"ItemResponseOID":"1A7737AA-4821-4DF5-9AF6-5F45DE63D7B7","StepOrder":"3","Threshold":"-1.1846"},{"ItemResponseOID":"F2708AEA-AC1D-4334-A33D-C9D68A1632F7","StepOrder":"4","Threshold":"-0.6634"}]},{"FormItemOID":"590A01FD-6D2F-4D28-BB08-F3868ABD70C1","ID":"NQMOB08","A_GRM":"3.33150","Map":[{"ItemResponseOID":"885723B5-4B8B-41B9-8884-415FDE302AB6","StepOrder":"1","Threshold":"-2.4584"},{"ItemResponseOID":"1A918826-631E-4E18-BA55-940E104BFFA7","StepOrder":"2","Threshold":"-1.7743"},{"ItemResponseOID":"37ED7AF9-8EF6-4CE0-BD57-2639D969BBD1","StepOrder":"3","Threshold":"-1.2137"},{"ItemResponseOID":"3D9AC36A-C7C3-4971-A058-08D242F68953","StepOrder":"4","Threshold":"-0.5425"}]},{"FormItemOID":"7C5B5E98-0272-4F3D-B1CD-C52969B58505","ID":"NQMOB21","A_GRM":"3.75376","Map":[{"ItemResponseOID":"EE1039BF-E3E3-4F8E-947B-129AC29EAEF0","StepOrder":"1","Threshold":"-1.5758"},{"ItemResponseOID":"635EA7E0-8C30-4EF9-B6CA-833763B6BC4E","StepOrder":"2","Threshold":"-1.0666"},{"ItemResponseOID":"4A0C7A2A-CCCE-4FD2-BCC2-5E344DF7F66B","StepOrder":"3","Threshold":"-0.6440"},{"ItemResponseOID":"BBA47846-3061-4E01-A0CE-59AF1001516D","StepOrder":"4","Threshold":"-0.0683"}]},{"FormItemOID":"8AB166B4-1ECB-437A-81C9-2D2ACF0467AA","ID":"PFA56","A_GRM":"3.29853","Map":[{"ItemResponseOID":"B11615BF-CFD6-40B1-A99B-D84CAFE722D5","StepOrder":"1","Threshold":"-3.0487"},{"ItemResponseOID":"D1B879B6-9EEC-46FB-9F05-1019A9043699","StepOrder":"2","Threshold":"-2.2931"},{"ItemResponseOID":"A39CEAB5-0E21-45AE-98DF-F4AE2191BD54","StepOrder":"3","Threshold":"-1.4669"},{"ItemResponseOID":"9B5E4DD6-BDA8-4B60-9CBC-CFCC5B8CD1EB","StepOrder":"4","Threshold":"-0.6731"}]},{"FormItemOID":"8B279780-2CDA-468B-9969-CE15F0DF2E14","ID":"NQMOB17","A_GRM":"2.84734","Map":[{"ItemResponseOID":"C73646AC-2BB8-44A4-A974-DFA0324F993E","StepOrder":"1","Threshold":"-1.8539"},{"ItemResponseOID":"A5B2CB07-73CE-4EE6-89A4-0D9FC7644931","StepOrder":"2","Threshold":"-1.0783"},{"ItemResponseOID":"24E96734-4E67-4BA5-B536-699373539ADD","StepOrder":"3","Threshold":"-0.5079"},{"ItemResponseOID":"F1B6AF16-9180-49BD-BCA6-4E74D6AB79DD","StepOrder":"4","Threshold":"0.3848"}]},{"FormItemOID":"8BC9F393-AE78-43A3-877C-10890DC6C226","ID":"PFA12","A_GRM":"2.78257","Map":[{"ItemResponseOID":"DF83469A-2EB8-4989-AC6A-030E902250B3","StepOrder":"1","Threshold":"-2.6718"},{"ItemResponseOID":"6CC8AFAF-FC9D-4EC9-847F-5B0C1681DB1B","StepOrder":"2","Threshold":"-1.8577"},{"ItemResponseOID":"F74409AE-D1E0-45C4-8F82-0440CD3FB0A1","StepOrder":"3","Threshold":"-1.2100"},{"ItemResponseOID":"4D6C3B7A-6119-4D91-8013-3451E1BDEFFC","StepOrder":"4","Threshold":"-0.3680"}]},{"FormItemOID":"9E97A543-6F67-401F-A30C-5C7C952BE79E","ID":"PFA31","A_GRM":"3.26352","Map":[{"ItemResponseOID":"45960A82-D87C-4E08-9B3D-D8BBF1A026D5","StepOrder":"1","Threshold":"-1.7060"},{"ItemResponseOID":"EBE88F1C-EDF5-4A31-8811-5E6181DBC861","StepOrder":"2","Threshold":"-1.2468"},{"ItemResponseOID":"264EC2DD-A3AD-48F7-974C-765037E9EFB9","StepOrder":"3","Threshold":"-0.7970"},{"ItemResponseOID":"F4AF16E5-D11F-4D79-8349-EC355272D02F","StepOrder":"4","Threshold":"-0.1764"}]},{"FormItemOID":"A7B14A75-DD48-411C-A7CC-213226BC1F10","ID":"NQMOB01","A_GRM":"3.83342","Map":[{"ItemResponseOID":"9E636699-28AD-4D8E-942B-B304FB5BA636","StepOrder":"1","Threshold":"-2.4983"},{"ItemResponseOID":"624BE9D5-DB9F-4C1D-8B03-183A12A60D0A","StepOrder":"2","Threshold":"-1.8977"},{"ItemResponseOID":"7D51D8F5-18BF-4BDB-A05F-EFFE128A5295","StepOrder":"3","Threshold":"-1.2427"},{"ItemResponseOID":"B5EA75BE-8C4F-40AD-83F1-424A1513B21C","StepOrder":"4","Threshold":"-0.4732"}]},{"FormItemOID":"BCB3EB58-67FA-48B9-89C5-00401CBE8E58","ID":"PFA30","A_GRM":"3.88692","Map":[{"ItemResponseOID":"D254576B-3188-4723-8FAF-7DFB711E5B50","StepOrder":"1","Threshold":"-2.4376"},{"ItemResponseOID":"163313E8-5E7B-4516-8A5D-9B8B907DBD7D","StepOrder":"2","Threshold":"-1.9262"},{"ItemResponseOID":"D443F2B8-9C61-4F76-8A82-3405E40D60A9","StepOrder":"3","Threshold":"-1.4248"},{"ItemResponseOID":"6D70A0D2-006D-4C65-B4A7-CBB0C81F6D3B","StepOrder":"4","Threshold":"-0.8002"}]},{"FormItemOID":"BE16C39B-6330-4234-B39D-D1BD332C921E","ID":"NQMOB04","A_GRM":"2.55675","Map":[{"ItemResponseOID":"7C3BFA8F-C998-4387-A2D9-451E60C1CEA4","StepOrder":"1","Threshold":"-3.2307"},{"ItemResponseOID":"31BB758D-E625-4F82-BE22-C57654F593E8","StepOrder":"2","Threshold":"-2.4103"},{"ItemResponseOID":"80BE546A-AD5C-4796-BAD3-382E2F55EC24","StepOrder":"3","Threshold":"-1.7888"},{"ItemResponseOID":"3E95B28D-A371-4240-9C97-008A1F8A02AE","StepOrder":"4","Threshold":"-1.1125"}]},{"FormItemOID":"C03EB414-E0A0-40DE-B839-0C65F30A95E4","ID":"NQMOB03","A_GRM":"3.24558","Map":[{"ItemResponseOID":"9AD3F544-1EC3-460A-ACD1-5095CA945ED9","StepOrder":"1","Threshold":"-3.2220"},{"ItemResponseOID":"E3B5F2DE-2705-428C-8ACE-D228A7E73984","StepOrder":"2","Threshold":"-2.4840"},{"ItemResponseOID":"742BE667-9B75-408D-9F72-8374CB6554DD","StepOrder":"3","Threshold":"-1.6955"},{"ItemResponseOID":"DCBE96D4-7AAF-46B8-9442-F4642F5BE2F3","StepOrder":"4","Threshold":"-0.9078"}]},{"FormItemOID":"CA3AEF4B-64FF-4547-9EA0-2A722FC7254A","ID":"NQMOB11","A_GRM":"3.76799","Map":[{"ItemResponseOID":"853DD38F-6AAF-4591-BF45-571958B026B6","StepOrder":"1","Threshold":"-2.9490"},{"ItemResponseOID":"A316EC9E-FF3A-4BA2-AD15-285D245EDD8E","StepOrder":"2","Threshold":"-2.4682"},{"ItemResponseOID":"4EC76FAE-2458-4F67-B72D-2371B23B9A7E","StepOrder":"3","Threshold":"-1.9172"},{"ItemResponseOID":"291EDE18-7133-4C21-9F3E-E1E0B60F16A1","StepOrder":"4","Threshold":"-1.2445"}]},{"FormItemOID":"CF81C4E6-B59A-4F4A-BB1E-B5F406AECF24","ID":"PFA53","A_GRM":"3.02184","Map":[{"ItemResponseOID":"B52A6A55-B390-4370-8035-51B78AE238F7","StepOrder":"1","Threshold":"-2.2624"},{"ItemResponseOID":"4E0454EE-9CE2-448F-9A5A-6F6F28BB8871","StepOrder":"2","Threshold":"-1.8848"},{"ItemResponseOID":"C652BAE9-508D-4907-A0B7-5320C6044F51","StepOrder":"3","Threshold":"-1.3617"},{"ItemResponseOID":"FDF90FD5-3C26-4C11-8F44-BA485AD11C42","StepOrder":"4","Threshold":"-0.7902"}]},{"FormItemOID":"D56D4EC7-DEC7-48BF-9F14-7739B42F505B","ID":"NQMOB06","A_GRM":"3.63721","Map":[{"ItemResponseOID":"E7D7875F-9F42-43B4-874D-C912BE8124E7","StepOrder":"1","Threshold":"-2.3756"},{"ItemResponseOID":"4790096A-7037-48CA-ABC2-A2DD593864BC","StepOrder":"2","Threshold":"-1.4205"},{"ItemResponseOID":"9585C478-7C01-4E1C-BDA6-17EBA66D8CB1","StepOrder":"3","Threshold":"-0.8971"},{"ItemResponseOID":"8EBFE56E-D9C9-4FEC-80DA-FE8D137D8845","StepOrder":"4","Threshold":"-0.0310"}]},{"FormItemOID":"E9E383C2-67F9-45A5-BF2F-6A386A20842B","ID":"NQMOB16","A_GRM":"2.67748","Map":[{"ItemResponseOID":"C9340F72-B61B-45C5-9BB5-5B90061057A3","StepOrder":"1","Threshold":"-1.4795"},{"ItemResponseOID":"8045D136-BD5A-4737-A107-D423A1FF3681","StepOrder":"2","Threshold":"-1.0947"},{"ItemResponseOID":"42AE88B4-F3C6-4704-AD63-F5F27DABCCC2","StepOrder":"3","Threshold":"-0.7008"},{"ItemResponseOID":"08C51BC0-8978-4E15-B889-C902F07E8B3B","StepOrder":"4","Threshold":"-0.1002"}]},{"FormItemOID":"F545E005-83F5-437A-81C3-AE828EED27BB","ID":"PFC45","A_GRM":"3.63447","Map":[{"ItemResponseOID":"168CE9AE-D873-490B-8C3C-37784627B874","StepOrder":"1","Threshold":"-3.0368"},{"ItemResponseOID":"654F8603-AD33-49B2-B910-5C64372290C6","StepOrder":"2","Threshold":"-2.4581"},{"ItemResponseOID":"38CBB4A1-6841-4A2F-A5F3-9575D3F66C65","StepOrder":"3","Threshold":"-1.8141"},{"ItemResponseOID":"9536E92E-F0A6-499C-BAE1-F5202BA0F77A","StepOrder":"4","Threshold":"-1.2255"}]}]}
