{"FormOID":"795B07C1-067E-4FBD-9B60-A57985E69B5D","Form":"Four-item sleep disturbance short form from the PROMIS-29 Profile","Properties":[{"MinNumItems":"4"},{"MaxNumItems":"4"},{"IRTModel":"0"},{"SelectionMethod":"1"},{"MinTheta":"-4.00"},{"MaxTheta":"4.00"},{"ThetaIncrement":"0.1000"},{"MaxStdErr":"0.30"},{"SelectionGroupSize":"1"},{"LogisticScaling":"1.0000"},{"DistMean":"0.00"},{"DistStdDev":"1.00"},{"FirstItem":""},{"CalibrationSample":"PROMIS Sleep Wave 1"},{"SetSelectionMethod":"Instance"}],"Items":[{"FormItemOID":"547EA51C-28AB-49E5-9E3F-6C9F06177931","ID":"Sleep109","A_GRM":"3.38500","Map":[{"ItemResponseOID":"37F806DA-3798-4C96-8F8C-C38DFD818F79","StepOrder":"1","Threshold":"-1.2193"},{"ItemResponseOID":"CF828ADF-0D7A-4BEC-A514-2207C45B178E","StepOrder":"2","Threshold":"-0.0027"},{"ItemResponseOID":"994B2D5B-5A98-4F21-B187-50CA8BC9AEE0","StepOrder":"3","Threshold":"1.0761"},{"ItemResponseOID":"B4F3D883-50D9-4288-853F-5E197C7E9918","StepOrder":"4","Threshold":"1.9020"}]},{"FormItemOID":"8BDF7BAA-9011-4543-9483-5243ECE84B72","ID":"Sleep20","A_GRM":"2.79640","Map":[{"ItemResponseOID":"F96C3078-CA24-4653-A54A-307E372B10CB","StepOrder":"1","Threshold":"-0.5612"},{"ItemResponseOID":"36AEC90A-F2E0-49A8-876B-85D37E1C958E","StepOrder":"2","Threshold":"0.3267"},{"ItemResponseOID":"DD8D549B-B864-43FD-898F-BA5B23A5CC80","StepOrder":"3","Threshold":"0.9827"},{"ItemResponseOID":"AF630419-090F-4F7B-B0CA-B37E0A56FDBD","StepOrder":"4","Threshold":"1.7406"}]},{"FormItemOID":"B6D2937E-D3B6-4039-A6EC-4CB529B62359","ID":"Sleep116","A_GRM":"2.57680","Map":[{"ItemResponseOID":"3D319DF0-2B96-4F57-846B-FF3E5227707B","StepOrder":"1","Threshold":"-1.3528"},{"ItemResponseOID":"11AF8948-C8DF-4110-BC9A-6E495C433917","StepOrder":"2","Threshold":"-0.3400"},{"ItemResponseOID":"52EE3487-B56A-46F3-9F1A-A05E8CBAF892","StepOrder":"3","Threshold":"0.4935"},{"ItemResponseOID":"D9F6065F-A11A-4AAD-B57B-AABF164F7692","StepOrder":"4","Threshold":"1.2847"}]},{"FormItemOID":"FB89423C-D8D0-4BC8-A946-BE979939AC6A","ID":"Sleep44","A_GRM":"2.50970","Map":[{"ItemResponseOID":"4B8C73F4-5A9B-4F6F-9635-DA04C6E6FCF6","StepOrder":"1","Threshold":"-0.4634"},{"ItemResponseOID":"44B6B648-CF7B-4A9A-8ABB-F1B243395A38","StepOrder":"2","Threshold":"0.3113"},{"ItemResponseOID":"3D0B3A80-4365-42E4-A1E5-C21A201761F8","StepOrder":"3","Threshold":"0.9780"},{"ItemResponseOID":"384C4BCA-0101-4C87-A2B7-341DACAA7A25","StepOrder":"4","Threshold":"1.7204"}]}]}
