{"FormOID":"7D3B96F8-5F79-4BFE-8AF6-4608935AFFEC","Form":"Perceptions of self and publically enacted negativity, prejudice and discrimination as a result of disease-related manifestations.  ","Properties":[{"MinNumItems":"8"},{"MaxNumItems":"8"},{"IRTModel":"0"},{"SelectionMethod":"1"},{"MinTheta":"-4.00"},{"MaxTheta":"4.00"},{"ThetaIncrement":"0.1000"},{"MaxStdErr":"0.30"},{"SelectionGroupSize":"1"},{"LogisticScaling":"1.0000"},{"DistMean":"0.00"},{"DistStdDev":"1.00"},{"FirstItem":""},{"CalibrationSample":"Wave 1A"},{"SetSelectionMethod":"Instance"}],"Items":[{"FormItemOID":"175E219D-C1CF-4C7B-AE59-63FB5FB97681","ID":"NQSTG08","A_GRM":"3.92346","Map":[{"ItemResponseOID":"DE38B0EC-CCCD-4C8E-9406-D1521351EBDB","StepOrder":"1","Threshold":"0.6715"},{"ItemResponseOID":"87F02EBA-B67D-46D6-A218-E1E75C61887B","StepOrder":"2","Threshold":"1.2285"},{"ItemResponseOID":"396C26B5-32FE-4583-9B44-59B07BF98401","StepOrder":"3","Threshold":"1.8107"},{"ItemResponseOID":"9C1E6573-CD99-498E-B7BB-8882EA29CD24","StepOrder":"4","Threshold":"2.6988"}]},{"FormItemOID":"1A192A1B-5883-42F4-B55C-92C513AA5805","ID":"NQSTG02","A_GRM":"4.06104","Map":[{"ItemResponseOID":"11CC6E40-70A2-4CD5-87C0-BE3438F5B4C1","StepOrder":"1","Threshold":"0.3513"},{"ItemResponseOID":"C5714660-2A0D-4855-9FBF-7B015A25E27A","StepOrder":"2","Threshold":"0.8893"},{"ItemResponseOID":"22A31B15-4A5D-4FB3-8A0E-9E43FB4BABBE","StepOrder":"3","Threshold":"1.5553"},{"ItemResponseOID":"F5D27F59-B8D2-413E-A9DF-08D332313910","StepOrder":"4","Threshold":"2.1985"}]},{"FormItemOID":"22319B29-143A-4522-BEFF-BEC81FE47F61","ID":"NQSTG04","A_GRM":"4.00129","Map":[{"ItemResponseOID":"2A1D0BA9-B0FF-420E-9FF9-F175D9D8536E","StepOrder":"1","Threshold":"-0.0589"},{"ItemResponseOID":"91ABB1D3-8FA4-4995-8F20-4C53FCCB87F1","StepOrder":"2","Threshold":"0.3539"},{"ItemResponseOID":"56B9375E-5198-4891-AC7E-7E252020B9A3","StepOrder":"3","Threshold":"0.9446"},{"ItemResponseOID":"BEB9B645-1EE7-437E-8A3D-328262D7EB69","StepOrder":"4","Threshold":"1.6095"}]},{"FormItemOID":"8BDD786F-1A6D-4F9B-B9E7-EBA11E7ABF4F","ID":"NQSTG05","A_GRM":"3.30964","Map":[{"ItemResponseOID":"F758ADCF-0375-4CF5-8355-D4459B9622F1","StepOrder":"1","Threshold":"0.6524"},{"ItemResponseOID":"8ACF0DBC-FC9B-4B6A-BCBC-CC8DD45C38AC","StepOrder":"2","Threshold":"1.2615"},{"ItemResponseOID":"956C10C4-8154-4F41-A9F4-C1CC63E12946","StepOrder":"3","Threshold":"2.0968"},{"ItemResponseOID":"3A9B86BA-CDA0-4936-922B-EEFE945DD653","StepOrder":"4","Threshold":"3.0858"}]},{"FormItemOID":"8FBC5FE7-167F-4847-B70E-8BD634357D75","ID":"NQSTG01","A_GRM":"3.44314","Map":[{"ItemResponseOID":"590B7420-D90A-4A24-894E-3D7C5A809643","StepOrder":"1","Threshold":"0.0958"},{"ItemResponseOID":"3A74B231-7350-4FF9-947A-5AABEF00717B","StepOrder":"2","Threshold":"0.7472"},{"ItemResponseOID":"1F487DC7-35CB-4535-A72B-DB915F56C928","StepOrder":"3","Threshold":"1.4286"},{"ItemResponseOID":"1C988605-59E1-4F61-9128-3F427171E7BE","StepOrder":"4","Threshold":"2.4042"}]},{"FormItemOID":"99F9B6FE-1789-4716-8A04-EDCFE115016F","ID":"NQSTG17","A_GRM":"3.39119","Map":[{"ItemResponseOID":"B7387C4F-10EC-4B0E-8902-55859913CC5F","StepOrder":"1","Threshold":"-0.0744"},{"ItemResponseOID":"E49C1765-0366-4D8A-9392-76FD44151DF7","StepOrder":"2","Threshold":"0.3473"},{"ItemResponseOID":"4BBE3233-5D82-411C-9A66-CD92FE40DA91","StepOrder":"3","Threshold":"1.0160"},{"ItemResponseOID":"7787F33C-07D8-40A7-97AD-E8FE85295A68","StepOrder":"4","Threshold":"1.6108"}]},{"FormItemOID":"A9BEA86F-E053-41A6-BD8B-26DD2F986085","ID":"NQSTG21","A_GRM":"2.88180","Map":[{"ItemResponseOID":"908B42B4-FDBF-4E45-BB13-734E35142E76","StepOrder":"1","Threshold":"0.5032"},{"ItemResponseOID":"F7385344-DE46-4B0F-9BE5-1CF9F5FF8705","StepOrder":"2","Threshold":"0.9522"},{"ItemResponseOID":"67F67824-C86F-4174-BA19-982D7FCF7C8D","StepOrder":"3","Threshold":"1.5378"},{"ItemResponseOID":"E48AF826-05FF-41F0-8E64-0526586876E2","StepOrder":"4","Threshold":"2.1911"}]},{"FormItemOID":"B60BCB8D-B7D7-4251-A6D3-83CFD1B93543","ID":"NQSTG16","A_GRM":"3.45683","Map":[{"ItemResponseOID":"E418D5B0-CD20-48F3-8B87-73A68503534A","StepOrder":"1","Threshold":"0.1838"},{"ItemResponseOID":"3D89A185-AD42-4C16-A61D-8CC3735A780D","StepOrder":"2","Threshold":"0.5917"},{"ItemResponseOID":"FA83D5EB-DDE1-4763-B835-F85B41EB5D7C","StepOrder":"3","Threshold":"1.1831"},{"ItemResponseOID":"955AFEC2-6396-4E46-AC62-9488AE019784","StepOrder":"4","Threshold":"1.6868"}]}]}
