{"FormOID":"807CA84D-379E-432B-AAC0-C4D463D48321","Form":"Eight-item sleep disturbance short form from the PROMIS-57 Profile","Properties":[{"MinNumItems":"8"},{"MaxNumItems":"8"},{"IRTModel":"0"},{"SelectionMethod":"1"},{"MinTheta":"-4.00"},{"MaxTheta":"4.00"},{"ThetaIncrement":"0.1000"},{"MaxStdErr":"0.30"},{"SelectionGroupSize":"1"},{"LogisticScaling":"1.0000"},{"DistMean":"0.00"},{"DistStdDev":"1.00"},{"FirstItem":""},{"CalibrationSample":"PROMIS Sleep Wave 1"},{"SetSelectionMethod":"Instance"}],"Items":[{"FormItemOID":"13205BD1-6499-48E4-8469-7788783EB41D","ID":"Sleep108","A_GRM":"2.29600","Map":[{"ItemResponseOID":"1012C8A4-D2A5-4501-B669-9A0DC0ACA2C3","StepOrder":"1","Threshold":"-0.2885"},{"ItemResponseOID":"56C82CCF-2C79-4C29-82DF-BC286FE1989E","StepOrder":"2","Threshold":"0.6870"},{"ItemResponseOID":"505233F6-006C-4D8A-A3DD-225BCE57A5C7","StepOrder":"3","Threshold":"1.4524"},{"ItemResponseOID":"51DEF55E-597B-416B-B0A4-9CE4F91DC93E","StepOrder":"4","Threshold":"2.3260"}]},{"FormItemOID":"1F21BA6B-D0D4-4A26-86C7-D18BC28EF912","ID":"Sleep44","A_GRM":"2.50970","Map":[{"ItemResponseOID":"5D4591A5-D7B8-4563-96E1-0014005A8F5B","StepOrder":"1","Threshold":"-0.4634"},{"ItemResponseOID":"488C2879-2BBA-4863-99B2-5ABCBDD72DD3","StepOrder":"2","Threshold":"0.3113"},{"ItemResponseOID":"19D42842-BB40-49CD-8E96-C3116C801E83","StepOrder":"3","Threshold":"0.9780"},{"ItemResponseOID":"AEB04FD3-6CA2-467A-970F-B5140AF2D6FF","StepOrder":"4","Threshold":"1.7204"}]},{"FormItemOID":"5142F267-4C37-4241-BFE5-709B0DC45AD5","ID":"Sleep115","A_GRM":"2.77140","Map":[{"ItemResponseOID":"94CEAB83-F0D4-4BEB-8510-51C7E0A8C433","StepOrder":"1","Threshold":"-1.2480"},{"ItemResponseOID":"EAB12598-088D-40DE-9082-457B829B0BB2","StepOrder":"2","Threshold":"-0.3351"},{"ItemResponseOID":"F3E70D71-27EF-4C35-A654-8C0B8BB65F4C","StepOrder":"3","Threshold":"0.4303"},{"ItemResponseOID":"2350F725-54AD-43F0-90C1-47E36699C612","StepOrder":"4","Threshold":"1.0950"}]},{"FormItemOID":"6E54BB04-5EC0-4C13-A314-A074687361C3","ID":"Sleep109","A_GRM":"3.38500","Map":[{"ItemResponseOID":"A6401D69-D136-4493-8C1A-1D730DAA410F","StepOrder":"1","Threshold":"-1.2193"},{"ItemResponseOID":"A075DADB-FB72-4B73-8F53-98CB2EFF84AB","StepOrder":"2","Threshold":"-0.0027"},{"ItemResponseOID":"A82E1AF2-025F-4D22-8CBF-D58B37A2E22B","StepOrder":"3","Threshold":"1.0761"},{"ItemResponseOID":"1F209038-4939-4356-9C42-70B4E1E2C237","StepOrder":"4","Threshold":"1.9020"}]},{"FormItemOID":"78B51C12-FC34-4415-8C90-18C67219720C","ID":"Sleep116","A_GRM":"2.57680","Map":[{"ItemResponseOID":"FD986B29-5ADB-48DC-B36F-9AF3FC3D0825","StepOrder":"1","Threshold":"-1.3528"},{"ItemResponseOID":"61D7CC42-0668-4D1A-A302-CB45F0247D35","StepOrder":"2","Threshold":"-0.3400"},{"ItemResponseOID":"FA556E2D-9816-4FF5-BB5C-57F1C36EA626","StepOrder":"3","Threshold":"0.4935"},{"ItemResponseOID":"45FBE636-5545-4CE2-9E57-C020B565376A","StepOrder":"4","Threshold":"1.2847"}]},{"FormItemOID":"ADE8F28F-2CAD-4487-8F40-196929EB7FD3","ID":"Sleep67","A_GRM":"2.37340","Map":[{"ItemResponseOID":"E1E5221A-6EFA-4131-AC18-2D0560E2EB48","StepOrder":"1","Threshold":"0.2796"},{"ItemResponseOID":"D8C3A770-038B-4A62-B621-2EB7B34602D7","StepOrder":"2","Threshold":"1.0192"},{"ItemResponseOID":"ADFF36D0-2AE9-408E-89B3-916FE683849C","StepOrder":"3","Threshold":"1.6162"},{"ItemResponseOID":"B7720FB2-F3F4-4634-9F11-F5FF1767A4F5","StepOrder":"4","Threshold":"2.3726"}]},{"FormItemOID":"EB53BBF6-7CCA-43E6-97A5-E122449DCA88","ID":"Sleep72","A_GRM":"2.47430","Map":[{"ItemResponseOID":"0D60BA6B-9089-4379-9582-4308FC21F4E4","StepOrder":"1","Threshold":"0.0272"},{"ItemResponseOID":"3F8AE9C1-BCBE-4510-9FF8-56CECE5F2817","StepOrder":"2","Threshold":"0.6644"},{"ItemResponseOID":"C6C27409-ADD4-4875-B58E-DBCD0DBA232C","StepOrder":"3","Threshold":"1.1899"},{"ItemResponseOID":"A5D905F2-9A16-4AFC-A5BC-C1F14FE275F5","StepOrder":"4","Threshold":"1.8778"}]},{"FormItemOID":"F20093AA-DBBA-4105-90F9-4CE678A1625D","ID":"Sleep20","A_GRM":"2.79640","Map":[{"ItemResponseOID":"834C940E-A6F8-4B50-956D-2E3E685B34BB","StepOrder":"1","Threshold":"-0.5612"},{"ItemResponseOID":"3ADBFE9D-28E1-4664-BF72-4D5D4B103BAD","StepOrder":"2","Threshold":"0.3267"},{"ItemResponseOID":"B99C76EC-CE6B-418C-AF81-E24283E975E1","StepOrder":"3","Threshold":"0.9827"},{"ItemResponseOID":"B70BE33D-2BB6-45F8-B27D-BCECDD5EF958","StepOrder":"4","Threshold":"1.7406"}]}]}
