{"FormOID":"832ABA40-0135-4D45-AFA9-DA4D24D65369","Form":"Upper Extremity (Fine Motor, ADL): One's ability to carry out various activities involving digital, manual and reach-related functions, ranging from fine motor to self-care (activities of daily living).","Properties":[{"MinNumItems":"4"},{"MaxNumItems":"12"},{"IRTModel":"0"},{"SelectionMethod":"1"},{"MinTheta":"-4.00"},{"MaxTheta":"4.00"},{"ThetaIncrement":"0.1000"},{"MaxStdErr":"0.30"},{"SelectionGroupSize":"1"},{"LogisticScaling":"1.0000"},{"DistMean":"0.00"},{"DistStdDev":"1.00"},{"FirstItem":""},{"CalibrationSample":"Wave 1B+Wave 2"},{"SetSelectionMethod":"FormDefault"}],"Items":[{"FormItemOID":"014EB837-8B7F-4E3E-AC78-885852ADC07A","ID":"NQUEX39","A_GRM":"2.60414","Map":[{"ItemResponseOID":"03DB8F33-6F41-4973-B739-77077E79467D","StepOrder":"1","Threshold":"-1.9797"},{"ItemResponseOID":"2EB11657-A618-429F-ADE9-69013363D0F9","StepOrder":"2","Threshold":"-1.6846"},{"ItemResponseOID":"A19E9B6D-595D-45D8-85E3-37B7B4ACA200","StepOrder":"3","Threshold":"-1.2328"},{"ItemResponseOID":"22DDFCEC-C078-4817-8B22-C0E2CA39C473","StepOrder":"4","Threshold":"-0.6061"}]},{"FormItemOID":"1F6CB018-F0E0-4B7E-A28B-D200162682A1","ID":"PFA50","A_GRM":"3.13372","Map":[{"ItemResponseOID":"9516569E-5DB9-4CAD-A5F0-296D3368159F","StepOrder":"1","Threshold":"-3.6605"},{"ItemResponseOID":"22FD3474-C3CE-4331-887B-7E3E490FD9CB","StepOrder":"2","Threshold":"-3.2249"},{"ItemResponseOID":"10341DB0-BA55-47F7-B569-4184E23FA190","StepOrder":"3","Threshold":"-2.6805"},{"ItemResponseOID":"4830D272-8108-45A6-9E24-EB20AD53B1B3","StepOrder":"4","Threshold":"-2.0329"}]},{"FormItemOID":"28A07909-95F5-4560-809E-A297155E48F6","ID":"PFB26","A_GRM":"3.53869","Map":[{"ItemResponseOID":"2AA0FF64-3C7A-487C-AF93-7E4BDEED3F2D","StepOrder":"1","Threshold":"-2.7830"},{"ItemResponseOID":"20EBE948-9E42-4EE9-92C7-93FDA3765C8C","StepOrder":"2","Threshold":"-2.5007"},{"ItemResponseOID":"75759C7A-6CC4-41BA-BE13-C63B2679A6F5","StepOrder":"3","Threshold":"-2.1485"},{"ItemResponseOID":"10DA7067-B286-4BA3-9BBB-7B1E2A0DAD45","StepOrder":"4","Threshold":"-1.6439"}]},{"FormItemOID":"3AAFA293-26BB-4FE9-9A74-A71B3265E3E1","ID":"PFA35","A_GRM":"4.23779","Map":[{"ItemResponseOID":"C5A107AD-1B59-449F-BFDC-33EA9C30D502","StepOrder":"1","Threshold":"-2.8640"},{"ItemResponseOID":"88D8DAFC-9053-4F05-8D58-FBD7722CBFC5","StepOrder":"2","Threshold":"-2.2943"},{"ItemResponseOID":"41A98F9B-4354-4751-94A7-C1CDA968488E","StepOrder":"3","Threshold":"-2.0298"},{"ItemResponseOID":"6306EDA2-053B-48D3-8DF9-AB5A43840C46","StepOrder":"4","Threshold":"-1.4706"}]},{"FormItemOID":"544EAA7D-12C8-4F26-A0E7-04D949EDC77D","ID":"PFB41","A_GRM":"3.66419","Map":[{"ItemResponseOID":"984526BB-5067-427F-BAC7-09352E0F7711","StepOrder":"1","Threshold":"-2.2508"},{"ItemResponseOID":"9A809B71-C670-4B1A-A269-2AF10F718DC1","StepOrder":"2","Threshold":"-2.0222"},{"ItemResponseOID":"D12DA69D-ACB1-4D70-992D-82036E63EA87","StepOrder":"3","Threshold":"-1.7488"},{"ItemResponseOID":"A91F9736-F4C7-4136-A860-9548807743FB","StepOrder":"4","Threshold":"-1.2674"}]},{"FormItemOID":"5D551382-93D6-492F-8965-E688360C07BD","ID":"NQUEX15","A_GRM":"2.50521","Map":[{"ItemResponseOID":"5BC08BF2-1FC4-4E05-B8D4-CD3E1F723EB9","StepOrder":"1","Threshold":"-2.9870"},{"ItemResponseOID":"23E9CFDE-FA20-4F63-914A-23BEF6F6740A","StepOrder":"2","Threshold":"-2.2716"},{"ItemResponseOID":"B325034D-5DF4-49D1-9A00-B4897FA07816","StepOrder":"3","Threshold":"-1.7485"},{"ItemResponseOID":"F4BE3EDD-E8D5-47B8-8B81-352A07B5D7FC","StepOrder":"4","Threshold":"-0.9894"}]},{"FormItemOID":"65266CBA-6BBD-43FF-9501-27426999EC96","ID":"NQUEX05","A_GRM":"3.63279","Map":[{"ItemResponseOID":"2E987312-DB2C-4B7D-A518-2979BCEC5F4E","StepOrder":"1","Threshold":"-3.0589"},{"ItemResponseOID":"7000884D-352E-4779-AA90-AABFA7151BF6","StepOrder":"2","Threshold":"-2.4787"},{"ItemResponseOID":"6C3F709F-3473-49EA-87C8-553237898EFC","StepOrder":"3","Threshold":"-1.9354"},{"ItemResponseOID":"2A554BB8-BE9C-4757-9BA1-4F614B81E0D6","StepOrder":"4","Threshold":"-1.2876"}]},{"FormItemOID":"67761E41-71A7-4552-AED5-C7C3929083A4","ID":"NQUEX04","A_GRM":"3.94968","Map":[{"ItemResponseOID":"3DD36F7A-B4A4-470C-A2EF-B5E686FEAD91","StepOrder":"1","Threshold":"-3.0474"},{"ItemResponseOID":"C248D20D-B877-472A-98F8-6511585B35DD","StepOrder":"2","Threshold":"-2.5013"},{"ItemResponseOID":"9D7499FD-E07A-4C97-B3C5-E7DDE3265893","StepOrder":"3","Threshold":"-2.0142"},{"ItemResponseOID":"D0D1BAFD-33AE-4034-8DE4-50BF13FF82F5","StepOrder":"4","Threshold":"-1.3878"}]},{"FormItemOID":"69A9B125-C89A-42A0-BB83-DB511F389698","ID":"PFA22","A_GRM":"2.86924","Map":[{"ItemResponseOID":"D27FC9A0-A8E4-483D-9485-35BFD1B61D7F","StepOrder":"1","Threshold":"-3.2153"},{"ItemResponseOID":"6B146A4D-0526-4D1B-92B2-C7F8B995E481","StepOrder":"2","Threshold":"-2.7276"},{"ItemResponseOID":"502BF4B8-1B51-4BF2-AA5A-D1A0EF81311A","StepOrder":"3","Threshold":"-2.1592"},{"ItemResponseOID":"7DC1F3B3-3D00-48C3-B38A-16C80B4A3A34","StepOrder":"4","Threshold":"-1.4684"}]},{"FormItemOID":"7BD9E81E-33BB-4096-AF97-A36482124A7F","ID":"PFA9","A_GRM":"2.26384","Map":[{"ItemResponseOID":"8E89AE21-1243-41D7-BA69-3E4B2BF6AD50","StepOrder":"1","Threshold":"-2.9423"},{"ItemResponseOID":"C60221F7-9160-47DD-9D7B-2BA04E0CAF55","StepOrder":"2","Threshold":"-2.3216"},{"ItemResponseOID":"BECCBC17-D179-49CE-87C9-128B4E20CB08","StepOrder":"3","Threshold":"-1.7442"},{"ItemResponseOID":"04EBD4A9-86B5-4E6B-8EC4-0A03A2050B1C","StepOrder":"4","Threshold":"-1.0706"}]},{"FormItemOID":"838C279A-A21D-469D-A907-98E6BC1C58C2","ID":"PFA54","A_GRM":"4.18644","Map":[{"ItemResponseOID":"864C907C-860D-4B6A-BE17-E777A2540275","StepOrder":"1","Threshold":"-2.5121"},{"ItemResponseOID":"08D41EC3-83CB-4ECE-A781-34D5A121EB2F","StepOrder":"2","Threshold":"-2.0744"},{"ItemResponseOID":"8A13C2C5-39F8-4339-8D5E-947B456DC39D","StepOrder":"3","Threshold":"-1.6823"},{"ItemResponseOID":"8A19FA2B-E052-4B68-9FAD-18276F7DB080","StepOrder":"4","Threshold":"-1.1701"}]},{"FormItemOID":"9F0B24BB-CD01-4DD6-B793-BBF73B5168EA","ID":"NQUEX44","A_GRM":"2.44839","Map":[{"ItemResponseOID":"AF7A44C3-5BD9-4F39-BBC3-F8BD6604E648","StepOrder":"1","Threshold":"-3.9427"},{"ItemResponseOID":"E6D8DF5D-7521-4AC3-9643-641E883F343E","StepOrder":"2","Threshold":"-3.4663"},{"ItemResponseOID":"DA8C858E-F78B-47BB-A58A-1B4AEF3DAF3D","StepOrder":"3","Threshold":"-2.7601"},{"ItemResponseOID":"C064FD74-5BC6-4443-83BC-F33C0D5D9CD1","StepOrder":"4","Threshold":"-2.0843"}]},{"FormItemOID":"A98EFC8B-CF05-4C2F-B0FD-BA2375957C21","ID":"PFA55","A_GRM":"3.50705","Map":[{"ItemResponseOID":"D0800780-0027-4C19-A530-DE87EDCBEDD1","StepOrder":"1","Threshold":"-2.9806"},{"ItemResponseOID":"2ED75241-8A64-451C-B98B-809FC7EFEC50","StepOrder":"2","Threshold":"-2.5630"},{"ItemResponseOID":"20A4C2F2-00A0-482C-AEBF-D5E80E089E3C","StepOrder":"3","Threshold":"-1.9806"},{"ItemResponseOID":"8BE5ED84-A2FA-470B-BB9A-27021B6BBB4C","StepOrder":"4","Threshold":"-1.4402"}]},{"FormItemOID":"ADE02F7F-B749-4705-B44E-2DD23F10ACB4","ID":"NQUEX03","A_GRM":"2.65752","Map":[{"ItemResponseOID":"9D66144B-084B-4333-A4DF-DC5EC34883A2","StepOrder":"1","Threshold":"-3.7091"},{"ItemResponseOID":"ED07C71F-FF8A-4723-805B-49EB042CE7DB","StepOrder":"2","Threshold":"-3.1184"},{"ItemResponseOID":"24A5702C-8422-4999-A064-34973A2A81E5","StepOrder":"3","Threshold":"-2.3891"},{"ItemResponseOID":"ABBB1BFE-D27B-46E7-803D-474915A13919","StepOrder":"4","Threshold":"-1.9378"}]},{"FormItemOID":"B624005F-12DA-4A7A-AF94-F4E1998A7DE5","ID":"PFA40","A_GRM":"4.68126","Map":[{"ItemResponseOID":"DE765DB8-FFEF-47AC-8E67-44C0AB48C586","StepOrder":"1","Threshold":"-2.9468"},{"ItemResponseOID":"D78D0198-07C6-4304-B98E-4490CF718208","StepOrder":"2","Threshold":"-2.5509"},{"ItemResponseOID":"3E090F10-2A20-48DD-893E-0FEDDC127670","StepOrder":"3","Threshold":"-2.1140"},{"ItemResponseOID":"F3A542A1-C537-48EE-8808-B345A29DA1A5","StepOrder":"4","Threshold":"-1.6328"}]},{"FormItemOID":"C0A3111A-686E-4DED-BF6A-AACC3F49473C","ID":"NQUEX06","A_GRM":"3.25130","Map":[{"ItemResponseOID":"A4407772-1988-46B5-8338-BFC930609BCE","StepOrder":"1","Threshold":"-3.0636"},{"ItemResponseOID":"16D6FABC-3A05-428F-84E1-4301A1F7573F","StepOrder":"2","Threshold":"-2.1918"},{"ItemResponseOID":"FBDDD2EB-FD32-4BAE-995A-91D3EE19B55A","StepOrder":"3","Threshold":"-1.6438"},{"ItemResponseOID":"1CE4F43A-858C-4801-B9C9-6B5018AE8812","StepOrder":"4","Threshold":"-1.0353"}]},{"FormItemOID":"D7B231E1-38F6-4F77-BCC0-DC9A1E474591","ID":"PFA43","A_GRM":"2.11005","Map":[{"ItemResponseOID":"C6FD59C2-6A80-4527-A0DE-6C165D8DBADE","StepOrder":"1","Threshold":"-3.9691"},{"ItemResponseOID":"D414AB17-3D84-4200-8B4E-1DCCDB1A549D","StepOrder":"2","Threshold":"-2.6147"},{"ItemResponseOID":"A39D19FD-0BF2-40CB-9C8C-8321FCCE6541","StepOrder":"3","Threshold":"-1.9970"},{"ItemResponseOID":"14BA591B-59FC-42E0-83BA-79BA9498E487","StepOrder":"4","Threshold":"-1.4304"}]},{"FormItemOID":"DC87487D-E932-4636-8503-3E94F6F2754B","ID":"PFA47","A_GRM":"3.50179","Map":[{"ItemResponseOID":"49FC5D8E-63A3-4CED-8884-7B8078EB5448","StepOrder":"1","Threshold":"-3.0305"},{"ItemResponseOID":"F196FBFC-A89D-4B3A-8CF5-7F7A1FAD6B63","StepOrder":"2","Threshold":"-2.5652"},{"ItemResponseOID":"5209D546-9512-4275-80B0-5AD6A2C6E347","StepOrder":"3","Threshold":"-2.0086"},{"ItemResponseOID":"737818AA-EEEA-4BC7-8791-33F1EEB3E6C6","StepOrder":"4","Threshold":"-1.3327"}]},{"FormItemOID":"DD1606CE-00F3-45DF-8144-F5E5B4452E7C","ID":"PFB21","A_GRM":"3.07571","Map":[{"ItemResponseOID":"BAC162D6-70BF-4699-83A5-2B58450C3923","StepOrder":"1","Threshold":"-3.3244"},{"ItemResponseOID":"CA6E2986-269D-43F7-BDFD-7FDB73473953","StepOrder":"2","Threshold":"-2.5694"},{"ItemResponseOID":"49247A3B-8B3E-4511-A92B-4381A57378A9","StepOrder":"3","Threshold":"-2.0074"},{"ItemResponseOID":"E31CAC4E-DCAF-420D-9C3A-4D90528DFE32","StepOrder":"4","Threshold":"-1.3344"}]},{"FormItemOID":"E96F4485-D6B8-4FF1-B705-D6B83F05962E","ID":"PFB22","A_GRM":"3.62260","Map":[{"ItemResponseOID":"FB87CFB0-CEAA-4B8B-8247-CB9D63028C04","StepOrder":"1","Threshold":"-2.6820"},{"ItemResponseOID":"F91324C8-8861-4B82-881F-95B2F7FFB1A7","StepOrder":"2","Threshold":"-2.3048"},{"ItemResponseOID":"8358B3C1-F7F6-42FC-A3CE-EBAE37EC6D0A","StepOrder":"3","Threshold":"-1.9173"},{"ItemResponseOID":"25E878FD-A4CE-427F-96C1-FDB9838621ED","StepOrder":"4","Threshold":"-1.3848"}]}]}
