{"FormOID":"869BB22D-CAAB-470F-AE30-6AF33BC2BA9F","Form":"Neuro-QOL Ped Bank v2.0 - Cognitive Function","Properties":[{"MinNumItems":"4"},{"MaxNumItems":"12"},{"IRTModel":"0"},{"SelectionMethod":"1"},{"MinTheta":"-4.00"},{"MaxTheta":"4.00"},{"ThetaIncrement":"0.1000"},{"MaxStdErr":"0.30"},{"SelectionGroupSize":"1"},{"LogisticScaling":"1.0000"},{"DistMean":"0.00"},{"DistStdDev":"1.00"},{"FirstItem":""},{"CalibrationSample":"PROsetta Stone w3"},{"SetSelectionMethod":"Instance"}],"Items":[{"FormItemOID":"1D538D2E-C8DB-4BCC-8C13-549A316B0A67","ID":"NQCOGped05","A_GRM":"2.18000","Map":[{"ItemResponseOID":"E7615B49-EC97-4069-ABC7-A42F57F008CB","StepOrder":"2","Threshold":"-2.4900"},{"ItemResponseOID":"C5252E45-B5A5-42E9-A663-0134AA870BD5","StepOrder":"3","Threshold":"-1.5700"},{"ItemResponseOID":"D9ECCAF5-203D-4F4D-9920-61780AFDB7FC","StepOrder":"4","Threshold":"-0.7200"},{"ItemResponseOID":"663BC460-91F4-4D06-A3EB-8DEAD7ABE399","StepOrder":"5","Threshold":"0.4200"}]},{"FormItemOID":"2BD73509-561F-4FFC-80D4-BEE032C31C1B","ID":"NQCOGped14","A_GRM":"3.27000","Map":[{"ItemResponseOID":"72EFB18D-D6BE-409C-86EF-1D2BB19C01A2","StepOrder":"2","Threshold":"-1.9000"},{"ItemResponseOID":"03106EBF-64D3-48DB-8739-B468E09C2A03","StepOrder":"3","Threshold":"-1.2400"},{"ItemResponseOID":"DB997CBD-D1DD-447D-A4BC-3BB7E2FB9BE8","StepOrder":"4","Threshold":"-0.6100"},{"ItemResponseOID":"C19B8973-A57C-40C7-AD0B-4C5D37E0D82F","StepOrder":"5","Threshold":"0.1400"}]},{"FormItemOID":"3538CCA9-C429-4E6A-9206-03D883DFCABC","ID":"NQCOGped03","A_GRM":"2.75000","Map":[{"ItemResponseOID":"1F70BE70-0EC7-4764-95C8-7E09DF5F017B","StepOrder":"2","Threshold":"-2.0000"},{"ItemResponseOID":"A27B36A8-D5BB-44C8-8F7A-E03080C3878E","StepOrder":"3","Threshold":"-1.3400"},{"ItemResponseOID":"8F9F3853-4FA9-4E18-A124-C3F5BA0356DF","StepOrder":"4","Threshold":"-0.6600"},{"ItemResponseOID":"9A56BC10-C0F0-4C29-84A2-860A8E87003B","StepOrder":"5","Threshold":"0.3800"}]},{"FormItemOID":"4321B4AB-A0F1-45CA-9FA5-E51DF432CE8C","ID":"NQCOGped15","A_GRM":"3.02000","Map":[{"ItemResponseOID":"FBFDE088-2512-4AA7-9371-B3486F37FF4C","StepOrder":"2","Threshold":"-2.0400"},{"ItemResponseOID":"3E30E68C-68D2-4153-9ED8-7BA6B0CDFA2C","StepOrder":"3","Threshold":"-1.4500"},{"ItemResponseOID":"7B3E711F-B142-421D-88E9-A02541231324","StepOrder":"4","Threshold":"-0.7300"},{"ItemResponseOID":"0BA6CDF3-1758-430E-A80A-F85EE6F571D4","StepOrder":"5","Threshold":"0.1200"}]},{"FormItemOID":"5E37B338-8B79-4AE7-814A-2FE2366DA91C","ID":"NQCOGped08","A_GRM":"2.41000","Map":[{"ItemResponseOID":"58B5E6A2-22B2-4A81-BE06-A888A18AF55A","StepOrder":"2","Threshold":"-2.2800"},{"ItemResponseOID":"1A92DC90-2886-4447-B138-A7CC7AA09C88","StepOrder":"3","Threshold":"-1.6400"},{"ItemResponseOID":"9620C648-1B78-4EE4-87DB-CC971EB5F3F1","StepOrder":"4","Threshold":"-0.9400"},{"ItemResponseOID":"914D9AAC-89AA-4674-A111-BD069CF6C1BB","StepOrder":"5","Threshold":"-0.2800"}]},{"FormItemOID":"61899623-F094-4868-A763-5F07A79ECADD","ID":"NQCOGped02","A_GRM":"2.63000","Map":[{"ItemResponseOID":"A868EB4B-816E-45D3-9058-36FC50C43E35","StepOrder":"2","Threshold":"-2.0400"},{"ItemResponseOID":"062CE5AC-E89D-40FB-84B7-58A9F14485D3","StepOrder":"3","Threshold":"-1.3100"},{"ItemResponseOID":"3E44FC5F-8776-4C5C-A8B7-045EE2F3B0AC","StepOrder":"4","Threshold":"-0.6900"},{"ItemResponseOID":"1384513D-93BE-4A5E-BCA3-1155E5921BE8","StepOrder":"5","Threshold":"0.3900"}]},{"FormItemOID":"622DA494-BE89-4454-B48B-B9BD93066A49","ID":"NQCOGped10","A_GRM":"2.24000","Map":[{"ItemResponseOID":"A49B6C2C-C3C4-4548-A51E-19F11C6D7F3E","StepOrder":"2","Threshold":"-2.2600"},{"ItemResponseOID":"969DD752-DFA8-4CF5-B26B-EAC990960E2C","StepOrder":"3","Threshold":"-1.5000"},{"ItemResponseOID":"E6775B43-AA50-4C43-9C2B-6A0E7513862B","StepOrder":"4","Threshold":"-0.6800"},{"ItemResponseOID":"A6E0FD68-64CB-4866-9C37-311BAC26DDCC","StepOrder":"5","Threshold":"0.2600"}]},{"FormItemOID":"62A40EE4-F7B7-4E7D-8FFA-EBFC04A532AB","ID":"NQCOGped17","A_GRM":"3.74000","Map":[{"ItemResponseOID":"FDBFB58F-4591-4834-8421-E47F4F541068","StepOrder":"2","Threshold":"-2.0100"},{"ItemResponseOID":"4E853BC0-4883-46AF-8554-03EF9E623FB8","StepOrder":"3","Threshold":"-1.3300"},{"ItemResponseOID":"DE341BCA-B0A5-4C15-93E9-78B3A205A49D","StepOrder":"4","Threshold":"-0.7400"},{"ItemResponseOID":"5DA3B617-E8D0-4E59-ACDD-15E537B557B7","StepOrder":"5","Threshold":"0.2100"}]},{"FormItemOID":"7A705809-6EC1-46B3-8944-093F0A14EEF8","ID":"NQCOGped20","A_GRM":"3.48000","Map":[{"ItemResponseOID":"9E89FF58-E6FA-4CE6-9C25-F11D79955AD5","StepOrder":"2","Threshold":"-1.8600"},{"ItemResponseOID":"F9B9CA01-C529-4F5F-9459-6166DFC68636","StepOrder":"3","Threshold":"-1.1100"},{"ItemResponseOID":"6A3263F5-9673-4CC6-9A3D-2CDB4BC87B14","StepOrder":"4","Threshold":"-0.5800"},{"ItemResponseOID":"5E9FC85E-F60D-48BD-A4EC-2A365E02DCD6","StepOrder":"5","Threshold":"0.2400"}]},{"FormItemOID":"8E0E3473-F813-4A04-8885-C203E7C5DA8B","ID":"NQCOGped04","A_GRM":"2.44000","Map":[{"ItemResponseOID":"7EE13E5C-F645-47C9-90C2-E9B5A3E19A29","StepOrder":"2","Threshold":"-2.1600"},{"ItemResponseOID":"21E3AD0A-5C88-4021-8669-30267FC1130A","StepOrder":"3","Threshold":"-1.4500"},{"ItemResponseOID":"4B530A2F-E2DD-4377-B575-DECD444CE39A","StepOrder":"4","Threshold":"-0.7300"},{"ItemResponseOID":"013F8002-62DC-44A2-91A0-B1657B149B29","StepOrder":"5","Threshold":"0.3900"}]},{"FormItemOID":"C5AC37AF-780E-4A13-9623-F08A7763B2B3","ID":"NQCOGped16","A_GRM":"2.45000","Map":[{"ItemResponseOID":"92DD0568-E84F-4F06-AF6B-74F5184A58CB","StepOrder":"2","Threshold":"-2.2200"},{"ItemResponseOID":"6592E6EB-3B6B-4397-936B-F9A0FD4D2D38","StepOrder":"3","Threshold":"-1.6000"},{"ItemResponseOID":"66710024-EC9A-4CF7-8202-B27F72A5F9B8","StepOrder":"4","Threshold":"-0.9800"},{"ItemResponseOID":"78A58591-F2E0-48BE-8548-DFE6E13852A1","StepOrder":"5","Threshold":"-0.2300"}]},{"FormItemOID":"D0DCFDA1-0874-4AB4-9701-4C238DF1E96D","ID":"NQCOGped19","A_GRM":"3.63000","Map":[{"ItemResponseOID":"18514D45-08CD-4A60-B813-F03F05CEAD89","StepOrder":"2","Threshold":"-1.8500"},{"ItemResponseOID":"4313B349-DE13-4416-9260-B54AF613BA2C","StepOrder":"3","Threshold":"-1.2200"},{"ItemResponseOID":"22020C7D-8ED8-49C7-A6E7-E5B9F389F65A","StepOrder":"4","Threshold":"-0.5500"},{"ItemResponseOID":"7AB5F963-1AC3-427F-BE0E-75E75E73C5F0","StepOrder":"5","Threshold":"0.3700"}]},{"FormItemOID":"D271CFBB-1A3C-4184-8E7F-CF7B40A58E24","ID":"NQCOGped07","A_GRM":"2.50000","Map":[{"ItemResponseOID":"4977ED2D-433B-478B-BEBA-A6D51B7FC070","StepOrder":"2","Threshold":"-2.1100"},{"ItemResponseOID":"118BC94E-3A87-4EF1-921E-426E11007F0B","StepOrder":"3","Threshold":"-1.2800"},{"ItemResponseOID":"4A5398DC-DD56-4795-A94A-A776E8C8C8FA","StepOrder":"4","Threshold":"-0.5700"},{"ItemResponseOID":"6DA77FFF-9850-45F2-8314-3BB84AC49217","StepOrder":"5","Threshold":"0.5100"}]},{"FormItemOID":"D92D8D40-DD9D-4FAB-B070-D7D5EF76FE99","ID":"NQCOGped18","A_GRM":"3.73000","Map":[{"ItemResponseOID":"8425491B-9482-494B-AED8-1351A915D152","StepOrder":"2","Threshold":"-1.8200"},{"ItemResponseOID":"CF90AA91-E889-4CEB-A96B-E12FE9F23F97","StepOrder":"3","Threshold":"-1.2200"},{"ItemResponseOID":"C1D2E8D6-947C-4560-964B-D9FE57A0E9F3","StepOrder":"4","Threshold":"-0.5900"},{"ItemResponseOID":"E22C0376-06E8-490E-9C85-691AFCED7F16","StepOrder":"5","Threshold":"0.4000"}]}]}
