{"FormOID":"896BB80C-0540-41C0-8A2B-69DCEDC7B6B9","Form":"PROMIS pediatric item bank for depressive symptoms.","Properties":[{"MinNumItems":"5"},{"MaxNumItems":"12"},{"IRTModel":"0"},{"SelectionMethod":"1"},{"MinTheta":"-4.00"},{"MaxTheta":"4.00"},{"ThetaIncrement":"0.1000"},{"MaxStdErr":"0.40"},{"SelectionGroupSize":"1"},{"LogisticScaling":"1.0000"},{"DistMean":"0.00"},{"DistStdDev":"1.00"},{"FirstItem":""},{"CalibrationSample":"PROMIS Pediatric"},{"SetSelectionMethod":"Instance"}],"Items":[{"FormItemOID":"12A91FC0-32DC-43F7-85DB-C38B6BA73349","ID":"228R1","A_GRM":"1.90183","Map":[{"ItemResponseOID":"94CC9195-D64F-4A7C-B4FD-B3255856A8F6","StepOrder":"0","Threshold":"-0.7467"},{"ItemResponseOID":"8EE6BE8F-D9D6-451F-A71F-D43BD2CAF005","StepOrder":"1","Threshold":"0.2707"},{"ItemResponseOID":"0958FF8E-D0DC-4D05-AC9D-CA4FDFF56F62","StepOrder":"2","Threshold":"1.7397"},{"ItemResponseOID":"098F3CFA-4B72-419E-9790-65E6A6BAAF68","StepOrder":"3","Threshold":"2.7537"}]},{"FormItemOID":"17A7C3A7-D2CD-4239-9F46-09FE9F457905","ID":"3952aR2","A_GRM":"1.71154","Map":[{"ItemResponseOID":"81C4D64B-48F7-462A-8817-E96553E6BF1D","StepOrder":"0","Threshold":"0.3061"},{"ItemResponseOID":"51E44AB4-F9AD-4C92-BC33-E093A3AAA659","StepOrder":"1","Threshold":"1.0867"},{"ItemResponseOID":"1E9A0D21-1650-46BF-92A0-35BD7D756F61","StepOrder":"2","Threshold":"2.2610"},{"ItemResponseOID":"C4BB8873-68A5-4A74-898E-4688281D97CF","StepOrder":"3","Threshold":"2.9965"}]},{"FormItemOID":"48FF7C5B-5A63-4BB5-BEDD-6BC8C09A2653","ID":"461R1","A_GRM":"2.10701","Map":[{"ItemResponseOID":"D768471A-520D-4F0B-AC06-BF06AD83A997","StepOrder":"0","Threshold":"0.3142"},{"ItemResponseOID":"4C423A2D-33EE-44D3-9C68-BF70907D1527","StepOrder":"1","Threshold":"0.9805"},{"ItemResponseOID":"83881A0A-1CEA-4C90-955D-33572E5784E0","StepOrder":"2","Threshold":"1.9058"},{"ItemResponseOID":"1D59FD61-21B4-4B1F-B65D-13364CC050CC","StepOrder":"3","Threshold":"2.5769"}]},{"FormItemOID":"4D8DD584-8686-409B-8111-85D8CB546A88","ID":"712R1","A_GRM":"2.13731","Map":[{"ItemResponseOID":"746D948C-12F7-48FE-8623-52D9C75816AF","StepOrder":"0","Threshold":"-0.6324"},{"ItemResponseOID":"E9E47E03-3333-4490-83CA-7D60F81AE929","StepOrder":"1","Threshold":"0.4584"},{"ItemResponseOID":"584E2324-81BF-4A3B-9E60-72BC0DD0C05C","StepOrder":"2","Threshold":"1.6838"},{"ItemResponseOID":"7C8748F4-EA03-42D0-BE50-AAB3063B3D89","StepOrder":"3","Threshold":"2.4230"}]},{"FormItemOID":"52DD7DD7-AD4D-45B4-A638-279D38727D39","ID":"5041R1","A_GRM":"2.46047","Map":[{"ItemResponseOID":"CEB63658-DF21-458E-B2AD-EB79704FDFC7","StepOrder":"0","Threshold":"0.3500"},{"ItemResponseOID":"AC115D76-736F-4C9B-A764-6D64450B42E0","StepOrder":"1","Threshold":"0.9589"},{"ItemResponseOID":"903514D0-3422-4F04-95EA-4E7788AED7BB","StepOrder":"2","Threshold":"1.7392"},{"ItemResponseOID":"F598F465-4983-4FDB-9CC7-6FF4EE0DCFF4","StepOrder":"3","Threshold":"2.1924"}]},{"FormItemOID":"5E770EB8-38DD-4505-92A4-0F81A9894F43","ID":"488R1","A_GRM":"2.53484","Map":[{"ItemResponseOID":"E87D80AC-E030-4595-9951-3F894FD0D7E2","StepOrder":"0","Threshold":"0.6094"},{"ItemResponseOID":"E3C0E854-63F6-4823-A828-E3EE1168995B","StepOrder":"1","Threshold":"1.1281"},{"ItemResponseOID":"0E79BFD1-FDDA-4DAF-B799-78745D4D9534","StepOrder":"2","Threshold":"1.9230"},{"ItemResponseOID":"E8774254-909C-4029-B8BF-D50A662FBF3B","StepOrder":"3","Threshold":"2.4619"}]},{"FormItemOID":"6E4BDFFF-B745-4BBD-821D-9640AE683EA4","ID":"5035R1","A_GRM":"2.42385","Map":[{"ItemResponseOID":"079DA673-2287-407B-A3C1-3A37D09BF983","StepOrder":"0","Threshold":"0.0599"},{"ItemResponseOID":"F4AE38F0-451B-4753-874A-DC1911A44082","StepOrder":"1","Threshold":"0.7987"},{"ItemResponseOID":"F82CD803-3817-4DC2-BEDC-4C5126CAC5F0","StepOrder":"2","Threshold":"1.7014"},{"ItemResponseOID":"EA1E9950-6032-496F-97DB-76A1E6F083CB","StepOrder":"3","Threshold":"2.3208"}]},{"FormItemOID":"7D844EEF-C8C6-4DE4-99D2-06B90C008796","ID":"679aR2","A_GRM":"1.86893","Map":[{"ItemResponseOID":"C34EB28C-31CD-4016-B7A6-83D1AE6A0724","StepOrder":"0","Threshold":"0.3555"},{"ItemResponseOID":"B85BCE3C-64A5-4344-A58A-38569F5D88F8","StepOrder":"1","Threshold":"0.9997"},{"ItemResponseOID":"CFFD8BFD-23C4-40F1-BB81-FDB015309201","StepOrder":"2","Threshold":"1.8656"},{"ItemResponseOID":"2ACEC373-7122-4596-99B0-F4A6A5DA58C5","StepOrder":"3","Threshold":"2.4504"}]},{"FormItemOID":"99FD6D1D-553B-4C56-997D-868ABB435228","ID":"9001","A_GRM":"1.44872","Map":[{"ItemResponseOID":"82103EE5-6E3A-41FE-B4E6-D5D09BFDDD35","StepOrder":"0","Threshold":"1.0166"},{"ItemResponseOID":"4F841F00-E2D3-46CA-943B-E84A9F209ABC","StepOrder":"1","Threshold":"1.7017"},{"ItemResponseOID":"3147D0AB-62A6-45DE-89E7-768E4A19139F","StepOrder":"2","Threshold":"2.6230"},{"ItemResponseOID":"E3ABB146-F4CB-488D-A81B-6FAC195B4C2F","StepOrder":"3","Threshold":"3.4136"}]},{"FormItemOID":"9ECDFA05-62F1-40D6-83C0-9544F2A41746","ID":"711R1","A_GRM":"2.04306","Map":[{"ItemResponseOID":"3F92778B-8EDB-450C-B337-478886A2A6CD","StepOrder":"0","Threshold":"-0.1657"},{"ItemResponseOID":"4B8C9887-AE20-4ED3-87A2-59AD5151D712","StepOrder":"1","Threshold":"0.6286"},{"ItemResponseOID":"CA2B912C-9D97-4AA5-AA1F-D87C7D810EC2","StepOrder":"2","Threshold":"1.7399"},{"ItemResponseOID":"A1AA337E-1856-44E6-85BB-67CB6330B88B","StepOrder":"3","Threshold":"2.3899"}]},{"FormItemOID":"A7C03E9D-9D35-4E49-9EBE-E5BA2D068CDD","ID":"2227R1","A_GRM":"1.03356","Map":[{"ItemResponseOID":"7890EC3B-D407-4D3C-8401-9181C79B5F08","StepOrder":"0","Threshold":"0.0494"},{"ItemResponseOID":"7479C5B6-06A9-4A29-B000-5DFBEE4C6C0B","StepOrder":"1","Threshold":"1.1158"},{"ItemResponseOID":"15D97C00-3D6E-402D-805F-199A351D0E3D","StepOrder":"2","Threshold":"2.6523"},{"ItemResponseOID":"F7F5AEE5-EA87-40BD-83BE-91617543F190","StepOrder":"3","Threshold":"3.6465"}]},{"FormItemOID":"AE04AAAA-FEAC-4D99-B27D-90720A62D32B","ID":"2697R1","A_GRM":"0.73943","Map":[{"ItemResponseOID":"2B752673-6A18-468F-9313-7BB4F904058B","StepOrder":"0","Threshold":"-1.8801"},{"ItemResponseOID":"C07AC320-37EA-456B-BE62-EFAF1BD76380","StepOrder":"1","Threshold":"-0.7711"},{"ItemResponseOID":"1D9DFF45-84CA-4F76-8A75-A385C93330EE","StepOrder":"2","Threshold":"1.1002"},{"ItemResponseOID":"26549130-7CDC-4FE7-BA40-F72217F12A5D","StepOrder":"3","Threshold":"2.0965"}]},{"FormItemOID":"F8418CDA-8EB3-47BB-96D7-5B16C7EB05E0","ID":"5047R1","A_GRM":"1.27491","Map":[{"ItemResponseOID":"E1F180D2-43FE-48FB-BBCF-6ED032EDE196","StepOrder":"0","Threshold":"-0.9159"},{"ItemResponseOID":"1EF8D1D0-EAF7-4F4B-ACA2-A2DF5F23BD70","StepOrder":"1","Threshold":"-0.0220"},{"ItemResponseOID":"D378C8F3-BA1C-4170-B113-C2CF87006BE0","StepOrder":"2","Threshold":"1.5411"},{"ItemResponseOID":"2FC43F80-2029-4502-B08E-59D33B92BFC5","StepOrder":"3","Threshold":"2.6060"}]}]}
