{"FormOID":"8E0697A0-708D-4766-9DCE-597B355FD5E7","Form":"5 item Pediatric Anger Short Form","Properties":[{"MinNumItems":"5"},{"MaxNumItems":"5"},{"IRTModel":"0"},{"SelectionMethod":"1"},{"MinTheta":"-4.00"},{"MaxTheta":"4.00"},{"ThetaIncrement":"0.1000"},{"MaxStdErr":"0.30"},{"SelectionGroupSize":"1"},{"LogisticScaling":"1.0000"},{"DistMean":"0.00"},{"DistStdDev":"1.00"},{"FirstItem":""},{"CalibrationSample":"PROMIS Pediatric"},{"SetSelectionMethod":"Instance"}],"Items":[{"FormItemOID":"483F5C62-1AC2-418D-8039-C01A375577EB","ID":"5045R1","A_GRM":"1.30850","Map":[{"ItemResponseOID":"5C1E276A-3E45-46AB-BEC0-22F0C208D0F2","StepOrder":"0","Threshold":"-0.5389"},{"ItemResponseOID":"D275EC17-5565-4C39-939A-A25843D64034","StepOrder":"1","Threshold":"0.4103"},{"ItemResponseOID":"BFF0FBF6-BB7B-4EE0-A186-86A48D8932B4","StepOrder":"2","Threshold":"2.0707"},{"ItemResponseOID":"2818DA32-14C0-4C45-8DCF-F5FE455EFA63","StepOrder":"3","Threshold":"3.5448"}]},{"FormItemOID":"8685FAC2-F821-4D69-B8F5-9897ABF6A8BA","ID":"206R1","A_GRM":"2.15353","Map":[{"ItemResponseOID":"630D0D5A-CF8D-4FD4-90F8-1346D8488880","StepOrder":"0","Threshold":"-1.5391"},{"ItemResponseOID":"B891D4B6-377E-43EE-9830-9C19140BDA82","StepOrder":"1","Threshold":"-0.4705"},{"ItemResponseOID":"56C4AF7E-B3AB-4AA7-A1F4-410E5A816FE0","StepOrder":"2","Threshold":"1.5601"},{"ItemResponseOID":"1A83D83A-F07E-4841-AE94-6D430A661825","StepOrder":"3","Threshold":"2.5562"}]},{"FormItemOID":"9B5181EA-37A4-4B4F-ACE6-D453C2A9078A","ID":"2581R1","A_GRM":"1.97413","Map":[{"ItemResponseOID":"3FDAE477-E74C-41D0-8E66-6AA12D553786","StepOrder":"0","Threshold":"-0.4683"},{"ItemResponseOID":"05F55924-3A4E-42B7-9761-0EE914DB19FE","StepOrder":"1","Threshold":"0.4061"},{"ItemResponseOID":"5749E717-52C4-446B-85EC-68B64D4FC4BA","StepOrder":"2","Threshold":"1.5108"},{"ItemResponseOID":"0C6FE0E4-D7DF-4CF6-B2CD-D6ECEC04AC25","StepOrder":"3","Threshold":"2.1604"}]},{"FormItemOID":"C5B574C8-3DFE-4E00-9F73-8C902207478C","ID":"714R1","A_GRM":"1.52927","Map":[{"ItemResponseOID":"BCADD792-B7FE-42D0-983F-884A3C51D649","StepOrder":"0","Threshold":"-1.4120"},{"ItemResponseOID":"AD647A44-8BB1-4D24-8BCC-1F90DB37B3AC","StepOrder":"1","Threshold":"-0.2370"},{"ItemResponseOID":"A08C58CC-275F-4128-8F71-9718ED08474A","StepOrder":"2","Threshold":"1.5847"},{"ItemResponseOID":"8A02731F-4A07-4352-B926-546E1EED1767","StepOrder":"3","Threshold":"2.6593"}]},{"FormItemOID":"F5D9C5ED-3FF3-4220-936E-B72C3120E63A","ID":"2319aR1","A_GRM":"1.82167","Map":[{"ItemResponseOID":"F9B31F79-B6CE-4880-898F-668DCCFDA0D4","StepOrder":"0","Threshold":"0.1978"},{"ItemResponseOID":"D9F2FD8E-9DB0-49E5-83F1-3D1E3057E361","StepOrder":"1","Threshold":"0.9809"},{"ItemResponseOID":"8D27C3B1-E4CD-4136-84DE-09E31F422AD8","StepOrder":"2","Threshold":"2.1376"},{"ItemResponseOID":"2EFA3FFF-14AF-4FEA-90ED-FA816A12813C","StepOrder":"3","Threshold":"2.7493"}]}]}
