{"FormOID":"9D5DC1F6-9993-4EF3-87AB-73550836D263","Form":"NorthShore Sofia Garcia Percieved Cognitive Function  ","Properties":[{"MinNumItems":"4"},{"MaxNumItems":"12"},{"IRTModel":"0"},{"SelectionMethod":"1"},{"MinTheta":"-4.00"},{"MaxTheta":"4.00"},{"ThetaIncrement":"0.1000"},{"MaxStdErr":"0.30"},{"SelectionGroupSize":"1"},{"LogisticScaling":"1.0000"},{"DistMean":"0.00"},{"DistStdDev":"1.00"},{"FirstItem":"00000000-0000-0000-0000-000000000000"},{"CalibrationSample":"Cancer Suppliment Calibration"},{"SetSelectionMethod":"FormDefault"}],"Items":[{"FormItemOID":"0592C8BC-4DDE-4963-B5B3-0CBE27E35A11","ID":"PC50","A_GRM":"3.15441","Map":[{"ItemResponseOID":"C8A1FE05-C1AA-4431-8117-3FCBE98C7619","StepOrder":"1","Threshold":"-2.1807"},{"ItemResponseOID":"96A82198-1584-49E8-A0E2-CBD72EF0F4A5","StepOrder":"2","Threshold":"-1.5594"},{"ItemResponseOID":"613F31AE-6839-4AD2-AE05-795EBF78F7E2","StepOrder":"3","Threshold":"-0.9625"},{"ItemResponseOID":"971888E8-C34F-45AD-9864-1562A7DAF8C1","StepOrder":"4","Threshold":"-0.2684"}]},{"FormItemOID":"06CB5C0B-B5CD-4AD9-8485-818462D0F8EE","ID":"PC49","A_GRM":"3.10826","Map":[{"ItemResponseOID":"A27863ED-05FC-48F9-B156-AE42A1FCAFE6","StepOrder":"1","Threshold":"-1.9337"},{"ItemResponseOID":"ACD5C5BA-1F86-47E1-A806-2E474DAB8B04","StepOrder":"2","Threshold":"-1.4110"},{"ItemResponseOID":"CC6BC835-76DB-454A-89C0-E4D5A18E8F88","StepOrder":"3","Threshold":"-0.6150"},{"ItemResponseOID":"314230F4-FAE4-49DE-803C-6E578EF7016D","StepOrder":"4","Threshold":"-0.0045"}]},{"FormItemOID":"12D75502-572D-49BB-9229-9DD8B1265A30","ID":"PC25","A_GRM":"3.73301","Map":[{"ItemResponseOID":"22080622-70EF-471E-9869-0DFF34D6C164","StepOrder":"1","Threshold":"-2.0063"},{"ItemResponseOID":"6F7FDC70-DA56-4DA9-9022-EA5401C6EAD5","StepOrder":"2","Threshold":"-1.2472"},{"ItemResponseOID":"F3AF9C6A-0F29-4AC9-914B-20D1C318148F","StepOrder":"3","Threshold":"-0.5132"},{"ItemResponseOID":"29C4BF0D-DC4A-4DF1-BF87-582F77A57FB5","StepOrder":"4","Threshold":"0.1426"}]},{"FormItemOID":"233CE87B-5E08-4841-AA6D-48EBD2D1FB98","ID":"PC38","A_GRM":"2.99265","Map":[{"ItemResponseOID":"68D2F473-8AD1-443D-95F8-808BE85B6E44","StepOrder":"1","Threshold":"-1.9503"},{"ItemResponseOID":"112ACC75-F243-4329-B903-8F124C747AB2","StepOrder":"2","Threshold":"-1.4757"},{"ItemResponseOID":"F8140023-531D-4D05-A2B8-541681C26EA0","StepOrder":"3","Threshold":"-0.7252"},{"ItemResponseOID":"57223565-8332-486B-9931-9AB8885B10B7","StepOrder":"4","Threshold":"-0.0163"}]},{"FormItemOID":"2EA48504-CA04-46DA-BB56-FFBAC6983EB6","ID":"PC22","A_GRM":"2.05930","Map":[{"ItemResponseOID":"0A7771B2-7F7C-49C3-9D16-7EA8E43C6CF2","StepOrder":"1","Threshold":"-3.0961"},{"ItemResponseOID":"25719CAF-C3EF-404A-8B29-25AEE39E9243","StepOrder":"2","Threshold":"-2.5508"},{"ItemResponseOID":"50A80A8E-61F1-4884-A6D9-AE04457019BE","StepOrder":"3","Threshold":"-1.4979"},{"ItemResponseOID":"90CB3D26-21D3-4B1A-9826-CC8FDF9B6045","StepOrder":"4","Threshold":"-0.7046"}]},{"FormItemOID":"32172E9C-C6D1-4093-A1BD-4A0ECF416E2E","ID":"PC42","A_GRM":"4.17844","Map":[{"ItemResponseOID":"F5AD7BFD-DBFF-43BC-AD08-589AE7B1EDF1","StepOrder":"1","Threshold":"-1.9114"},{"ItemResponseOID":"51343DFD-58CE-4998-970F-5688CBE5B511","StepOrder":"2","Threshold":"-1.4467"},{"ItemResponseOID":"CCBC5636-DD5A-4527-A569-278E9362E27D","StepOrder":"3","Threshold":"-0.6833"},{"ItemResponseOID":"D6CEAF7B-6BBC-4A62-8C59-D53EF398C924","StepOrder":"4","Threshold":"-0.0197"}]},{"FormItemOID":"350E2F4A-AAC1-4D5F-B4EF-8438142F69C5","ID":"PC35","A_GRM":"3.84063","Map":[{"ItemResponseOID":"1AA54796-705E-4294-A976-8BA5A5E58ED8","StepOrder":"1","Threshold":"-1.6535"},{"ItemResponseOID":"BF73A594-1C17-41C3-B714-CE6E592E2AF2","StepOrder":"2","Threshold":"-1.1479"},{"ItemResponseOID":"79556752-63CC-4E4E-9003-7B2563B5B504","StepOrder":"3","Threshold":"-0.4481"},{"ItemResponseOID":"A6FD72C5-8F05-490B-ABE3-85EBD83ADF68","StepOrder":"4","Threshold":"0.2316"}]},{"FormItemOID":"352D6C03-AC81-4C23-A9AF-AA2F70683C72","ID":"PC37","A_GRM":"3.38417","Map":[{"ItemResponseOID":"6297EA2A-780D-4EB2-9E4C-752C204DB8A6","StepOrder":"1","Threshold":"-1.9077"},{"ItemResponseOID":"62B74009-9F6F-4301-9A54-2B7E0675C29A","StepOrder":"2","Threshold":"-1.3221"},{"ItemResponseOID":"4A809377-887F-4188-874F-05F7ACA1205D","StepOrder":"3","Threshold":"-0.4615"},{"ItemResponseOID":"719D8866-F8BF-484B-BADF-77C22DD20EF8","StepOrder":"4","Threshold":"0.1618"}]},{"FormItemOID":"388BEF68-F996-4CD5-BDE2-45A3E8ED4CD0","ID":"PC-CaPS25","A_GRM":"3.06360","Map":[{"ItemResponseOID":"9925DFAC-C568-44C0-8B15-9845A25F8C41","StepOrder":"1","Threshold":"-1.9224"},{"ItemResponseOID":"CA6B46CA-1598-429F-9F3F-F0D42E2F4B69","StepOrder":"2","Threshold":"-1.2632"},{"ItemResponseOID":"987F01E7-0D52-4D2D-8BDC-B855221CB3B3","StepOrder":"3","Threshold":"-0.5329"},{"ItemResponseOID":"50BF8F24-6B46-42F5-BBB2-4A4C9EC51701","StepOrder":"4","Threshold":"0.1904"}]},{"FormItemOID":"40B0EB91-3C2F-49A9-BA53-E6A089A9C41D","ID":"PC15","A_GRM":"2.04706","Map":[{"ItemResponseOID":"AE26744E-4CDC-46C1-BE0B-657114FDB451","StepOrder":"1","Threshold":"-1.9819"},{"ItemResponseOID":"CC40E3C8-09C0-47AC-9055-9CF0C7681FD8","StepOrder":"2","Threshold":"-1.2030"},{"ItemResponseOID":"69B85112-190E-40FE-BF6E-446F1FEDE9B7","StepOrder":"3","Threshold":"-0.0548"},{"ItemResponseOID":"98CCE23B-6AF0-426B-B656-8ACD7AEABA4E","StepOrder":"4","Threshold":"0.9722"}]},{"FormItemOID":"4B21C5F8-8568-45B4-9625-3EE9AF4DD9D0","ID":"PC8","A_GRM":"3.64570","Map":[{"ItemResponseOID":"59A1C1D0-7433-4252-A5F2-81D160CC0BE9","StepOrder":"1","Threshold":"-1.7413"},{"ItemResponseOID":"B01A88CF-5679-4D6B-828C-8DA7398B6D2E","StepOrder":"2","Threshold":"-1.1080"},{"ItemResponseOID":"00C5333D-6D23-4E76-AC4B-D2054FBB64E0","StepOrder":"3","Threshold":"-0.3472"},{"ItemResponseOID":"A5139739-85FE-4CB1-B17D-B59976F05ECB","StepOrder":"4","Threshold":"0.4052"}]},{"FormItemOID":"4EB7F57B-7D40-4277-A2CA-1C913481E1AA","ID":"PC1","A_GRM":"3.57345","Map":[{"ItemResponseOID":"212BF858-CACD-4F69-9CCC-9DC131570549","StepOrder":"1","Threshold":"-1.9219"},{"ItemResponseOID":"5C9A8CE1-F7B4-473C-B311-32BB7A86EEA4","StepOrder":"2","Threshold":"-1.5536"},{"ItemResponseOID":"483D18BE-913A-4AE4-BB53-FFCE81A578F1","StepOrder":"3","Threshold":"-0.8159"},{"ItemResponseOID":"516FADA3-01F5-4BCD-A8B1-18C05F6E5A70","StepOrder":"4","Threshold":"-0.0618"}]},{"FormItemOID":"5016D685-628D-421D-856A-74F28F56E887","ID":"PC12","A_GRM":"2.56963","Map":[{"ItemResponseOID":"FC7570C7-1EB0-480A-9F73-C8FF3B62C3D3","StepOrder":"1","Threshold":"-2.3097"},{"ItemResponseOID":"EF6FB86B-839E-42C2-A52F-B2720DBC01CD","StepOrder":"2","Threshold":"-1.5980"},{"ItemResponseOID":"2E07AB62-E0AB-45BF-8D39-A7C49BBBC04D","StepOrder":"3","Threshold":"-0.5857"},{"ItemResponseOID":"C96AB628-6E2F-45C2-85AF-EE2E931FBD5D","StepOrder":"4","Threshold":"0.2537"}]},{"FormItemOID":"5AA166D8-922C-4828-AA1C-9A63CA7296F7","ID":"PC7","A_GRM":"1.91514","Map":[{"ItemResponseOID":"7097C830-3099-4C5A-A82E-ED01DBD46056","StepOrder":"1","Threshold":"-3.4749"},{"ItemResponseOID":"8E51F29B-5D7A-4ABF-800B-586EAC5E39D9","StepOrder":"2","Threshold":"-2.6509"},{"ItemResponseOID":"AF1DC599-5246-43FD-B57F-D6F0748A199A","StepOrder":"3","Threshold":"-1.4156"},{"ItemResponseOID":"D9A0EAFF-3650-4820-A785-543720CBA6B5","StepOrder":"4","Threshold":"-0.2576"}]},{"FormItemOID":"5B857D38-B8B7-483F-B2FE-B26D6581F51B","ID":"PC14","A_GRM":"2.01459","Map":[{"ItemResponseOID":"19235713-0981-4BB4-959F-C5AF4D17F929","StepOrder":"1","Threshold":"-2.3243"},{"ItemResponseOID":"A6AE482D-0304-4E25-9869-73EC9324CECA","StepOrder":"2","Threshold":"-1.7379"},{"ItemResponseOID":"D71835A1-42B6-49F5-82F4-5ABBFC97DBCD","StepOrder":"3","Threshold":"-0.6418"},{"ItemResponseOID":"503635AF-37A1-42C6-B8BC-F44084E1ACAA","StepOrder":"4","Threshold":"0.3777"}]},{"FormItemOID":"639F3F39-6D2D-497E-B86E-9DB87777AF99","ID":"PC5","A_GRM":"2.06423","Map":[{"ItemResponseOID":"CECB06E3-2C5D-42F8-95BB-CA639A12619E","StepOrder":"1","Threshold":"-2.3097"},{"ItemResponseOID":"149268E5-D0DF-4021-B3BB-FD2178FBCA83","StepOrder":"2","Threshold":"-1.7471"},{"ItemResponseOID":"3E6A1090-DD24-4F46-B188-83F1E1FAA978","StepOrder":"3","Threshold":"-0.9379"},{"ItemResponseOID":"F530B6CF-8F1E-4702-B739-ED5BA25EA9EE","StepOrder":"4","Threshold":"-0.2257"}]},{"FormItemOID":"723076EA-18C3-4C37-9969-F10E61706995","ID":"PC40","A_GRM":"2.23461","Map":[{"ItemResponseOID":"5C6B53E4-2CD7-4F24-BCD1-B46D565E099A","StepOrder":"1","Threshold":"-1.8649"},{"ItemResponseOID":"E719F737-A6A1-484A-AB4F-D5E924AF5F62","StepOrder":"2","Threshold":"-0.9597"},{"ItemResponseOID":"999F3CF4-B967-4576-931F-AED875337A62","StepOrder":"3","Threshold":"-0.2516"},{"ItemResponseOID":"1B3E59B8-8376-4A2C-9ACD-BAE432115501","StepOrder":"4","Threshold":"0.4152"}]},{"FormItemOID":"7386A43D-D194-44E2-8B52-E63D2B3CC3A1","ID":"PC3","A_GRM":"3.27306","Map":[{"ItemResponseOID":"FD8EBF46-2010-49BE-8B19-0B5F62E0D0DB","StepOrder":"1","Threshold":"-2.0081"},{"ItemResponseOID":"3BF1AB35-EFBA-4ACB-B543-3BE8199B3E6C","StepOrder":"2","Threshold":"-1.2923"},{"ItemResponseOID":"CEAAE573-3996-4384-B611-1C8097EC7127","StepOrder":"3","Threshold":"-0.6030"},{"ItemResponseOID":"94469BE7-D123-45A5-9BEB-72F1EB0A48A0","StepOrder":"4","Threshold":"0.0981"}]},{"FormItemOID":"7AB9C632-E3A4-4E4F-905F-5827846188B9","ID":"PC41","A_GRM":"3.13991","Map":[{"ItemResponseOID":"C7C1C93D-3453-4772-BE0D-4BB6162855F1","StepOrder":"1","Threshold":"-2.0125"},{"ItemResponseOID":"4570265E-2E66-4E06-AA1E-67A788415F70","StepOrder":"2","Threshold":"-1.4173"},{"ItemResponseOID":"0C8940E7-CE3B-43D7-9AAC-42CA4FB3F099","StepOrder":"3","Threshold":"-0.5723"},{"ItemResponseOID":"53E9DEF1-452E-4C4E-B527-6A1933EE1391","StepOrder":"4","Threshold":"0.2878"}]},{"FormItemOID":"867CDD00-309D-46E1-B5BE-21C972AEAA8D","ID":"PC10","A_GRM":"2.24309","Map":[{"ItemResponseOID":"DB6EB439-38AD-4016-8C04-44C55ADB0F62","StepOrder":"1","Threshold":"-3.1645"},{"ItemResponseOID":"027D24DF-C5C2-4C77-A4DA-C33E1BF5374B","StepOrder":"2","Threshold":"-2.7263"},{"ItemResponseOID":"782F5CDF-8224-4AB8-8EE2-D2182EFA015C","StepOrder":"3","Threshold":"-1.9009"},{"ItemResponseOID":"B2FB81F2-1A10-4DDC-A46C-E3B2D2E9EB9E","StepOrder":"4","Threshold":"-1.0982"}]},{"FormItemOID":"879A4B66-BAB2-4FAB-BFEB-FC437923B1FC","ID":"PC28","A_GRM":"3.49317","Map":[{"ItemResponseOID":"3BE642B8-3DF6-483A-A763-300F0E9B0A03","StepOrder":"1","Threshold":"-2.1788"},{"ItemResponseOID":"D20E2885-A31B-476B-8EF9-85BC97A0AB2F","StepOrder":"2","Threshold":"-1.5978"},{"ItemResponseOID":"809A07FD-706B-4EA0-B38F-12F862E05573","StepOrder":"3","Threshold":"-0.7247"},{"ItemResponseOID":"96DF3A25-8C39-439E-B736-59F86311AACB","StepOrder":"4","Threshold":"0.0393"}]},{"FormItemOID":"8CA28624-19A0-440D-815D-EB4B06D1C464","ID":"PC13","A_GRM":"2.50536","Map":[{"ItemResponseOID":"C96024BE-6F1B-4FFA-AA16-7BB837652EC3","StepOrder":"1","Threshold":"-2.1237"},{"ItemResponseOID":"54795936-43F9-4EEE-9B44-70539A6E91A8","StepOrder":"2","Threshold":"-1.6025"},{"ItemResponseOID":"8C37EAD3-3EED-4288-A9E8-8D6D090C8A07","StepOrder":"3","Threshold":"-0.5811"},{"ItemResponseOID":"9417BCE4-D86E-4663-965A-F52217B4E69F","StepOrder":"4","Threshold":"0.2653"}]},{"FormItemOID":"96021242-B0F1-4F01-8F02-79FEF2CD4B70","ID":"PC53","A_GRM":"3.47674","Map":[{"ItemResponseOID":"EBE375CF-75E7-46D7-95E1-A757F64365B1","StepOrder":"1","Threshold":"-2.1980"},{"ItemResponseOID":"EF332DF6-3B83-4B24-8C58-9873D2D0A0B6","StepOrder":"2","Threshold":"-1.6092"},{"ItemResponseOID":"F42AE09C-6A12-47A7-8A74-17B5AA67F1B5","StepOrder":"3","Threshold":"-0.8439"},{"ItemResponseOID":"E16E126D-D9D4-4BAA-979A-3535AE3349F5","StepOrder":"4","Threshold":"-0.2394"}]},{"FormItemOID":"AD055FA4-E2EE-4D00-AD38-58DBABC2908E","ID":"PC18","A_GRM":"2.29926","Map":[{"ItemResponseOID":"CAA68B42-90A4-4B7C-B808-1122D529A5D4","StepOrder":"1","Threshold":"-2.3535"},{"ItemResponseOID":"A1776E37-0BE4-41C2-BDFE-9D060FAD81AE","StepOrder":"2","Threshold":"-1.8623"},{"ItemResponseOID":"44D9FD96-09D7-44E9-8985-6A5C61805270","StepOrder":"3","Threshold":"-1.0832"},{"ItemResponseOID":"38D9C476-94E3-4B4E-960E-73345F84216C","StepOrder":"4","Threshold":"-0.2821"}]},{"FormItemOID":"BCC86A0E-8C17-472F-81D5-3E8C54BB9CD9","ID":"PC48","A_GRM":"2.19498","Map":[{"ItemResponseOID":"4825694A-7A5E-4035-A3B3-AD8A96A36133","StepOrder":"1","Threshold":"-3.2001"},{"ItemResponseOID":"5DBDF6F7-D9A1-467E-A942-79ECF0E6A8BF","StepOrder":"2","Threshold":"-1.8685"},{"ItemResponseOID":"76B859F6-96D0-4AC2-8CEA-01C8BABC599A","StepOrder":"3","Threshold":"-1.1152"},{"ItemResponseOID":"8CFF506A-62EC-4025-894A-AB99543CD439","StepOrder":"4","Threshold":"-0.4658"}]},{"FormItemOID":"CDB284AD-AAA8-4BE7-ACA7-CF54BDD9D577","ID":"PC21","A_GRM":"2.13338","Map":[{"ItemResponseOID":"46C0954D-6071-40BC-9B1D-9ED5138B4FE3","StepOrder":"1","Threshold":"-2.1825"},{"ItemResponseOID":"505C92DC-5AE9-4033-8743-D353845C30FA","StepOrder":"2","Threshold":"-1.3403"},{"ItemResponseOID":"101A4455-950A-4838-9C90-75846297DA42","StepOrder":"3","Threshold":"-0.1905"},{"ItemResponseOID":"EDD5B446-B0B9-4A79-B4D4-2EE4D2F90479","StepOrder":"4","Threshold":"1.0063"}]},{"FormItemOID":"CE0F4BF2-ECD5-457C-B3A9-EC2FDB0D9A79","ID":"PC2","A_GRM":"4.15961","Map":[{"ItemResponseOID":"937306B5-BCC1-4A1F-8817-FD097DB4CAC6","StepOrder":"1","Threshold":"-1.6535"},{"ItemResponseOID":"28EAA1F6-032D-487D-A3BF-046777ECCDBE","StepOrder":"2","Threshold":"-1.2356"},{"ItemResponseOID":"7BCB539C-E526-4B67-AE42-0D4EE10189FC","StepOrder":"3","Threshold":"-0.4838"},{"ItemResponseOID":"42D69177-B16B-4FC2-A582-D860E17EB4B3","StepOrder":"4","Threshold":"0.1640"}]},{"FormItemOID":"DAEF050C-8A8B-49E0-A7C4-22E09F035169","ID":"PC26","A_GRM":"1.74138","Map":[{"ItemResponseOID":"FFC2BD53-C5BE-47AC-86C5-664AAF9C0869","StepOrder":"1","Threshold":"-1.8747"},{"ItemResponseOID":"6D348A6D-FFA6-40F0-8E6C-1EF3A487BC62","StepOrder":"2","Threshold":"-1.0393"},{"ItemResponseOID":"258AD74E-AE59-4B73-9CCB-7C8E5D19836E","StepOrder":"3","Threshold":"0.1810"},{"ItemResponseOID":"7D470809-19F4-42E5-A142-75CB2D8563A0","StepOrder":"4","Threshold":"1.2422"}]},{"FormItemOID":"E8DBD8CA-AC40-47E6-B625-894BD60695C8","ID":"PC36","A_GRM":"4.73554","Map":[{"ItemResponseOID":"AAFFF96C-8379-4EC6-AB72-54A4A42333B0","StepOrder":"1","Threshold":"-1.8222"},{"ItemResponseOID":"3D3DC94E-F6F1-43FD-BFC2-7A1988671A1F","StepOrder":"2","Threshold":"-1.2857"},{"ItemResponseOID":"0B3AF7D7-6267-4A7B-B5CF-65FF15998BA4","StepOrder":"3","Threshold":"-0.5996"},{"ItemResponseOID":"15F73103-F70E-4E91-92EA-FD1BDC082E7B","StepOrder":"4","Threshold":"0.0708"}]},{"FormItemOID":"EB796D31-47E9-4BF3-B829-65AC15C59EDD","ID":"PC16","A_GRM":"2.61467","Map":[{"ItemResponseOID":"1E18F783-3FE6-48B4-B525-B380ED710502","StepOrder":"1","Threshold":"-1.9668"},{"ItemResponseOID":"F0C4D304-F622-4181-BC9B-377A02CC3F4A","StepOrder":"2","Threshold":"-1.3670"},{"ItemResponseOID":"17A62DEA-74F3-43C2-92B1-68EE90D92B06","StepOrder":"3","Threshold":"-0.4507"},{"ItemResponseOID":"B26FAAD9-C32E-493C-8D03-E2A69BB0597B","StepOrder":"4","Threshold":"0.4495"}]},{"FormItemOID":"EEF0A123-EE4B-404C-9916-785D77444E11","ID":"PC11","A_GRM":"1.74609","Map":[{"ItemResponseOID":"D118EEDD-6E99-42A7-A008-EAE66C71768B","StepOrder":"1","Threshold":"-2.6246"},{"ItemResponseOID":"BB15BB75-4500-4309-B606-623AC69C91E5","StepOrder":"2","Threshold":"-1.8210"},{"ItemResponseOID":"066C59C9-FE8E-42F0-80E1-00DE2E99C1C9","StepOrder":"3","Threshold":"-0.5784"},{"ItemResponseOID":"EF64B55F-7D8C-4170-933D-961C5A0190C0","StepOrder":"4","Threshold":"0.4939"}]},{"FormItemOID":"F02E7283-958A-452E-8FC2-76F6B773BEAE","ID":"PC30","A_GRM":"2.13979","Map":[{"ItemResponseOID":"6706B261-5FDF-453F-B726-17360EEEEF3C","StepOrder":"1","Threshold":"-2.9823"},{"ItemResponseOID":"FD00629C-6974-40DF-9348-077ACE698857","StepOrder":"2","Threshold":"-2.0285"},{"ItemResponseOID":"36BAA5B3-BD60-4068-A6F8-A3F9F41344D6","StepOrder":"3","Threshold":"-1.1273"},{"ItemResponseOID":"B1CD8867-C807-48F3-965C-D8AB148DDD05","StepOrder":"4","Threshold":"-0.4661"}]},{"FormItemOID":"FCF000BB-6E68-44AB-B5B9-36CCA8B9FC56","ID":"PC39","A_GRM":"2.83520","Map":[{"ItemResponseOID":"DDBEE9BA-935D-45EE-963E-A4A3998F0EA8","StepOrder":"1","Threshold":"-2.6129"},{"ItemResponseOID":"45ED6427-236D-41C7-A9E6-FD354C76EB78","StepOrder":"2","Threshold":"-1.8983"},{"ItemResponseOID":"57183974-7B13-435D-B880-2A22617977ED","StepOrder":"3","Threshold":"-1.1434"},{"ItemResponseOID":"12E8B8B7-223E-4E27-8C5B-536410908AA6","StepOrder":"4","Threshold":"-0.3675"}]},{"FormItemOID":"FDB1D454-3F96-4BD8-ADE8-AEE336629B26","ID":"PC51","A_GRM":"3.07295","Map":[{"ItemResponseOID":"BAD74673-C89E-4577-85CD-52300A9E8B2F","StepOrder":"1","Threshold":"-2.3349"},{"ItemResponseOID":"D068FDB1-659D-4296-A79B-65A19023990F","StepOrder":"2","Threshold":"-1.6889"},{"ItemResponseOID":"153112B8-9E4F-4447-8FAA-AAECE21C0F41","StepOrder":"3","Threshold":"-1.0206"},{"ItemResponseOID":"FD96FF2B-D798-4262-ABD3-D1A0DD0A92C7","StepOrder":"4","Threshold":"-0.3752"}]}]}
