{"FormOID":"9EDABFCB-E4FA-461F-8B5B-DA059C4A05A3","Form":"Short form created in PROMIS Cancer Supplement.  This is appropriate for women only.","Properties":[{"MinNumItems":"10"},{"MaxNumItems":"10"},{"IRTModel":"0"},{"SelectionMethod":"1"},{"MinTheta":"-4.00"},{"MaxTheta":"4.00"},{"ThetaIncrement":"0.1000"},{"MaxStdErr":"0.30"},{"SelectionGroupSize":"1"},{"LogisticScaling":"1.0000"},{"DistMean":"0.00"},{"DistStdDev":"1.00"},{"FirstItem":""},{"CalibrationSample":"Cancer Supplement Calibration"},{"SetSelectionMethod":"Instance"}],"Items":[{"FormItemOID":"0C895EDD-3321-46E6-BFCC-7A50B270840E","ID":"SFVAG107","A_GRM":"1.44000","Map":[{"ItemResponseOID":"5E580A18-EB98-4999-806C-FD1041576357","StepOrder":"1","Threshold":"0.1900"},{"ItemResponseOID":"88B3E2B8-56A8-4943-963D-ADB8A85EC433","StepOrder":"2","Threshold":"0.9600"},{"ItemResponseOID":"4BED9209-631E-4154-BAEE-EBCA8F5FFC90","StepOrder":"3","Threshold":"2.2500"},{"ItemResponseOID":"2457F346-DB1B-4196-B557-10CEE4D0136A","StepOrder":"4","Threshold":"3.0100"}]},{"FormItemOID":"52448EC3-0469-4779-82E3-DB98A163988C","ID":"SFVAG003","A_GRM":"5.77000","Map":[{"ItemResponseOID":"0A52681D-AE90-455F-ABAA-C6D636D8AF3E","StepOrder":"1","Threshold":"-0.5000"},{"ItemResponseOID":"61088019-A202-4A1E-A6BF-74AD28C37F02","StepOrder":"2","Threshold":"0.0600"},{"ItemResponseOID":"2B3FA641-5C1B-43F0-B432-52D0E8FFEE20","StepOrder":"3","Threshold":"0.6600"},{"ItemResponseOID":"830862A4-A55F-4041-91FD-F6E45208F217","StepOrder":"4","Threshold":"0.9900"}]},{"FormItemOID":"5778DBF0-BA0F-403F-974C-DA99167DE67D","ID":"SFVAG103","A_GRM":"3.80000","Map":[{"ItemResponseOID":"28253343-4216-4021-B33A-D13B8627839A","StepOrder":"1","Threshold":"0.1500"},{"ItemResponseOID":"24CCDC0E-17A4-4B47-A518-A22BC209DF13","StepOrder":"2","Threshold":"0.6100"},{"ItemResponseOID":"54ABDE3A-FA3F-47A1-9C42-CE8F73AAABEF","StepOrder":"3","Threshold":"1.1300"},{"ItemResponseOID":"4E6A27E0-CAAB-42C9-AD3E-F6FB0FB1C2DE","StepOrder":"4","Threshold":"1.8600"}]},{"FormItemOID":"79E09536-3468-412D-8F73-3A46A2C242ED","ID":"SFVAG101","A_GRM":"3.78000","Map":[{"ItemResponseOID":"207F0751-15BF-46BC-979E-7A10C243BB07","StepOrder":"1","Threshold":"-1.2700"},{"ItemResponseOID":"F01BE5E4-47BF-4363-A8B4-01B70084FB27","StepOrder":"2","Threshold":"-0.1100"},{"ItemResponseOID":"E8654B5D-4B96-474A-8170-38FBFF537142","StepOrder":"3","Threshold":"0.8400"}]},{"FormItemOID":"7B1A391C-4BC0-4A2D-9DA7-F1133AA2D36E","ID":"SFVAG001","A_GRM":"5.74000","Map":[{"ItemResponseOID":"AA9D77AA-43D9-4A57-A189-FF0C6085A03B","StepOrder":"1","Threshold":"-0.5200"},{"ItemResponseOID":"D2E215C5-6A14-4B03-ACFB-181FADC83B85","StepOrder":"2","Threshold":"-0.1700"},{"ItemResponseOID":"7AB53286-7627-461F-BDB7-571DF82DD495","StepOrder":"3","Threshold":"0.0800"},{"ItemResponseOID":"957AD636-7640-4F85-9DAC-A074C1D94CD3","StepOrder":"4","Threshold":"0.4000"}]},{"FormItemOID":"9404E882-DB1B-44C6-8889-BC97E3FDB51D","ID":"SFVAG106","A_GRM":"2.17000","Map":[{"ItemResponseOID":"C3766A29-642C-41B8-BC8B-FC849889BE30","StepOrder":"1","Threshold":"0.7100"},{"ItemResponseOID":"F3EB206C-2C63-4A9C-9670-422E0EC01888","StepOrder":"2","Threshold":"1.4400"},{"ItemResponseOID":"41D3AAB1-913F-4405-974C-3932CCA192E0","StepOrder":"3","Threshold":"2.1200"},{"ItemResponseOID":"86BD537D-2AFD-475F-B245-AE2F1D68E9BA","StepOrder":"4","Threshold":"2.5100"}]},{"FormItemOID":"A6DB2E06-5D86-4C90-BA48-562CAEBCED9B","ID":"SFVAG105","A_GRM":"2.72000","Map":[{"ItemResponseOID":"73EF8AAF-9121-4A6B-8F85-BB2992A6D98C","StepOrder":"1","Threshold":"0.2300"},{"ItemResponseOID":"BE89B4AE-F0BF-4666-9AEE-C5D1FF503C22","StepOrder":"2","Threshold":"0.8200"},{"ItemResponseOID":"F3343BB2-CB11-493A-8307-EB58F7807B59","StepOrder":"3","Threshold":"1.3700"},{"ItemResponseOID":"A0CA4F69-80FC-41FA-BEBA-EA990A97FDCC","StepOrder":"4","Threshold":"1.9100"}]},{"FormItemOID":"E845B456-F64A-46FA-913D-6AEA64D9DDFE","ID":"SFVAG002","A_GRM":"3.88000","Map":[{"ItemResponseOID":"2E6DD8EE-1FE3-4E34-AD6A-48CCBA95EE15","StepOrder":"1","Threshold":"-0.1800"},{"ItemResponseOID":"D4F6E6AD-23F3-4A67-BBFD-D37845473CD7","StepOrder":"2","Threshold":"0.2100"},{"ItemResponseOID":"63C25977-1310-4C87-AED9-D34FADA6757E","StepOrder":"3","Threshold":"0.5400"},{"ItemResponseOID":"0BB66A58-4127-4070-9A1C-3426455EC5C3","StepOrder":"4","Threshold":"0.7400"}]},{"FormItemOID":"E9EAB62A-39EF-40EC-B791-20DB5337B859","ID":"SFVAG102","A_GRM":"5.53000","Map":[{"ItemResponseOID":"76BF4E78-3EBF-4B50-86A8-AA7D57492CF7","StepOrder":"1","Threshold":"-0.5800"},{"ItemResponseOID":"D0F50B58-11A0-49EF-B5B2-8C52822527FA","StepOrder":"2","Threshold":"-0.1300"},{"ItemResponseOID":"CF15DA27-A5E0-4ED9-8465-B2D7FE847104","StepOrder":"3","Threshold":"0.4200"},{"ItemResponseOID":"BC61ED95-2C5F-48AF-9868-F788EF820E9B","StepOrder":"4","Threshold":"0.9200"}]},{"FormItemOID":"F261265F-8467-4D21-B016-0F07C2CAD122","ID":"SFVAG104","A_GRM":"2.43000","Map":[{"ItemResponseOID":"B21E2036-D2B2-46F4-9AB2-7321716A39F3","StepOrder":"1","Threshold":"-0.3400"},{"ItemResponseOID":"B4525B13-2FED-45D2-B65A-886D6CBE1E2A","StepOrder":"2","Threshold":"0.0900"},{"ItemResponseOID":"FC696500-9A86-4C8F-9062-897F1FF9BD78","StepOrder":"3","Threshold":"0.5800"},{"ItemResponseOID":"BDAD1D4D-10D7-4DD9-9733-BAA975FA1D91","StepOrder":"4","Threshold":"1.2200"}]}]}
