{"FormOID":"A841AF31-A0A1-4FB0-8DC6-B5AF77DE2877","Form":"PROMIS Bank v1.0 Alcohol: Positive Expectancies","Properties":[{"CalibrationSample":"Alcohol Users"},{"DistMean":"0.00"},{"DistStdDev":"1.00"},{"FirstItem":""},{"IRTModel":"0"},{"LogisticScaling":"1.0000"},{"MaxNumItems":"9"},{"MaxStdErr":"0.30"},{"MaxTheta":"4.00"},{"MinNumItems":"4"},{"MinTheta":"-4.00"},{"SelectionGroupSize":"1"},{"SelectionMethod":"1"},{"SetSelectionMethod":"Instance"},{"ThetaIncrement":"0.1000"}],"Items":[{"FormItemOID":"159F5503-301F-47A4-9EDE-C8F2C4BC3129","ID":"PEXP11","A_GRM":"1.87105","Map":[{"ItemResponseOID":"C3EFF65A-1D01-4F39-9861-7FF87427667A","StepOrder":"1","Threshold":"-1.1257"},{"ItemResponseOID":"6D81376C-33E4-465B-941C-1A21340F1791","StepOrder":"2","Threshold":"-0.1827"},{"ItemResponseOID":"A19FBF01-A9B9-452B-91D7-01DB08569051","StepOrder":"3","Threshold":"1.0187"},{"ItemResponseOID":"07C5E449-F8BA-479D-ABC8-9FFD4DEE96F5","StepOrder":"4","Threshold":"1.9565"}]},{"FormItemOID":"3D7B51BD-5A71-4BC5-A227-27C5A40A4AF8","ID":"PEXP02","A_GRM":"2.38018","Map":[{"ItemResponseOID":"1A36C9AC-5759-4D69-8009-1852255C49FF","StepOrder":"1","Threshold":"-1.8151"},{"ItemResponseOID":"D061A3CC-F13B-4579-A973-F5E791E208E4","StepOrder":"2","Threshold":"-0.6428"},{"ItemResponseOID":"2BF521F0-9208-4DE9-9B1D-F9CE64358831","StepOrder":"3","Threshold":"0.6016"},{"ItemResponseOID":"CFF9CF33-BE2D-4CAF-B8D8-2E566F05CB72","StepOrder":"4","Threshold":"1.6202"}]},{"FormItemOID":"400174DF-4841-4407-9909-E85F1D2A0CCE","ID":"PEXP13","A_GRM":"2.51175","Map":[{"ItemResponseOID":"4BC4679A-33E2-4245-924D-210050BCDC2D","StepOrder":"1","Threshold":"-1.7952"},{"ItemResponseOID":"539DEC89-4436-4318-997E-49D6798D0FA3","StepOrder":"2","Threshold":"-0.5333"},{"ItemResponseOID":"D937B32B-DFDE-4B13-AB2E-6F1D29FD1493","StepOrder":"3","Threshold":"0.8601"},{"ItemResponseOID":"1E935F5C-0C66-4291-B476-FBA3E5534D42","StepOrder":"4","Threshold":"1.9501"}]},{"FormItemOID":"796AAD41-7A3D-4206-B6FE-95D1AB2B7354","ID":"PEXP07","A_GRM":"2.19785","Map":[{"ItemResponseOID":"B6E1E354-36F5-49A6-B029-29E421F801A8","StepOrder":"1","Threshold":"-1.3257"},{"ItemResponseOID":"017129C3-9956-4194-B4E2-F0EBA1F64CA7","StepOrder":"2","Threshold":"-0.3544"},{"ItemResponseOID":"6D116E8A-D9D1-4773-B045-846D6F8DD050","StepOrder":"3","Threshold":"0.7648"},{"ItemResponseOID":"E9A9601B-1939-44C4-9DD3-412509E08CD7","StepOrder":"4","Threshold":"1.6944"}]},{"FormItemOID":"8B2DC43D-E121-44C2-B47E-D4FC580C6519","ID":"PEXP09","A_GRM":"1.40533","Map":[{"ItemResponseOID":"5848987F-EFEE-45CC-B673-97EA046E1BCE","StepOrder":"1","Threshold":"-1.0388"},{"ItemResponseOID":"BDDE9837-EAF4-4AFE-930C-EDD508A80ACF","StepOrder":"2","Threshold":"0.1517"},{"ItemResponseOID":"A9F954EF-9DE7-41DC-8437-7E30398C3F27","StepOrder":"3","Threshold":"1.5505"},{"ItemResponseOID":"56840C5C-70E5-4BC2-97F5-441A01C30150","StepOrder":"4","Threshold":"2.7652"}]},{"FormItemOID":"92D62CE7-5DEF-4A7E-9C64-1C3DC551B8B1","ID":"PEXP12","A_GRM":"1.86412","Map":[{"ItemResponseOID":"19F3C36E-95DA-4047-A14E-6569835E03B1","StepOrder":"1","Threshold":"-1.0219"},{"ItemResponseOID":"B13A760B-430A-409C-AFD4-5CB051BBB1B7","StepOrder":"2","Threshold":"0.1512"},{"ItemResponseOID":"5D6F430B-8A97-4724-BBE3-905BCC43E61E","StepOrder":"3","Threshold":"1.7423"},{"ItemResponseOID":"806AA801-FBBF-4B02-AA33-F0B2780656B0","StepOrder":"4","Threshold":"2.6789"}]},{"FormItemOID":"AB3C6493-537F-4BEC-8686-BF18FE6310FE","ID":"PEXP04","A_GRM":"1.65245","Map":[{"ItemResponseOID":"096A7A07-C892-49E0-AF09-A948FF7063C8","StepOrder":"1","Threshold":"-1.3698"},{"ItemResponseOID":"930F4A19-79CE-473D-BE69-1819EE60DF9D","StepOrder":"2","Threshold":"-0.2887"},{"ItemResponseOID":"CC53671F-0A73-48E6-A57C-68492711F356","StepOrder":"3","Threshold":"0.9746"},{"ItemResponseOID":"19C869DD-3044-4A31-AD1B-89C39BB7CD17","StepOrder":"4","Threshold":"1.9375"}]},{"FormItemOID":"CA954DFC-E9E8-4DB4-BAC8-FBB962E2704B","ID":"PEXP06","A_GRM":"2.62814","Map":[{"ItemResponseOID":"8A24CAAC-FC96-4197-9DCE-4289EEBA0C3D","StepOrder":"1","Threshold":"-1.7000"},{"ItemResponseOID":"94A88E56-9D3B-4269-A9C0-636F6EF1A684","StepOrder":"2","Threshold":"-0.5385"},{"ItemResponseOID":"8FCFA6DF-16DA-4B7C-B645-C6D9F7027B36","StepOrder":"3","Threshold":"0.7023"},{"ItemResponseOID":"5E580027-E159-4422-B7F0-369C8B1D3707","StepOrder":"4","Threshold":"1.5886"}]},{"FormItemOID":"F1B10742-3245-412F-B98C-52141EEAA8DB","ID":"PEXP05","A_GRM":"1.25654","Map":[{"ItemResponseOID":"9ED2DA17-1AD0-45EE-B457-BE4A575DED92","StepOrder":"1","Threshold":"-1.1331"},{"ItemResponseOID":"DF6006A4-FE4B-4B0A-B4C0-F977D096BFA0","StepOrder":"2","Threshold":"0.1286"},{"ItemResponseOID":"BA9D2CF7-69C3-44BC-912D-39637C2EC807","StepOrder":"3","Threshold":"1.5569"},{"ItemResponseOID":"3CDC777F-BAEC-47AB-91ED-394CC1860750","StepOrder":"4","Threshold":"2.7555"}]}]}
