{"FormOID":"AF705103-E93D-4B81-85C4-09B4614BDB07","Form":"Neuro-QOL Ped SF v1.0 - SR - Interaction w Peers","Properties":[{"MinNumItems":"8"},{"MaxNumItems":"8"},{"IRTModel":"0"},{"SelectionMethod":"1"},{"MinTheta":"-4.00"},{"MaxTheta":"4.00"},{"ThetaIncrement":"0.1000"},{"MaxStdErr":"0.30"},{"SelectionGroupSize":"1"},{"LogisticScaling":"1.0000"},{"DistMean":"0.00"},{"DistStdDev":"1.00"},{"FirstItem":""},{"CalibrationSample":"Wave 1B"},{"SetSelectionMethod":"Instance"}],"Items":[{"FormItemOID":"0A1A43D3-9C23-43C4-A61A-F19592C81AE0","ID":"NQSCLped38","A_GRM":"3.17547","Map":[{"ItemResponseOID":"547B8DEB-366E-486F-8877-1B7F0352B187","StepOrder":"1","Threshold":"-2.4734"},{"ItemResponseOID":"ACA25782-8FC7-4883-939F-AB41CA1870E9","StepOrder":"2","Threshold":"-1.9245"},{"ItemResponseOID":"89F0E1ED-705E-41FA-BAD8-73AEF40B6FA3","StepOrder":"3","Threshold":"-0.7774"},{"ItemResponseOID":"8AA5650A-109C-4F25-A016-2EDEA71F8D52","StepOrder":"4","Threshold":"0.1936"}]},{"FormItemOID":"0EEAB78F-2199-4FF5-9456-44F23F0B61FE","ID":"NQSCLped12","A_GRM":"3.26195","Map":[{"ItemResponseOID":"DC0909AB-13D0-48C3-9F11-BED7ACA36CD0","StepOrder":"1","Threshold":"-2.1475"},{"ItemResponseOID":"21EC5DDC-29E3-40A0-BAD2-44EBC199E6E4","StepOrder":"2","Threshold":"-1.5528"},{"ItemResponseOID":"7B56AF48-A71A-4EC9-9E20-C96530A0C20D","StepOrder":"3","Threshold":"-0.4720"},{"ItemResponseOID":"1E0DB5FD-6C32-4BBB-AE3C-C0A6D19762DE","StepOrder":"4","Threshold":"0.3499"}]},{"FormItemOID":"3294E3A5-4D1A-4A1F-AC43-E47C23C5557C","ID":"NQSCLped28","A_GRM":"3.10793","Map":[{"ItemResponseOID":"F75E0A53-5C8E-4517-8C3F-8660A52EA1BD","StepOrder":"1","Threshold":"-2.5039"},{"ItemResponseOID":"CCA99B45-A8AD-4333-A9B9-87CBF8C12023","StepOrder":"2","Threshold":"-1.8726"},{"ItemResponseOID":"1E3BB50F-8115-455D-94BB-4671F79F0B16","StepOrder":"3","Threshold":"-0.8857"},{"ItemResponseOID":"240DA50C-2729-4D0B-90E2-2AF0A10176FC","StepOrder":"4","Threshold":"0.0210"}]},{"FormItemOID":"926FD58B-A12B-405F-8063-C361E4E99FF3","ID":"NQSCLped30","A_GRM":"4.49165","Map":[{"ItemResponseOID":"9935BDD3-D6A1-4201-B662-DFC48B7CC463","StepOrder":"1","Threshold":"-2.0487"},{"ItemResponseOID":"6EF9EAE2-5C1E-4EFF-9EA5-C9817F52A48F","StepOrder":"2","Threshold":"-1.7106"},{"ItemResponseOID":"3D1B8980-5F04-4D57-8D12-D336BB981607","StepOrder":"3","Threshold":"-0.8170"},{"ItemResponseOID":"CE91A1B2-3824-4061-A4C2-6130D7172523","StepOrder":"4","Threshold":"-0.0390"}]},{"FormItemOID":"A44E0C76-5A2B-4D1C-AAF5-EDC2030F9AD8","ID":"NQSCLped32","A_GRM":"2.79358","Map":[{"ItemResponseOID":"01250003-0A78-4704-A179-B9E61632D6C3","StepOrder":"1","Threshold":"-3.0149"},{"ItemResponseOID":"643DAB84-A5D6-4E88-86E6-E7825FD41E24","StepOrder":"2","Threshold":"-1.7881"},{"ItemResponseOID":"1BBF5C45-ED01-4E54-820C-977FCA6625DB","StepOrder":"3","Threshold":"-0.6687"},{"ItemResponseOID":"793463F8-DA59-4A18-B50C-70C645DBF5C1","StepOrder":"4","Threshold":"0.4748"}]},{"FormItemOID":"B208B3F5-837B-4BBA-8F83-E3A5DFBA2B89","ID":"NQSCLped36","A_GRM":"2.76589","Map":[{"ItemResponseOID":"ABFA94B8-DA1A-49EA-B186-B11222EE2DBE","StepOrder":"1","Threshold":"-2.5240"},{"ItemResponseOID":"9C72BCA7-BD42-439E-8582-A9D2C4714294","StepOrder":"2","Threshold":"-1.8852"},{"ItemResponseOID":"6F5C8B69-CC45-441E-9FF1-A158D33FCC40","StepOrder":"3","Threshold":"-0.3862"},{"ItemResponseOID":"FCC475B8-8455-43A5-B8C9-02305C75486C","StepOrder":"4","Threshold":"0.6856"}]},{"FormItemOID":"CFAFA0B0-0868-4836-B42D-FAF6E0101F6B","ID":"NQSCLped11","A_GRM":"3.92531","Map":[{"ItemResponseOID":"B4317C82-490F-43E7-A9EB-707559101537","StepOrder":"1","Threshold":"-2.1081"},{"ItemResponseOID":"22061BC1-5368-4800-8D63-FB96165F91BD","StepOrder":"2","Threshold":"-1.6621"},{"ItemResponseOID":"8DF608FD-701B-4777-98E6-7D4570A58C8A","StepOrder":"3","Threshold":"-0.5160"},{"ItemResponseOID":"2DDBAAD7-925D-4199-8E68-679772E5C986","StepOrder":"4","Threshold":"0.2396"}]},{"FormItemOID":"D4EF8E9D-F725-429E-A340-B1E52C79C85E","ID":"NQSCLped20","A_GRM":"4.08497","Map":[{"ItemResponseOID":"BFE5DE0C-78C6-425B-BE50-42E82A114B11","StepOrder":"1","Threshold":"-2.2209"},{"ItemResponseOID":"A1C763E6-80B3-4CBE-9415-ED3AD33CE023","StepOrder":"2","Threshold":"-1.5882"},{"ItemResponseOID":"6D9A1A21-0D88-4775-84C0-8E31B1586EC4","StepOrder":"3","Threshold":"-0.6861"},{"ItemResponseOID":"5B08A9F1-CD57-479C-A38E-D302A0B07AD2","StepOrder":"4","Threshold":"-0.0731"}]}]}
