{"FormOID":"B3B30AF1-7536-451D-AD39-62A097A5EA4D","Form":"PROMIS Fatigue Bank","Properties":[{"MinNumItems":"4"},{"MaxNumItems":"12"},{"IRTModel":"0"},{"SelectionMethod":"1"},{"MinTheta":"-4.00"},{"MaxTheta":"4.00"},{"ThetaIncrement":"0.1000"},{"MaxStdErr":"0.30"},{"SelectionGroupSize":"1"},{"LogisticScaling":"1.0000"},{"DistMean":"0.00"},{"DistStdDev":"1.00"},{"FirstItem":""},{"CalibrationSample":"Promis Wave 1"},{"SetSelectionMethod":"Instance"}],"Items":[{"FormItemOID":"00C0934C-DD32-40FD-8FB6-7EC035B50218","ID":"FATEXP5","A_GRM":"2.66150","Map":[{"ItemResponseOID":"53B38786-1D85-4BA5-BCE6-1ED09F31F2C2","StepOrder":"1","Threshold":"-0.1122"},{"ItemResponseOID":"F80E389B-F218-495C-A13A-9865DBAF2DC8","StepOrder":"2","Threshold":"0.8390"},{"ItemResponseOID":"7955A246-0A72-48EA-B1CE-FD6C83F8A087","StepOrder":"3","Threshold":"1.7173"},{"ItemResponseOID":"2951F01E-0BCD-4127-9724-DC4457402178","StepOrder":"4","Threshold":"2.8349"}]},{"FormItemOID":"01F232D9-5558-4D16-A4A8-B20135CA4A92","ID":"FATIMP42","A_GRM":"3.51950","Map":[{"ItemResponseOID":"F2BA2EAA-CFE3-484A-A671-BA9E3C2CDA2E","StepOrder":"1","Threshold":"-0.7129"},{"ItemResponseOID":"ACF1323B-1BE2-42EC-8ED6-C733F916BF27","StepOrder":"2","Threshold":"0.1792"},{"ItemResponseOID":"4F4CC830-E744-4CBE-B23B-A67F11E2AE0D","StepOrder":"3","Threshold":"1.1348"},{"ItemResponseOID":"C3D92285-BBC6-4137-A9D6-F6BDCE034FB7","StepOrder":"4","Threshold":"2.1626"}]},{"FormItemOID":"0553106B-60BC-41C4-850E-4F434CA8BB7F","ID":"FATIMP37","A_GRM":"3.78862","Map":[{"ItemResponseOID":"874B7638-AFE7-48D7-BFE0-F14DA35CF79A","StepOrder":"1","Threshold":"-0.2897"},{"ItemResponseOID":"07FDF4EE-094D-4917-A040-18270F7A0C66","StepOrder":"2","Threshold":"0.5533"},{"ItemResponseOID":"7272B04F-74D3-498B-9475-57AD4F133EEC","StepOrder":"3","Threshold":"1.2705"},{"ItemResponseOID":"69A7748B-6012-4C52-BF22-4E872DC01317","StepOrder":"4","Threshold":"1.9091"}]},{"FormItemOID":"098E9D84-980D-4484-AAB5-52103EA081C3","ID":"FATEXP48","A_GRM":"3.50940","Map":[{"ItemResponseOID":"F92D3A2C-25C4-40F3-9FB1-EA3133FE3A62","StepOrder":"1","Threshold":"-0.9245"},{"ItemResponseOID":"FD2189CE-5DE2-422F-ABBC-D868AAA6DC91","StepOrder":"2","Threshold":"-0.0283"},{"ItemResponseOID":"5AE803FD-95E5-47A0-ACEE-C718284CD3B3","StepOrder":"3","Threshold":"0.8654"},{"ItemResponseOID":"3F579655-840E-472E-83B3-B8E81FCE8637","StepOrder":"4","Threshold":"1.8096"}]},{"FormItemOID":"0AEDC2C0-5124-4E87-B30C-BAB4D62CA35C","ID":"FATEXP43","A_GRM":"3.80743","Map":[{"ItemResponseOID":"402705D7-868F-413D-AA5F-4839A1C44F0E","StepOrder":"1","Threshold":"-0.7569"},{"ItemResponseOID":"A8BE9B17-1B2D-43F0-94E0-6DDB95BB6BD6","StepOrder":"2","Threshold":"0.3415"},{"ItemResponseOID":"5F161EBB-136D-44BD-A388-8DC3E9402E11","StepOrder":"3","Threshold":"1.1897"},{"ItemResponseOID":"461D654E-0165-4696-890A-2FD4DBCEA4DB","StepOrder":"4","Threshold":"2.1345"}]},{"FormItemOID":"0B9BC01E-0E28-4EA2-95BB-1582C57BA8AD","ID":"FATEXP21","A_GRM":"2.82861","Map":[{"ItemResponseOID":"76C54729-E571-469B-AF5B-09313BA00E71","StepOrder":"1","Threshold":"-1.4322"},{"ItemResponseOID":"C30DC591-6C8C-4DF3-9E4A-526036BDACB2","StepOrder":"2","Threshold":"-0.3883"},{"ItemResponseOID":"501AEAFA-E673-4099-8D64-AC464778A04E","StepOrder":"3","Threshold":"0.3980"},{"ItemResponseOID":"EE5D311B-0A84-4F7F-9182-8AA6B7F6DFA4","StepOrder":"4","Threshold":"1.3267"}]},{"FormItemOID":"0C8FF1D7-A425-4E19-80B4-EDF01A39FDDD","ID":"FATEXP38","A_GRM":"2.91925","Map":[{"ItemResponseOID":"D7368105-E9A0-439C-B6E8-52F0D9A663C9","StepOrder":"1","Threshold":"-1.4219"},{"ItemResponseOID":"999C117E-0E60-4A56-A14A-3C4D551AAC33","StepOrder":"2","Threshold":"-0.3501"},{"ItemResponseOID":"94907175-0138-43BA-84A0-21DECB0C4520","StepOrder":"3","Threshold":"0.3455"},{"ItemResponseOID":"497AA26D-FFFD-443A-B119-8E65BA14AB74","StepOrder":"4","Threshold":"1.3017"}]},{"FormItemOID":"0E2131F9-8BED-435D-B8E1-6C8F1B83BC94","ID":"FATIMP1","A_GRM":"4.07651","Map":[{"ItemResponseOID":"B62FF63D-A46E-4CC9-8F96-401B4538CD8E","StepOrder":"1","Threshold":"-0.5565"},{"ItemResponseOID":"0BAC889D-58D5-4D89-9AF6-274002CDA89C","StepOrder":"2","Threshold":"0.3793"},{"ItemResponseOID":"193F5F1D-41D1-4FC6-A96B-063D34527D0B","StepOrder":"3","Threshold":"1.0080"},{"ItemResponseOID":"9C864EFC-8341-47E1-8DA4-B31FC9416DA7","StepOrder":"4","Threshold":"1.9383"}]},{"FormItemOID":"0F82DFF7-2B51-4B12-805D-9671CB6E8F38","ID":"FATIMP14","A_GRM":"3.17467","Map":[{"ItemResponseOID":"F2159687-97D1-40F2-9730-BE16660C1462","StepOrder":"1","Threshold":"-0.2100"},{"ItemResponseOID":"A39E8E24-CC77-41E4-A3EA-DF1DF2B0688C","StepOrder":"2","Threshold":"0.6442"},{"ItemResponseOID":"81CCF0EA-0568-44CF-8600-294E7B680CAC","StepOrder":"3","Threshold":"1.5737"},{"ItemResponseOID":"A32A4943-CED1-400C-AAED-A84C60C4B303","StepOrder":"4","Threshold":"2.6020"}]},{"FormItemOID":"13E7BEAC-2B1C-4DF1-AC2D-1DC92FFB91E3","ID":"HI12","A_GRM":"2.69480","Map":[{"ItemResponseOID":"8F9E3A97-EE54-4CE9-A604-A09D3B459BB7","StepOrder":"1","Threshold":"0.1605"},{"ItemResponseOID":"F12232FA-B43D-4048-99B9-A709AC62D186","StepOrder":"2","Threshold":"0.9156"},{"ItemResponseOID":"15353015-B0C6-4387-A070-5758FA96DE0C","StepOrder":"3","Threshold":"1.6605"},{"ItemResponseOID":"6698A1F1-5F12-4CE1-A384-AAA6D9D3AE05","StepOrder":"4","Threshold":"2.4206"}]},{"FormItemOID":"1D1C86B3-456F-4F0F-BABD-DF810CA66FA2","ID":"FATIMP3","A_GRM":"4.77251","Map":[{"ItemResponseOID":"6FBE2C51-DF1B-4400-9BB7-F65304DA8482","StepOrder":"1","Threshold":"-0.6329"},{"ItemResponseOID":"523228B8-565F-4057-9861-890A0931836E","StepOrder":"2","Threshold":"0.1258"},{"ItemResponseOID":"264389FE-5CFB-4816-9B5B-431E1B651CBB","StepOrder":"3","Threshold":"1.0389"},{"ItemResponseOID":"8FDE6F28-23A6-4D95-AF5F-9768A27125F6","StepOrder":"4","Threshold":"1.9415"}]},{"FormItemOID":"25B67F13-C4B7-477E-9001-DAC4E16619FC","ID":"FATEXP24","A_GRM":"2.10594","Map":[{"ItemResponseOID":"68EC7DD0-9C50-429A-B31B-BDF8B52440D9","StepOrder":"2","Threshold":"-0.6373"},{"ItemResponseOID":"5C3D8B1D-DC5F-4F68-BA60-656B6B5E841D","StepOrder":"3","Threshold":"0.5112"},{"ItemResponseOID":"A20F8D0D-D4BE-4141-94E0-EA32A8C64019","StepOrder":"4","Threshold":"1.5269"},{"ItemResponseOID":"A223C83F-E397-40FC-A20A-4E47E32E94CE","StepOrder":"5","Threshold":"2.4256"}]},{"FormItemOID":"27E2F5F9-2201-4385-94BC-3E38D2242516","ID":"FATIMP4","A_GRM":"3.71365","Map":[{"ItemResponseOID":"DE248EAC-D00F-4CD0-B1B2-9C1BCFA02FBB","StepOrder":"1","Threshold":"-0.2660"},{"ItemResponseOID":"73E9693A-1430-458A-AB14-FC8C6778C51E","StepOrder":"2","Threshold":"0.5159"},{"ItemResponseOID":"DB20C64A-859A-4F67-AF42-9F3C46E7E38F","StepOrder":"3","Threshold":"1.3200"},{"ItemResponseOID":"AC48AB04-896A-4659-A4DD-C87AC43DCEAC","StepOrder":"4","Threshold":"2.1842"}]},{"FormItemOID":"2B886AA0-4C47-4CF4-945E-C93B2B20CAA6","ID":"An5","A_GRM":"2.71096","Map":[{"ItemResponseOID":"0E0ADEAD-9E00-4ADC-818A-CB714DD4F632","StepOrder":"2","Threshold":"-1.3865"},{"ItemResponseOID":"18CE54B3-39D6-4A54-BEED-1F95F5179ECE","StepOrder":"3","Threshold":"0.0032"},{"ItemResponseOID":"6A992D66-9AF0-44BE-B5DE-B87A509A553C","StepOrder":"4","Threshold":"1.0096"},{"ItemResponseOID":"5B45B27A-8071-47A4-B188-D5A7B37119C2","StepOrder":"5","Threshold":"2.1717"}]},{"FormItemOID":"33C1760C-3062-4E16-A9A0-730D1813ED5D","ID":"FATEXP46","A_GRM":"1.49214","Map":[{"ItemResponseOID":"1FCBC33B-1EEA-4B73-B973-7576F8E550A4","StepOrder":"1","Threshold":"0.1303"},{"ItemResponseOID":"647AE8BF-9681-4AB5-87F6-8908B0EDF08A","StepOrder":"2","Threshold":"0.6570"},{"ItemResponseOID":"9096E8AB-B9EC-4642-922F-DB72B5C23381","StepOrder":"3","Threshold":"1.6154"},{"ItemResponseOID":"F115A1D5-8EF1-4A17-8283-FAF61BFC9C63","StepOrder":"4","Threshold":"2.2495"}]},{"FormItemOID":"344AAE88-E55B-4FDB-9D44-2C76347AA96B","ID":"FATIMP22","A_GRM":"3.12672","Map":[{"ItemResponseOID":"8991C801-2872-460D-851C-72A71B9CFF72","StepOrder":"1","Threshold":"-0.2396"},{"ItemResponseOID":"426A61B4-2072-43E1-99BB-6E5A3D064AFA","StepOrder":"2","Threshold":"0.6493"},{"ItemResponseOID":"42EFCE41-BB40-4F41-B2C1-47540EC508A4","StepOrder":"3","Threshold":"1.6027"},{"ItemResponseOID":"6644FE6F-66EC-4712-BA71-82885A474C18","StepOrder":"4","Threshold":"2.6150"}]},{"FormItemOID":"36735788-BD58-4C4C-AB1D-D1B90C0EA408","ID":"FATIMP5","A_GRM":"3.51903","Map":[{"ItemResponseOID":"B842C4DD-5037-44D4-B2AB-8C6552FFFA33","StepOrder":"1","Threshold":"-0.5312"},{"ItemResponseOID":"F7A407B8-504B-4331-8C6B-0AFD8B8D594F","StepOrder":"2","Threshold":"0.3064"},{"ItemResponseOID":"E4933582-F67A-48F9-A991-CB395F436C2A","StepOrder":"3","Threshold":"1.2430"},{"ItemResponseOID":"7CEA7021-C99F-4C4B-BF57-3CB5CC7D8252","StepOrder":"4","Threshold":"2.1271"}]},{"FormItemOID":"374BF074-FA0A-422F-900C-B692E358EA6E","ID":"FATEXP51","A_GRM":"3.71239","Map":[{"ItemResponseOID":"209116FB-7FCB-45A0-A9BF-2C38811FED28","StepOrder":"1","Threshold":"-0.8919"},{"ItemResponseOID":"1D4E21F2-A78B-49C2-B445-E77EE8DADF56","StepOrder":"2","Threshold":"0.3488"},{"ItemResponseOID":"910E1879-74F7-432A-B68C-511E4AA079A9","StepOrder":"3","Threshold":"1.1088"},{"ItemResponseOID":"F05240E3-C385-4DBA-A6B9-D1BE608D3823","StepOrder":"4","Threshold":"2.0320"}]},{"FormItemOID":"390CF62E-034F-4143-8D55-A18E6454EA4E","ID":"FATIMP19","A_GRM":"3.41109","Map":[{"ItemResponseOID":"930E0ACA-179F-4297-83E3-55D52D0AEDB7","StepOrder":"1","Threshold":"-0.5124"},{"ItemResponseOID":"BCE48737-A750-4ECA-9FA5-3C6E94CB2C2A","StepOrder":"2","Threshold":"0.2993"},{"ItemResponseOID":"0896716D-A2DF-471C-9651-5CE48AF32DC7","StepOrder":"3","Threshold":"1.1489"},{"ItemResponseOID":"11627D41-D242-480B-B35B-F6DB61C7E170","StepOrder":"4","Threshold":"2.2027"}]},{"FormItemOID":"3A1A2BD5-2982-452B-B46D-E657ED821923","ID":"FATEXP41","A_GRM":"4.32191","Map":[{"ItemResponseOID":"AF91E344-D634-4B1F-BF43-CF9B9E7F3D83","StepOrder":"1","Threshold":"-0.5302"},{"ItemResponseOID":"F13585D1-48DF-42C3-8DF1-A12FF4C306BA","StepOrder":"2","Threshold":"0.4511"},{"ItemResponseOID":"62A45B3B-3BC3-48A9-BCBF-BF5B5A6A2982","StepOrder":"3","Threshold":"1.1503"},{"ItemResponseOID":"EC8C9A3B-942D-47A7-A5B8-4B67C9335A74","StepOrder":"4","Threshold":"2.0368"}]},{"FormItemOID":"3A94022E-4A56-414C-9C8F-388A1C4FEE2C","ID":"FATIMP36","A_GRM":"3.67666","Map":[{"ItemResponseOID":"316DC968-8A1E-4836-B942-4D756F264F88","StepOrder":"1","Threshold":"-0.2683"},{"ItemResponseOID":"66BD6C31-A47C-48C1-B0E4-1163D4C36E37","StepOrder":"2","Threshold":"0.5517"},{"ItemResponseOID":"3DA6391B-E904-465C-B968-7667B7CCB0CC","StepOrder":"3","Threshold":"1.1941"},{"ItemResponseOID":"60CC8C09-F1AD-44D9-808F-BD8621E34953","StepOrder":"4","Threshold":"1.9513"}]},{"FormItemOID":"3BCAD917-64EC-45E1-88D9-4EF2D2EC2CC2","ID":"FATIMP29","A_GRM":"3.08762","Map":[{"ItemResponseOID":"61CC03B7-5B83-4418-9F3A-27DBE0E81F1A","StepOrder":"1","Threshold":"-0.0452"},{"ItemResponseOID":"77D9E6DC-8D89-4EA9-A8A0-7E5C9E59B1CD","StepOrder":"2","Threshold":"0.6972"},{"ItemResponseOID":"E6DFD785-16BB-4BE5-A040-3FB0A3A227FC","StepOrder":"3","Threshold":"1.5538"},{"ItemResponseOID":"E40B3B69-3247-47E1-B4C1-8F850497908E","StepOrder":"4","Threshold":"2.6029"}]},{"FormItemOID":"3CBACC8F-7854-4FEA-BBCC-638418BDDB3E","ID":"FATIMP38","A_GRM":"2.81432","Map":[{"ItemResponseOID":"5F6ABCBB-D576-4A7D-8CBA-B0261BC77498","StepOrder":"1","Threshold":"0.1835"},{"ItemResponseOID":"DCA26BDA-4D9C-481D-A99D-45C8C052758A","StepOrder":"2","Threshold":"0.9384"},{"ItemResponseOID":"621D736C-9B9A-4F27-9D28-4E8118B2CF1D","StepOrder":"3","Threshold":"1.7155"},{"ItemResponseOID":"8BDCBF7B-6E7D-4422-8430-5546F33250EC","StepOrder":"4","Threshold":"2.4172"}]},{"FormItemOID":"3D6418C2-F616-4780-8DAB-1538A09845A0","ID":"FATEXP45","A_GRM":"3.38777","Map":[{"ItemResponseOID":"B85C10CD-D68E-4B31-946A-F44B5F96DFC7","StepOrder":"1","Threshold":"-0.7113"},{"ItemResponseOID":"4DC0B034-AF2A-492C-8F60-5A650616052A","StepOrder":"2","Threshold":"0.4086"},{"ItemResponseOID":"57A164D5-53BA-4536-A59E-2DCFDDF9B273","StepOrder":"3","Threshold":"1.2168"},{"ItemResponseOID":"D81AD16B-95F5-41ED-A2F0-0DDB16BDC2B3","StepOrder":"4","Threshold":"2.3337"}]},{"FormItemOID":"3DBE87C1-08A0-4319-9A6F-2EFD77617D6A","ID":"FATEXP54","A_GRM":"2.23187","Map":[{"ItemResponseOID":"98820068-F310-4CAE-BD44-B416F677A90B","StepOrder":"2","Threshold":"-1.2521"},{"ItemResponseOID":"6918AF49-5F05-4488-A356-AD76054FAF9C","StepOrder":"3","Threshold":"0.1559"},{"ItemResponseOID":"8863571D-07B4-40AA-A990-8CEE2069189A","StepOrder":"4","Threshold":"1.3852"},{"ItemResponseOID":"A4AE2374-0B08-4027-BF1E-0982C95D152C","StepOrder":"5","Threshold":"2.7361"}]},{"FormItemOID":"424CFDB7-0FF7-4513-BCDF-3F300A5C3FFF","ID":"FATIMP50","A_GRM":"3.99757","Map":[{"ItemResponseOID":"6A7774BB-D7B5-42C5-B20A-9CF592C34F10","StepOrder":"1","Threshold":"-0.3614"},{"ItemResponseOID":"B41CB5AC-34D5-4F18-9073-E8D6DA5ACD71","StepOrder":"2","Threshold":"0.5084"},{"ItemResponseOID":"2C94DAEC-3993-4384-A31E-9F2E2C914C97","StepOrder":"3","Threshold":"1.1872"},{"ItemResponseOID":"F402D249-FE9C-4725-AAED-46A61909035D","StepOrder":"4","Threshold":"1.8793"}]},{"FormItemOID":"42D4E4C1-C709-4017-B622-8AF89C8016C8","ID":"FATIMP45","A_GRM":"3.23518","Map":[{"ItemResponseOID":"5B86B152-2C82-4196-8063-A24A860C29A8","StepOrder":"1","Threshold":"-0.2129"},{"ItemResponseOID":"A721782A-E8A4-4E66-8C8A-17EB75883B69","StepOrder":"2","Threshold":"0.5984"},{"ItemResponseOID":"E1C0E746-BF57-4699-BB5E-10B083EC1821","StepOrder":"3","Threshold":"1.2480"},{"ItemResponseOID":"5A21113B-FA55-4961-9251-3CBD5786EF88","StepOrder":"4","Threshold":"1.9911"}]},{"FormItemOID":"45817BD5-FA35-406E-A6D3-650367604451","ID":"FATIMP40","A_GRM":"1.17441","Map":[{"ItemResponseOID":"F1AB33C9-1431-4393-AE2C-31E72DA05DA6","StepOrder":"2","Threshold":"-2.4817"},{"ItemResponseOID":"D8971D03-88F2-4495-9388-6B3FE4E74045","StepOrder":"3","Threshold":"-0.8409"},{"ItemResponseOID":"DDBBCD9D-F597-4CD5-BC16-686AD87E7667","StepOrder":"4","Threshold":"0.3359"},{"ItemResponseOID":"1C82E666-248C-44D4-862F-1A6F1E55338F","StepOrder":"5","Threshold":"1.4922"}]},{"FormItemOID":"48B26E33-C5E0-4006-8CE0-B1789F0DBD7E","ID":"FATEXP7","A_GRM":"3.27690","Map":[{"ItemResponseOID":"3D200890-6052-4F4F-B806-937758933793","StepOrder":"1","Threshold":"0.0178"},{"ItemResponseOID":"4743EA92-442D-43FC-B1DF-67ACEEFFDB75","StepOrder":"2","Threshold":"0.5623"},{"ItemResponseOID":"E71CFD1E-4190-4875-9B3D-6CC616B24DBE","StepOrder":"3","Threshold":"1.2602"},{"ItemResponseOID":"1E0DF4A4-F10D-4E1B-B893-E770CE9A2FDB","StepOrder":"4","Threshold":"2.0966"}]},{"FormItemOID":"4F1E72D8-314B-4211-A86A-E395159521D9","ID":"FATIMP11","A_GRM":"2.70549","Map":[{"ItemResponseOID":"88035BCE-72B4-42D6-A8E9-DCB6879FF046","StepOrder":"1","Threshold":"-0.3095"},{"ItemResponseOID":"F01A4968-9E15-457B-82BA-6C9E4DE0A42F","StepOrder":"2","Threshold":"0.5885"},{"ItemResponseOID":"65A01383-661F-40A3-9136-7817FF5DBBF1","StepOrder":"3","Threshold":"1.5804"},{"ItemResponseOID":"88CC3615-6453-4370-B4DB-DC3A5190DF95","StepOrder":"4","Threshold":"2.6919"}]},{"FormItemOID":"52D48A63-44E8-4B55-981E-3809054CD614","ID":"FATIMP21","A_GRM":"2.11414","Map":[{"ItemResponseOID":"443EF419-224B-4111-ACBA-DAA60806416A","StepOrder":"1","Threshold":"0.3825"},{"ItemResponseOID":"C63B72AA-3DCF-48C4-8593-EAEDC8A1E365","StepOrder":"2","Threshold":"1.1347"},{"ItemResponseOID":"5303B1E1-1777-424D-BB44-CC2FEE2CA879","StepOrder":"3","Threshold":"2.0812"},{"ItemResponseOID":"856C6CF1-69B4-4307-BC54-44449791682B","StepOrder":"4","Threshold":"3.3136"}]},{"FormItemOID":"5320E698-CFAB-4A27-953D-7224C15DFF89","ID":"FATIMP47","A_GRM":"3.67958","Map":[{"ItemResponseOID":"810FE700-895B-4AD1-936F-AB75D0DB8937","StepOrder":"1","Threshold":"-0.3228"},{"ItemResponseOID":"5ABB89E7-57D3-4054-8097-59B89E9B046A","StepOrder":"2","Threshold":"0.4792"},{"ItemResponseOID":"C6732412-B59A-49C9-B8C7-7B61D55F9F3F","StepOrder":"3","Threshold":"1.0985"},{"ItemResponseOID":"5A9977B8-05E0-4263-A501-4550B96161F8","StepOrder":"4","Threshold":"1.9192"}]},{"FormItemOID":"5617F98D-62C8-4E90-B876-44782AA3235A","ID":"FATEXP42","A_GRM":"1.44166","Map":[{"ItemResponseOID":"9518432E-042F-44E9-8844-65E62644A33C","StepOrder":"2","Threshold":"-1.2597"},{"ItemResponseOID":"F18A5D23-6959-4477-9D71-FE180EA6BB41","StepOrder":"3","Threshold":"0.7827"},{"ItemResponseOID":"AD79369E-60A2-4346-8F19-8C1994106DFF","StepOrder":"4","Threshold":"1.9513"},{"ItemResponseOID":"2BD0CFDE-9AA6-4812-B573-6DFAE0922300","StepOrder":"5","Threshold":"3.5124"}]},{"FormItemOID":"57DA1237-FA44-4E67-B5C8-ADF65D34DE19","ID":"FATEXP36","A_GRM":"3.83184","Map":[{"ItemResponseOID":"397B5269-8877-47B1-8BB6-2EA1395E179B","StepOrder":"1","Threshold":"-0.6051"},{"ItemResponseOID":"30A213F3-18E5-4311-8C9C-83965C47503C","StepOrder":"2","Threshold":"0.4513"},{"ItemResponseOID":"C5892BE3-611B-4752-9E66-6D3032735CD2","StepOrder":"3","Threshold":"1.1959"},{"ItemResponseOID":"1C335C13-E7FB-4B2C-A30B-9188B1688A82","StepOrder":"4","Threshold":"2.1420"}]},{"FormItemOID":"5D6EEEFE-4BA7-4BE0-9DA2-32D359245808","ID":"FATEXP2","A_GRM":"3.42126","Map":[{"ItemResponseOID":"9D064C2D-3E4C-4C75-A246-1AECEAD083AE","StepOrder":"1","Threshold":"-0.9160"},{"ItemResponseOID":"5B20D0EC-1D62-4A3B-8334-5DE8C3804F80","StepOrder":"2","Threshold":"0.0375"},{"ItemResponseOID":"09FEE3B6-F447-4B60-812F-DAA7E66C95CF","StepOrder":"3","Threshold":"1.0090"},{"ItemResponseOID":"EC4B2B1E-63B3-4F96-A0AD-2B5B05E1E9DE","StepOrder":"4","Threshold":"2.0319"}]},{"FormItemOID":"6146E6AB-43AD-46FA-A6A4-1342CEE4E3F1","ID":"FATIMP52","A_GRM":"3.11250","Map":[{"ItemResponseOID":"AA10A3B0-8C7A-4EC7-B170-E21C5AC38FAB","StepOrder":"1","Threshold":"-0.3652"},{"ItemResponseOID":"6B03D2E4-87ED-401F-9763-1B9DD7D22236","StepOrder":"2","Threshold":"0.6392"},{"ItemResponseOID":"DEF1F9C7-1B06-4EB7-9955-6FA1C64A99D8","StepOrder":"3","Threshold":"1.3814"},{"ItemResponseOID":"DC6E73D5-B3B3-43A2-A3CC-8B50D257D435","StepOrder":"4","Threshold":"2.3044"}]},{"FormItemOID":"61F06AD7-F314-4413-8E1E-88B019B158F7","ID":"FATIMP49","A_GRM":"4.02223","Map":[{"ItemResponseOID":"1AC1D898-52C1-4496-993C-A5E8D52D4792","StepOrder":"1","Threshold":"-0.1864"},{"ItemResponseOID":"62970D29-CCC1-4075-8194-1B755853E55B","StepOrder":"2","Threshold":"0.6670"},{"ItemResponseOID":"8A459015-B664-4B57-A9D6-4674B7DCD8DF","StepOrder":"3","Threshold":"1.3071"},{"ItemResponseOID":"B59A9EAA-86D5-4F99-A5EB-102A374F84AE","StepOrder":"4","Threshold":"2.0529"}]},{"FormItemOID":"63CFDBD6-B518-4240-8C45-0E245FBCE9C1","ID":"FATIMP55","A_GRM":"3.51173","Map":[{"ItemResponseOID":"1F28A17C-9BBD-4DAD-B35F-DE1ED7708152","StepOrder":"1","Threshold":"-0.5540"},{"ItemResponseOID":"17DC5BC7-72FC-40B9-B661-C89CED96A11F","StepOrder":"2","Threshold":"0.2337"},{"ItemResponseOID":"41A1E023-6B66-4BF4-9BED-A6C377066CAC","StepOrder":"3","Threshold":"1.1005"},{"ItemResponseOID":"82EE3983-750D-4273-8968-3EC478B54C7A","StepOrder":"4","Threshold":"2.1064"}]},{"FormItemOID":"67C7F128-58B6-4D29-8F9C-B9C879BBCAD1","ID":"FATEXP13","A_GRM":"3.35857","Map":[{"ItemResponseOID":"72D1BC24-4105-49BA-8A74-97F022E77B6F","StepOrder":"1","Threshold":"-0.7174"},{"ItemResponseOID":"065FAFA0-F8F9-4BF8-B8F4-CD4202BC37D8","StepOrder":"2","Threshold":"0.4251"},{"ItemResponseOID":"B26D0F2D-5CE2-479B-81EF-EE6DDB783ED1","StepOrder":"3","Threshold":"1.2403"},{"ItemResponseOID":"EB4E95F3-849A-44FC-956B-45CB56930A5E","StepOrder":"4","Threshold":"2.2610"}]},{"FormItemOID":"682484F3-C97A-4BF0-AD9A-96D8E9720FE9","ID":"FATEXP50","A_GRM":"1.90938","Map":[{"ItemResponseOID":"5EF92036-81C6-4DB1-B2A3-EFF6C71E0852","StepOrder":"1","Threshold":"-0.3414"},{"ItemResponseOID":"79E43B34-BC1D-4186-A069-99C456CA9FC7","StepOrder":"2","Threshold":"0.9826"},{"ItemResponseOID":"7C0A9AA0-4AF9-49A3-9928-829A0B91CB7A","StepOrder":"3","Threshold":"1.9454"},{"ItemResponseOID":"4C32F575-014D-4DBC-96B2-8CFF51E66BBA","StepOrder":"4","Threshold":"2.9094"}]},{"FormItemOID":"69EE81B2-8A1A-497F-9BC6-CB3285B1C6A7","ID":"FATIMP56","A_GRM":"2.87279","Map":[{"ItemResponseOID":"EFF49FBA-91D3-4AAC-865B-ADCA0B34DC3D","StepOrder":"1","Threshold":"-0.2469"},{"ItemResponseOID":"B9641DD1-81EF-4994-937A-0564E2AAD0AC","StepOrder":"2","Threshold":"0.5605"},{"ItemResponseOID":"5E164497-AD78-48C9-95F0-70D7CF8BA189","StepOrder":"3","Threshold":"1.4281"},{"ItemResponseOID":"CF15CB57-7AD3-4FD6-9E54-46E8828DB101","StepOrder":"4","Threshold":"2.3837"}]},{"FormItemOID":"6C2A70B4-019C-49D6-8BB8-4AAE9F5CC438","ID":"FATEXP28","A_GRM":"3.04369","Map":[{"ItemResponseOID":"1BF71E7D-BF9A-4BA8-8128-82ACBDEA1102","StepOrder":"1","Threshold":"-0.1061"},{"ItemResponseOID":"40152FC4-EC65-4CC3-ACFD-B7A37C96CB7A","StepOrder":"2","Threshold":"0.7465"},{"ItemResponseOID":"AB7E6677-5975-4894-AA3E-44B7C8A86724","StepOrder":"3","Threshold":"1.5562"},{"ItemResponseOID":"710DC622-4EF0-4B55-B443-110B9A65E6C9","StepOrder":"4","Threshold":"2.5225"}]},{"FormItemOID":"722263B0-55A7-4D14-B4C0-E534239FE87E","ID":"FATIMP25","A_GRM":"2.84088","Map":[{"ItemResponseOID":"2F85BE35-5124-431E-8209-A09C3AECC359","StepOrder":"1","Threshold":"0.2024"},{"ItemResponseOID":"6C7F0E7A-A2CF-468B-884F-07B15E29D87B","StepOrder":"2","Threshold":"1.1626"},{"ItemResponseOID":"1BBC8A3C-D69D-46EC-B31E-F3B791968EE8","StepOrder":"3","Threshold":"2.2135"},{"ItemResponseOID":"EDF3B9A6-CB6A-4E36-8D74-A89E42AC27B5","StepOrder":"4","Threshold":"2.9185"}]},{"FormItemOID":"725575D8-7BA5-4D5F-9773-7EBCFAFFFAF3","ID":"FATIMP30","A_GRM":"2.96527","Map":[{"ItemResponseOID":"E2627766-B9F3-42A1-B36E-1173357BB7AA","StepOrder":"1","Threshold":"-0.1065"},{"ItemResponseOID":"68E2456E-FF97-4E4C-862E-AEB577561990","StepOrder":"2","Threshold":"0.8185"},{"ItemResponseOID":"B1C4A22D-71B5-4376-9B80-87CF188BBB08","StepOrder":"3","Threshold":"1.8163"},{"ItemResponseOID":"37FF4968-2CD3-4418-8F1D-BC9AB00AF6FF","StepOrder":"4","Threshold":"3.0505"}]},{"FormItemOID":"74C5B3CC-40C7-4B92-B053-1FCFCE4EBA82","ID":"FATIMP35","A_GRM":"3.09139","Map":[{"ItemResponseOID":"58E0CC77-6AD3-496A-8DFE-7C90EB4DF568","StepOrder":"1","Threshold":"0.0567"},{"ItemResponseOID":"23DC3C9A-8CA9-41D8-832F-C2F65B071936","StepOrder":"2","Threshold":"0.8543"},{"ItemResponseOID":"4EE58EAC-BBFD-4CA3-AA79-F6F7B4EC8E39","StepOrder":"3","Threshold":"1.5783"},{"ItemResponseOID":"3981C6ED-F4DE-4840-AB8A-9A6DEB8A3B07","StepOrder":"4","Threshold":"2.4216"}]},{"FormItemOID":"768E8AE6-DA43-4F94-B3DC-5BBDB7304472","ID":"FATEXP12","A_GRM":"2.96129","Map":[{"ItemResponseOID":"657D78F5-7945-4DB3-9F24-BBBA00E09B90","StepOrder":"1","Threshold":"-0.5680"},{"ItemResponseOID":"7249D995-7FC2-4309-A604-4826F5015507","StepOrder":"2","Threshold":"0.4993"},{"ItemResponseOID":"A7B30699-F1AC-4D4D-84BD-10C904ED1E01","StepOrder":"3","Threshold":"1.2739"},{"ItemResponseOID":"7CF0CA8D-1B30-42DD-9EDE-B854239AAC36","StepOrder":"4","Threshold":"2.2954"}]},{"FormItemOID":"79178923-E7AC-4BA4-853A-F6B583D406BB","ID":"An8","A_GRM":"1.64286","Map":[{"ItemResponseOID":"BAFA1825-91C2-402D-BDDF-F6E86C27842A","StepOrder":"1","Threshold":"-0.4334"},{"ItemResponseOID":"B319EFBC-C6FE-485D-B567-92FCD97E9AAC","StepOrder":"2","Threshold":"0.8737"},{"ItemResponseOID":"AC233785-23ED-490A-877D-62ECD26D56D8","StepOrder":"3","Threshold":"1.5607"},{"ItemResponseOID":"628084E0-5132-437B-ADF4-FF18D05D6FB3","StepOrder":"4","Threshold":"2.5179"}]},{"FormItemOID":"79334DE5-186E-47C3-B819-A44F1BBC10F0","ID":"FATEXP35","A_GRM":"4.22759","Map":[{"ItemResponseOID":"C0B7BB0D-2F30-448A-8BA9-9692E562E6D4","StepOrder":"1","Threshold":"-0.5079"},{"ItemResponseOID":"8CEBD495-5654-4DE5-BB41-C68FD8ED806E","StepOrder":"2","Threshold":"0.3959"},{"ItemResponseOID":"0E987116-BA58-4F32-B839-2ACB7AD38C94","StepOrder":"3","Threshold":"1.0696"},{"ItemResponseOID":"66DD7531-3415-46BA-85F4-177E7AB37852","StepOrder":"4","Threshold":"1.8718"}]},{"FormItemOID":"7C4CC4FB-7ECC-4F04-9BE1-139630128ECB","ID":"FATIMP17","A_GRM":"3.25917","Map":[{"ItemResponseOID":"2CECB796-70E4-4E8B-BEF3-1F4E3AF92904","StepOrder":"1","Threshold":"-0.1303"},{"ItemResponseOID":"1A24232D-62BE-4F7D-B80C-17103664A6D1","StepOrder":"2","Threshold":"0.7757"},{"ItemResponseOID":"6DCCEA19-F6FF-49D6-B3B3-4089908124EA","StepOrder":"3","Threshold":"1.7017"},{"ItemResponseOID":"8A446939-A456-4018-A195-1B6E49BEC0BB","StepOrder":"4","Threshold":"2.7313"}]},{"FormItemOID":"7D01D366-6FA8-4B72-8BDE-09BAC23B493C","ID":"FATEXP19","A_GRM":"3.65446","Map":[{"ItemResponseOID":"C2D4F7AB-B89A-41BA-92B3-55FE07D544BD","StepOrder":"1","Threshold":"-0.7880"},{"ItemResponseOID":"6111D714-C7A9-43A7-9C7D-C0B0F8387BF3","StepOrder":"2","Threshold":"0.1715"},{"ItemResponseOID":"CA97B577-1ED0-41A7-B953-DE2108678D54","StepOrder":"3","Threshold":"1.1299"},{"ItemResponseOID":"C56F1110-0C7D-4720-B246-AD6E146D7D83","StepOrder":"4","Threshold":"2.1994"}]},{"FormItemOID":"801EDBA6-2988-42E3-AC1A-7124F1078863","ID":"FATIMP44","A_GRM":"2.36355","Map":[{"ItemResponseOID":"8608A56C-D90B-416C-9566-89C84B75D61E","StepOrder":"1","Threshold":"-0.1149"},{"ItemResponseOID":"35D0A87F-F0EF-4C5B-A27A-A28DC1F3A09B","StepOrder":"2","Threshold":"0.9332"},{"ItemResponseOID":"257793E2-F75E-4F78-A5A5-A59E57EF360A","StepOrder":"3","Threshold":"1.6754"},{"ItemResponseOID":"EBF7D399-F684-4A6E-B3F9-4EFFEE605605","StepOrder":"4","Threshold":"2.5473"}]},{"FormItemOID":"8110C7F9-9EBB-4A28-9B3F-07894CF41CF8","ID":"HI7","A_GRM":"4.32034","Map":[{"ItemResponseOID":"D2684EBB-76C5-4556-AC8B-043A21BA7CE5","StepOrder":"1","Threshold":"-1.1444"},{"ItemResponseOID":"A6536D7B-B790-4733-BA29-9BD9FAA81B42","StepOrder":"2","Threshold":"0.0806"},{"ItemResponseOID":"36F1A6A0-F625-4BF7-9B6E-5E2DB40F9E8D","StepOrder":"3","Threshold":"0.9561"},{"ItemResponseOID":"3358352B-F369-4878-8E3C-ACA47BC263BE","StepOrder":"4","Threshold":"1.7720"}]},{"FormItemOID":"841F4F95-D6AB-45EF-9574-FA259E8DBBA3","ID":"FATIMP27","A_GRM":"3.82112","Map":[{"ItemResponseOID":"194DEACD-5E2E-4932-940B-D47F4EC7FDB3","StepOrder":"1","Threshold":"-0.3312"},{"ItemResponseOID":"ECA429BF-D89D-40A8-ADE8-1BE9F6221875","StepOrder":"2","Threshold":"0.5970"},{"ItemResponseOID":"5C5D3321-E9A0-4AF2-9C5B-8EF0FB9A2B1C","StepOrder":"3","Threshold":"1.3039"},{"ItemResponseOID":"E383D1BC-4551-46A0-AF8D-F9008F5FA853","StepOrder":"4","Threshold":"2.1969"}]},{"FormItemOID":"8A9B53D3-0AD5-485E-9358-85C70E4A4C60","ID":"FATIMP51","A_GRM":"3.80042","Map":[{"ItemResponseOID":"DF03B9EA-7EBE-4094-BCC4-0F0EBB64E377","StepOrder":"1","Threshold":"-0.2108"},{"ItemResponseOID":"614BAF42-52F0-4F85-9E8C-483555FA3722","StepOrder":"2","Threshold":"0.6614"},{"ItemResponseOID":"7806D28D-C298-4820-A262-C62EA2F3226B","StepOrder":"3","Threshold":"1.3035"},{"ItemResponseOID":"4AFD89B2-D614-4CCA-9490-0FDFFE20AC42","StepOrder":"4","Threshold":"2.1422"}]},{"FormItemOID":"8D9B1270-383A-41F2-AF39-9729284CC530","ID":"FATEXP49","A_GRM":"2.72679","Map":[{"ItemResponseOID":"13A6EA6A-825C-4234-8222-D25FD4FFFBEB","StepOrder":"1","Threshold":"-0.6456"},{"ItemResponseOID":"094B1C0C-1EEB-428D-8F6C-2079518AFDBF","StepOrder":"2","Threshold":"0.3592"},{"ItemResponseOID":"146381E3-EFE9-4D98-80D7-E8C07B03BFBF","StepOrder":"3","Threshold":"1.2690"},{"ItemResponseOID":"41D91F80-7EB0-4366-9163-EBB24332B2CE","StepOrder":"4","Threshold":"2.3007"}]},{"FormItemOID":"92440E86-9B53-417B-87F9-C6267A10DEAB","ID":"FATIMP43","A_GRM":"2.91700","Map":[{"ItemResponseOID":"B70F5FC0-AB5E-47C9-94F0-75CCF66B5061","StepOrder":"1","Threshold":"-0.1225"},{"ItemResponseOID":"1625919F-C3BC-43A0-B469-EF1BEC286845","StepOrder":"2","Threshold":"0.8023"},{"ItemResponseOID":"A89248F5-7798-483E-9500-4C5E0F55C382","StepOrder":"3","Threshold":"1.5931"},{"ItemResponseOID":"6108D2EC-0A58-4D53-A484-C1242483E516","StepOrder":"4","Threshold":"2.3911"}]},{"FormItemOID":"98C3F530-CD51-44CF-B20A-81FBAFCEFCCB","ID":"FATIMP9","A_GRM":"3.48196","Map":[{"ItemResponseOID":"EA29162C-3A81-4963-8454-5F7A527228CC","StepOrder":"1","Threshold":"-0.0397"},{"ItemResponseOID":"4AFA8800-1E52-4F1C-839D-7AF72ED02891","StepOrder":"2","Threshold":"0.7032"},{"ItemResponseOID":"702D6F4F-C2FE-4E35-818C-142AF02D8330","StepOrder":"3","Threshold":"1.4657"},{"ItemResponseOID":"DEA4E06E-68E4-460F-990F-2AC8362A8F6E","StepOrder":"4","Threshold":"2.4086"}]},{"FormItemOID":"990433F6-0A46-444C-95CD-11A57CAB0743","ID":"An12","A_GRM":"2.31351","Map":[{"ItemResponseOID":"B14C1FB2-6613-41AD-A95D-B9A8E926B50B","StepOrder":"1","Threshold":"0.9482"},{"ItemResponseOID":"C755BAB9-806F-49C0-821D-FDCE157BC6CA","StepOrder":"2","Threshold":"1.7200"},{"ItemResponseOID":"7F997FD2-1D8F-4AEF-8B05-931FCB43F1BE","StepOrder":"3","Threshold":"2.4746"},{"ItemResponseOID":"886D02E7-335C-4B79-9121-F302502146F5","StepOrder":"4","Threshold":"3.5385"}]},{"FormItemOID":"9FBCB4EB-7ABD-4D92-A5C5-37222B22F359","ID":"FATIMP20","A_GRM":"3.32523","Map":[{"ItemResponseOID":"241A4DFE-DA9E-4966-A27E-69303E86A14B","StepOrder":"1","Threshold":"-0.6406"},{"ItemResponseOID":"21B6D6D1-8BDE-46F9-BEB6-DE715A91970D","StepOrder":"2","Threshold":"0.2992"},{"ItemResponseOID":"CA3FECEA-4D0E-4106-A747-7474120A253D","StepOrder":"3","Threshold":"1.2939"},{"ItemResponseOID":"50615DA7-D67F-4A39-B28E-97B738C81890","StepOrder":"4","Threshold":"2.2197"}]},{"FormItemOID":"9FF6DF23-AAE2-499D-A9AC-8CE62D72CF94","ID":"FATEXP56","A_GRM":"3.61692","Map":[{"ItemResponseOID":"1E0558F2-447D-4658-A12E-894619A66A3F","StepOrder":"1","Threshold":"-0.8786"},{"ItemResponseOID":"F199458B-84CA-4980-AF30-79A1525A0208","StepOrder":"2","Threshold":"0.3781"},{"ItemResponseOID":"79A18292-8088-44AE-A1F0-24004F9E3B13","StepOrder":"3","Threshold":"1.6589"},{"ItemResponseOID":"107393C8-E6EC-4AF3-914A-0BE88C5E4874","StepOrder":"4","Threshold":"2.6469"}]},{"FormItemOID":"A15D4A73-1679-4AC2-92A2-78944449B039","ID":"FATIMP15","A_GRM":"3.56379","Map":[{"ItemResponseOID":"C4A0D010-279B-4124-816F-3D76FE75AA42","StepOrder":"1","Threshold":"-0.4385"},{"ItemResponseOID":"9C8BB2B9-9224-45F8-A371-59D3C7B69D30","StepOrder":"2","Threshold":"0.3694"},{"ItemResponseOID":"86DE79C8-AD61-4220-80BA-389A7E1DFED4","StepOrder":"3","Threshold":"1.1899"},{"ItemResponseOID":"4032069B-944D-4AE3-B096-BDC1DE56E8AE","StepOrder":"4","Threshold":"2.0214"}]},{"FormItemOID":"A4509C35-0004-4916-8056-CD63D56E5226","ID":"FATIMP6","A_GRM":"2.97303","Map":[{"ItemResponseOID":"7C275808-E66B-4300-9C23-6E0D789EC127","StepOrder":"1","Threshold":"-0.3346"},{"ItemResponseOID":"EB14F95B-14BA-434B-AC6C-6D7F52AA0342","StepOrder":"2","Threshold":"0.5598"},{"ItemResponseOID":"7421D165-8E31-410F-85C5-7A1FEA90926E","StepOrder":"3","Threshold":"1.5240"},{"ItemResponseOID":"7F4F191C-3347-49CF-903D-F93842CD60F0","StepOrder":"4","Threshold":"2.4336"}]},{"FormItemOID":"A4D0898B-AA7A-4D0E-908F-226635B86372","ID":"FATIMP10","A_GRM":"3.71355","Map":[{"ItemResponseOID":"5766DCE3-4E55-486C-85CB-D70992D54B35","StepOrder":"1","Threshold":"-0.4011"},{"ItemResponseOID":"7CF308BA-D021-4D36-9E53-DADA0C5BC8F9","StepOrder":"2","Threshold":"0.3723"},{"ItemResponseOID":"85352610-818F-45D9-9853-141BB3CFD178","StepOrder":"3","Threshold":"1.2435"},{"ItemResponseOID":"799D2D9C-DF0C-41D4-8F43-1C70E32C517D","StepOrder":"4","Threshold":"2.3219"}]},{"FormItemOID":"A51724DA-2466-491E-8662-13B640171599","ID":"FATEXP20","A_GRM":"3.25088","Map":[{"ItemResponseOID":"2D0CD0A9-7716-44DB-A017-EB2B03A4091A","StepOrder":"1","Threshold":"-1.6209"},{"ItemResponseOID":"809F8192-F283-43C1-8AEE-D83B8CCD8ADA","StepOrder":"2","Threshold":"-0.4778"},{"ItemResponseOID":"98BF107D-2977-4CFB-ACA2-EF178B132B21","StepOrder":"3","Threshold":"0.7291"},{"ItemResponseOID":"9736B370-3BD9-45B9-A7A4-24225CE71E74","StepOrder":"4","Threshold":"1.7908"}]},{"FormItemOID":"A7A7044C-EB17-4625-A275-79CAF694C932","ID":"An7","A_GRM":"2.55435","Map":[{"ItemResponseOID":"D62EE253-14A7-4F47-A2FF-75882CCD3772","StepOrder":"2","Threshold":"-0.4984"},{"ItemResponseOID":"748E6DF0-7CCE-4D34-A999-B371035EEA69","StepOrder":"3","Threshold":"0.5970"},{"ItemResponseOID":"49E26A84-EC9D-43EF-9D75-0340F01570D3","StepOrder":"4","Threshold":"1.6800"},{"ItemResponseOID":"CC33B623-C6B7-48B5-B346-2924FAB70653","StepOrder":"5","Threshold":"2.5963"}]},{"FormItemOID":"AA3267A2-BF20-4C50-8855-2331749BA46C","ID":"FATEXP40","A_GRM":"4.17556","Map":[{"ItemResponseOID":"49710AF5-C687-487C-8D7F-E1FD87D22FC5","StepOrder":"1","Threshold":"-0.8828"},{"ItemResponseOID":"49C3F034-215C-4DF1-B515-13091BC88FCA","StepOrder":"2","Threshold":"0.3275"},{"ItemResponseOID":"0EDE0FB8-D767-4F37-8D47-0B994B084B26","StepOrder":"3","Threshold":"1.2048"},{"ItemResponseOID":"E05C9648-8155-4FDB-88F2-0F38D5020CDC","StepOrder":"4","Threshold":"2.1884"}]},{"FormItemOID":"AB828646-A89D-42B3-86A7-9D02CC8BADFE","ID":"FATIMP53","A_GRM":"2.40867","Map":[{"ItemResponseOID":"40BEC702-7F81-4745-9FF2-B543D442BA1A","StepOrder":"1","Threshold":"-0.3316"},{"ItemResponseOID":"FCD63073-7750-41A5-AF0C-5624D82B2CAA","StepOrder":"2","Threshold":"0.3922"},{"ItemResponseOID":"B3FE6029-3FAC-49A3-811A-BED0D64DD386","StepOrder":"3","Threshold":"1.2166"},{"ItemResponseOID":"723FE838-F618-4128-BF14-18F297CEC879","StepOrder":"4","Threshold":"2.1705"}]},{"FormItemOID":"AECC24A3-F9B2-4D18-94E2-5AD1E5760A95","ID":"FATIMP18","A_GRM":"3.52595","Map":[{"ItemResponseOID":"5BA1AA45-FD62-4123-ACFC-E5020C9FEDDC","StepOrder":"1","Threshold":"-0.2240"},{"ItemResponseOID":"66B301F5-79F5-46D2-8B17-15C0E4F70FA7","StepOrder":"2","Threshold":"0.5948"},{"ItemResponseOID":"23306A35-E8C4-49A2-AE39-68566AD0FBE9","StepOrder":"3","Threshold":"1.3756"},{"ItemResponseOID":"48A2ED48-A148-474C-A6A9-1206906C6518","StepOrder":"4","Threshold":"2.2690"}]},{"FormItemOID":"AEDA935B-18A0-416A-92DF-D5BEC7116ADD","ID":"FATIMP24","A_GRM":"3.81380","Map":[{"ItemResponseOID":"B598B8A0-629B-41F1-9971-13C07177B471","StepOrder":"1","Threshold":"-0.5023"},{"ItemResponseOID":"0A3ABBD4-9CC0-4DC5-A6F9-1FEE92330724","StepOrder":"2","Threshold":"0.3279"},{"ItemResponseOID":"17962AD8-111E-4684-A8F1-406F53CA4371","StepOrder":"3","Threshold":"1.2386"},{"ItemResponseOID":"2D91E087-0EB6-4058-AEEA-A04625544352","StepOrder":"4","Threshold":"2.3405"}]},{"FormItemOID":"B1FFBEDA-FD87-4863-8C2D-D3D17D84F96D","ID":"An15","A_GRM":"3.89913","Map":[{"ItemResponseOID":"EDA5E59F-FD58-4B19-A137-9310CF7E8990","StepOrder":"1","Threshold":"-0.0878"},{"ItemResponseOID":"7E69240C-3371-4C01-B9B0-0894A9654E97","StepOrder":"2","Threshold":"0.6132"},{"ItemResponseOID":"55B85FC4-C33C-4E0E-A88D-7FBD2D26430F","StepOrder":"3","Threshold":"1.0693"},{"ItemResponseOID":"AED5CDDD-4414-4C83-ACB7-07A0ACB2F9FD","StepOrder":"4","Threshold":"1.4310"}]},{"FormItemOID":"B20877AB-1DDD-4B4E-BE13-6408850F46B3","ID":"FATEXP26","A_GRM":"3.19291","Map":[{"ItemResponseOID":"BE6D19F8-D700-4A2C-9A13-E87BEB66594D","StepOrder":"1","Threshold":"-0.3262"},{"ItemResponseOID":"D58D4012-B05E-4BDB-BDC8-79B43949D1A9","StepOrder":"2","Threshold":"0.5795"},{"ItemResponseOID":"255D72FA-2416-45F1-A102-F217C1D676CA","StepOrder":"3","Threshold":"1.3791"},{"ItemResponseOID":"D9CB5E81-7AC2-43B8-930E-EC3B049B45D6","StepOrder":"4","Threshold":"2.3377"}]},{"FormItemOID":"B3A3EFCA-456B-4DC1-9C99-E507BBCB40D4","ID":"FATIMP2","A_GRM":"2.86203","Map":[{"ItemResponseOID":"D81408C2-C637-4E4A-8237-41957C871DAB","StepOrder":"1","Threshold":"-0.0478"},{"ItemResponseOID":"467F7E14-3146-4270-A7C1-C91F4B402018","StepOrder":"2","Threshold":"0.8450"},{"ItemResponseOID":"AEFDE77B-4B0F-40C6-B936-7B4C3A9C6DFC","StepOrder":"3","Threshold":"1.5702"},{"ItemResponseOID":"78313780-3C3A-4982-8D74-0C19AFDF2FA4","StepOrder":"4","Threshold":"2.4288"}]},{"FormItemOID":"B45F1B4F-59E0-468F-A56C-1109D33E323A","ID":"An4","A_GRM":"3.40335","Map":[{"ItemResponseOID":"FAC72FF4-2392-4604-BF91-7FF1BD0AF422","StepOrder":"1","Threshold":"-0.3408"},{"ItemResponseOID":"49588EF1-3985-4740-83AB-305FD7AC3F05","StepOrder":"2","Threshold":"0.5818"},{"ItemResponseOID":"C699D81C-29B4-48BE-8000-E1CE69C1F944","StepOrder":"3","Threshold":"1.2795"},{"ItemResponseOID":"10F06975-2026-4D4F-B79C-0703F1A38856","StepOrder":"4","Threshold":"2.1366"}]},{"FormItemOID":"B67D2355-377B-4E5C-92C0-6D30546EC242","ID":"FATEXP16","A_GRM":"2.65053","Map":[{"ItemResponseOID":"6650A357-E196-438C-8EFC-9ED849BA8A4B","StepOrder":"1","Threshold":"-1.2739"},{"ItemResponseOID":"F5C3BC87-C51C-4E22-A276-09ED8523882B","StepOrder":"2","Threshold":"-0.0589"},{"ItemResponseOID":"2CC1830E-687C-49FC-B296-9AB487E6FF1A","StepOrder":"3","Threshold":"1.0910"},{"ItemResponseOID":"FE8F4DA8-D8F9-46FE-8F05-5098EAC56B7A","StepOrder":"4","Threshold":"2.2697"}]},{"FormItemOID":"BB63F429-1497-4687-8AF6-248DC8A4A6E4","ID":"FATIMP8","A_GRM":"1.69742","Map":[{"ItemResponseOID":"D8B5F833-BD40-4D76-9BE4-738B8DCADFEA","StepOrder":"1","Threshold":"-0.0752"},{"ItemResponseOID":"312826A4-E240-4F1B-93B2-C3C33C7F4F7E","StepOrder":"2","Threshold":"1.0017"},{"ItemResponseOID":"74C3A379-8529-404D-ABD2-3EA10858D517","StepOrder":"3","Threshold":"2.2376"},{"ItemResponseOID":"973FA9BF-9A3D-4474-9448-B7E74CB261CF","StepOrder":"4","Threshold":"3.6673"}]},{"FormItemOID":"BD996137-693C-4EF7-BD57-90E8135D3C9C","ID":"An3","A_GRM":"4.34709","Map":[{"ItemResponseOID":"C95B9677-2127-42F9-A36C-A67236B0231D","StepOrder":"1","Threshold":"-0.3111"},{"ItemResponseOID":"EA6A4808-4971-4BA1-BF1B-8B10B47A6209","StepOrder":"2","Threshold":"0.5041"},{"ItemResponseOID":"25B2CDFD-F4A9-4DE9-979F-33533F09CF2E","StepOrder":"3","Threshold":"1.1796"},{"ItemResponseOID":"C8EE1AE4-01B0-4CE3-90C9-5241B94FC50C","StepOrder":"4","Threshold":"1.9585"}]},{"FormItemOID":"C0EB662C-3DC1-4D31-9609-FAD1B36F470C","ID":"FATIMP13","A_GRM":"3.50878","Map":[{"ItemResponseOID":"95DB7E8C-ED86-44AC-B0C9-85F52344A924","StepOrder":"1","Threshold":"-0.3688"},{"ItemResponseOID":"DBF27F71-5780-48E4-BB87-D6C0A71BDF9E","StepOrder":"2","Threshold":"0.4449"},{"ItemResponseOID":"63F775D5-9BD4-4C1F-9BC4-526A04085A22","StepOrder":"3","Threshold":"1.3314"},{"ItemResponseOID":"557CD664-4CF3-46D8-80D6-8BC975B84EFD","StepOrder":"4","Threshold":"2.4636"}]},{"FormItemOID":"C6129B74-287D-4C92-8E9D-578F6FC21DF8","ID":"FATIMP26","A_GRM":"3.10719","Map":[{"ItemResponseOID":"25C721B4-D28C-48F7-9B6F-57F11C6A3E56","StepOrder":"1","Threshold":"-0.0232"},{"ItemResponseOID":"49A66FE3-ACE4-445C-A6A0-9F3B96325DA0","StepOrder":"2","Threshold":"0.7968"},{"ItemResponseOID":"FF446A79-34E7-4764-9C68-5DE98BD8B927","StepOrder":"3","Threshold":"1.7414"},{"ItemResponseOID":"A55952F0-7D5E-4788-AB0C-BB89B28CAA53","StepOrder":"4","Threshold":"2.5924"}]},{"FormItemOID":"CA2B2AB4-2F7D-4A29-8A0F-0174D48CF674","ID":"FATEXP18","A_GRM":"3.38925","Map":[{"ItemResponseOID":"8DCCCEA8-100E-4358-967F-B01EC1DC4245","StepOrder":"1","Threshold":"-1.0135"},{"ItemResponseOID":"0CDA480F-73F9-451E-AAA9-52A790B7371F","StepOrder":"2","Threshold":"0.0387"},{"ItemResponseOID":"1206806D-FACA-41BE-BA10-55B4D42ADC9D","StepOrder":"3","Threshold":"1.0796"},{"ItemResponseOID":"448FD954-507B-41B8-836D-B0081A87F0CF","StepOrder":"4","Threshold":"2.1624"}]},{"FormItemOID":"CAF0BB65-7C0E-44EE-9C7D-5D8238CCC2DE","ID":"FATEXP6","A_GRM":"2.84463","Map":[{"ItemResponseOID":"C7DBC070-9A26-469F-ADAB-4F92855794B8","StepOrder":"1","Threshold":"-0.6571"},{"ItemResponseOID":"ABBF9125-4DB9-409C-B88F-3544B083387C","StepOrder":"2","Threshold":"0.2417"},{"ItemResponseOID":"5AC3D37B-6124-4E67-B09A-15FE77AC62F9","StepOrder":"3","Threshold":"1.2979"},{"ItemResponseOID":"B88EF305-8C58-4199-87F1-8293ECC06886","StepOrder":"4","Threshold":"2.3841"}]},{"FormItemOID":"CC681EC3-4909-4E59-9F18-862BDABDFEB4","ID":"An14","A_GRM":"2.30580","Map":[{"ItemResponseOID":"4CE2C3F1-76F4-40E6-A0FB-8924AF4B0B73","StepOrder":"1","Threshold":"0.7530"},{"ItemResponseOID":"5C855D1D-A957-4996-A98C-6220E59F5630","StepOrder":"2","Threshold":"1.5210"},{"ItemResponseOID":"15F14B60-B2C4-4503-8E00-F18AEEAC5E01","StepOrder":"3","Threshold":"2.1999"},{"ItemResponseOID":"8FECC42B-B328-42D1-98C8-A9DA9B30928F","StepOrder":"4","Threshold":"3.0206"}]},{"FormItemOID":"CD5B563C-027F-4685-907A-CC68F5E029D0","ID":"FATEXP31","A_GRM":"2.11341","Map":[{"ItemResponseOID":"A41826FA-C4AC-4451-AD03-EE951654B6DC","StepOrder":"2","Threshold":"-1.7462"},{"ItemResponseOID":"0F38FBD0-D685-4FD5-B4AA-D948DC1F4790","StepOrder":"3","Threshold":"-0.0893"},{"ItemResponseOID":"5FFE8B19-19FB-440E-AA48-9E79ED3FA7B9","StepOrder":"4","Threshold":"1.0726"},{"ItemResponseOID":"F612A3D3-F836-4C44-8217-4DA5F8085E1C","StepOrder":"5","Threshold":"2.3301"}]},{"FormItemOID":"CE73A9D2-8225-4CC4-B680-A9423C4A4BE2","ID":"FATEXP29","A_GRM":"3.09404","Map":[{"ItemResponseOID":"007F95A3-6BB4-4B94-B4EF-E595506F0F5B","StepOrder":"1","Threshold":"-0.5715"},{"ItemResponseOID":"014AB3A0-27E4-4584-8912-E1702369A328","StepOrder":"2","Threshold":"0.2930"},{"ItemResponseOID":"9E17E4A6-FA10-445A-B38D-A15A4FDA591F","StepOrder":"3","Threshold":"1.2404"},{"ItemResponseOID":"29B1B76D-16CB-4C8C-9BAB-91A140948C2C","StepOrder":"4","Threshold":"2.2878"}]},{"FormItemOID":"D02964BB-8CCC-4706-BE6A-A480E6CF2CB0","ID":"An2","A_GRM":"3.30015","Map":[{"ItemResponseOID":"9B4C2421-2588-4C30-8E73-DCCBABB6BD7A","StepOrder":"1","Threshold":"-1.3566"},{"ItemResponseOID":"519C8343-B20C-4B38-98A6-957EF5B9467F","StepOrder":"2","Threshold":"0.0993"},{"ItemResponseOID":"CF1CED78-0224-48AE-B6A6-409C4A58FB71","StepOrder":"3","Threshold":"0.8436"},{"ItemResponseOID":"7022E411-26CB-4976-9C46-95EF7F33A713","StepOrder":"4","Threshold":"1.8003"}]},{"FormItemOID":"D057E491-8ECC-4FEE-A140-707315FB1AB5","ID":"FATEXP22","A_GRM":"3.89996","Map":[{"ItemResponseOID":"8C82E8F8-7A39-4E15-A53E-9B1BF10089F2","StepOrder":"1","Threshold":"-0.8100"},{"ItemResponseOID":"E44F2AAE-40B6-4EFE-ABAE-31E77B9170DE","StepOrder":"2","Threshold":"0.1248"},{"ItemResponseOID":"90E5F541-038A-4347-8AB5-BFCF98BC7A05","StepOrder":"3","Threshold":"0.9957"},{"ItemResponseOID":"7B485F2B-E1CF-47D8-8B10-433A38CF1AB6","StepOrder":"4","Threshold":"1.8786"}]},{"FormItemOID":"D2C2B428-B18D-4D80-9FB1-A6C87FAF5B1A","ID":"FATEXP34","A_GRM":"3.87115","Map":[{"ItemResponseOID":"EF3BDAD9-DDEF-46CE-980D-E274E329A21E","StepOrder":"1","Threshold":"-1.1000"},{"ItemResponseOID":"E6592EFC-8EC1-4014-A00C-F7E00B84833D","StepOrder":"2","Threshold":"0.2340"},{"ItemResponseOID":"F6D1AB3E-0529-44CD-8798-B3AABC0936CC","StepOrder":"3","Threshold":"1.0103"},{"ItemResponseOID":"79232D5B-2CD8-4B1C-B6E2-D819A5BB6DAE","StepOrder":"4","Threshold":"1.9985"}]},{"FormItemOID":"D5F9789D-639F-49E7-9F25-E928679B441F","ID":"An16","A_GRM":"3.60561","Map":[{"ItemResponseOID":"2D7726A1-80F0-4613-A8EA-00767E06C7EB","StepOrder":"1","Threshold":"0.1475"},{"ItemResponseOID":"056E8168-1CDC-458B-AB5A-FD803AF0D69E","StepOrder":"2","Threshold":"0.8289"},{"ItemResponseOID":"8841BC81-E1C7-46D0-8202-EA7FBD3990CA","StepOrder":"3","Threshold":"1.4180"},{"ItemResponseOID":"2BEB7837-4098-4E83-B828-119F3CA102BE","StepOrder":"4","Threshold":"1.8725"}]},{"FormItemOID":"D70EF103-02EA-497C-842A-EBE6002AC7D0","ID":"AN1","A_GRM":"3.26908","Map":[{"ItemResponseOID":"687999FE-293A-4C87-9C73-761B26392A59","StepOrder":"1","Threshold":"-0.2029"},{"ItemResponseOID":"3F9055C4-E3F0-457D-8276-5D148B4748A7","StepOrder":"2","Threshold":"0.7442"},{"ItemResponseOID":"623B342D-9186-4464-B81C-A9D34B3C3398","StepOrder":"3","Threshold":"1.3736"},{"ItemResponseOID":"814E0EF4-8630-474A-9E89-4B1F2E5817E7","StepOrder":"4","Threshold":"2.2719"}]},{"FormItemOID":"E19D9DA1-198D-45F3-9AF2-FE9291B528E0","ID":"FATIMP34","A_GRM":"3.28678","Map":[{"ItemResponseOID":"F725870E-567C-4A8D-8E38-7C30AA4E819D","StepOrder":"1","Threshold":"0.0066"},{"ItemResponseOID":"76B639DD-664C-4625-A88A-1152188A70D2","StepOrder":"2","Threshold":"0.7634"},{"ItemResponseOID":"6188E30C-8487-4B8A-AE05-8AF55B86D2E1","StepOrder":"3","Threshold":"1.4442"},{"ItemResponseOID":"392931E0-D4E2-420F-86D0-A183F6411D1B","StepOrder":"4","Threshold":"2.2464"}]},{"FormItemOID":"E4DC8DAD-415B-4FC0-B0B3-968F2C3FECA7","ID":"FATEXP52","A_GRM":"3.33082","Map":[{"ItemResponseOID":"DE7E82E6-801D-4E59-AEC7-7BC32463B2FA","StepOrder":"1","Threshold":"-0.3940"},{"ItemResponseOID":"55332CF2-EE5D-423A-9C07-B79D0E466535","StepOrder":"2","Threshold":"0.5990"},{"ItemResponseOID":"B98536E4-A3B4-4C06-BC7F-DD4619DACF16","StepOrder":"3","Threshold":"1.3903"},{"ItemResponseOID":"C4A984E8-658F-4A59-9E4B-02D964895D9B","StepOrder":"4","Threshold":"2.2332"}]},{"FormItemOID":"E931B139-6AD5-4DE9-8259-7F90AA1BC6D6","ID":"FATEXP44","A_GRM":"1.98044","Map":[{"ItemResponseOID":"F9800A51-8094-496B-98AE-3FFD13B090DD","StepOrder":"2","Threshold":"-1.7359"},{"ItemResponseOID":"44BD51A0-673A-45B1-B4AB-1D4BE78DC073","StepOrder":"3","Threshold":"-0.1937"},{"ItemResponseOID":"E56854B8-551E-4769-83C2-F09A979B03EA","StepOrder":"4","Threshold":"1.0159"},{"ItemResponseOID":"CFB94F85-11D4-4314-87CA-A5A093DF62C6","StepOrder":"5","Threshold":"2.2215"}]},{"FormItemOID":"F03978E1-3DAA-4B5B-910E-E6D847D48DF1","ID":"FATIMP48","A_GRM":"3.80565","Map":[{"ItemResponseOID":"56307040-BAAD-4D29-8D6C-68EFA8D97722","StepOrder":"1","Threshold":"-0.0070"},{"ItemResponseOID":"FFB3BD8A-2560-46A3-BD18-B5FEC1449ABE","StepOrder":"2","Threshold":"0.7283"},{"ItemResponseOID":"A339CBF4-F023-4B5B-A3EF-1440DA116A58","StepOrder":"3","Threshold":"1.3211"},{"ItemResponseOID":"8898EE54-C742-4E79-97D9-F5D959882639","StepOrder":"4","Threshold":"1.9839"}]},{"FormItemOID":"F83B36C9-6436-4537-ABC1-ACC324A7A6AD","ID":"FATIMP33","A_GRM":"3.09254","Map":[{"ItemResponseOID":"936EDA69-1AB7-4A0E-89F8-926217A58C24","StepOrder":"1","Threshold":"-0.5432"},{"ItemResponseOID":"0657032D-6D51-4455-AA06-AA8F3C62F164","StepOrder":"2","Threshold":"0.3259"},{"ItemResponseOID":"0A0C8D55-6E5E-42C8-9062-7D3C449893FA","StepOrder":"3","Threshold":"1.3544"},{"ItemResponseOID":"27EE9880-CA3C-4461-9003-3BFAE6E022C2","StepOrder":"4","Threshold":"2.3236"}]},{"FormItemOID":"FBDAC232-BD89-49CF-BEE3-13604E334B93","ID":"FATIMP16","A_GRM":"3.86264","Map":[{"ItemResponseOID":"E7FB729C-29F3-4554-8ADE-12287A01105F","StepOrder":"1","Threshold":"-0.3853"},{"ItemResponseOID":"0F8CFE3F-D572-448B-8508-A4A7C45E4402","StepOrder":"2","Threshold":"0.4560"},{"ItemResponseOID":"1BA2166A-2528-481E-9B15-7A5008AF3986","StepOrder":"3","Threshold":"1.3312"},{"ItemResponseOID":"841CCEB0-BF92-4A42-8898-66B092155FCF","StepOrder":"4","Threshold":"2.2382"}]},{"FormItemOID":"FFD7788B-2B6B-4847-9F76-B6CB67E9CDC9","ID":"FATIMP28","A_GRM":"2.80660","Map":[{"ItemResponseOID":"44A1D7D6-5F35-4A87-9122-6BED8B445DD6","StepOrder":"1","Threshold":"0.5199"},{"ItemResponseOID":"20E10F37-F986-4981-BF74-71D287522754","StepOrder":"2","Threshold":"1.3740"},{"ItemResponseOID":"4DD5814B-F51F-4E2F-A798-A605AC0BA7B2","StepOrder":"3","Threshold":"2.1931"},{"ItemResponseOID":"32F86C4E-58BB-4F6F-A469-6E6DDEB57A1B","StepOrder":"4","Threshold":"2.9323"}]}]}
