{"FormOID":"BF75FC23-084C-44F6-9B1A-168FD3E31F8A","Form":"Neuro-QOL Ped SF v1.0 - Depression","Properties":[{"MinNumItems":"8"},{"MaxNumItems":"8"},{"IRTModel":"0"},{"SelectionMethod":"1"},{"MinTheta":"-4.00"},{"MaxTheta":"4.00"},{"ThetaIncrement":"0.1000"},{"MaxStdErr":"0.30"},{"SelectionGroupSize":"1"},{"LogisticScaling":"1.0000"},{"DistMean":"0.00"},{"DistStdDev":"1.00"},{"FirstItem":""},{"CalibrationSample":"Wave 1B"},{"SetSelectionMethod":"Instance"}],"Items":[{"FormItemOID":"08D6FBBE-4939-4928-9451-1306A70B85BD","ID":"NQEMNped36","A_GRM":"4.77898","Map":[{"ItemResponseOID":"DCAF8FA1-7E1F-4018-BAD4-9C8814A05DDD","StepOrder":"1","Threshold":"-0.0436"},{"ItemResponseOID":"FCBE3449-FEDC-4378-B897-19C1AEAB7F38","StepOrder":"2","Threshold":"0.5842"},{"ItemResponseOID":"C51FB1DF-A338-4BFE-9EEF-AF5C1A6FEDFB","StepOrder":"3","Threshold":"1.3948"},{"ItemResponseOID":"EACEACCF-0BE2-4578-AC59-AAC73EB20B65","StepOrder":"4","Threshold":"2.0513"}]},{"FormItemOID":"2774EF0C-7046-4485-8BA8-3D5CC34EBB64","ID":"NQEMNped34","A_GRM":"4.45517","Map":[{"ItemResponseOID":"92300355-3396-45F9-8FB4-4757C96654B7","StepOrder":"1","Threshold":"0.1480"},{"ItemResponseOID":"8D227322-5597-4B3A-B1E6-D6939B868BD2","StepOrder":"2","Threshold":"0.7918"},{"ItemResponseOID":"345E46B4-3CB2-4C89-A11C-358201FF17AB","StepOrder":"3","Threshold":"1.5230"},{"ItemResponseOID":"B2C7ABE0-636A-4D28-BCFF-C0124B1EC00A","StepOrder":"4","Threshold":"2.2621"}]},{"FormItemOID":"4A3EB4D7-4AB8-4B54-BCC8-3E47F85C8C65","ID":"NQEMNped41","A_GRM":"4.97058","Map":[{"ItemResponseOID":"8C46D657-DED1-4BDA-A3EA-680B9E1DA97A","StepOrder":"1","Threshold":"-0.0139"},{"ItemResponseOID":"78B545D9-BFD4-4951-AE1B-0A7C2516E343","StepOrder":"2","Threshold":"0.5668"},{"ItemResponseOID":"5D37F221-A4F8-42DB-8206-E4CB1EFAC19C","StepOrder":"3","Threshold":"1.3458"},{"ItemResponseOID":"5980433E-E2BE-4681-AA56-7C80C698DE89","StepOrder":"4","Threshold":"1.8465"}]},{"FormItemOID":"949EFDEC-959B-4933-85D8-0BD83792705A","ID":"NQEMNped09","A_GRM":"3.26573","Map":[{"ItemResponseOID":"29CF10C9-9ABE-4F76-B585-14908AB7FAA3","StepOrder":"1","Threshold":"-0.4863"},{"ItemResponseOID":"01C9AA32-511A-4DE8-9838-FF4240831AF5","StepOrder":"2","Threshold":"0.1466"},{"ItemResponseOID":"555091B8-8A6A-4BBD-A3DF-610C9711D890","StepOrder":"3","Threshold":"1.2380"},{"ItemResponseOID":"2C44F652-505D-4034-8B43-80A59EB6E669","StepOrder":"4","Threshold":"1.9820"}]},{"FormItemOID":"B0D06C68-87DC-405B-8240-EFC82BE4941D","ID":"NQEMNped01","A_GRM":"2.62405","Map":[{"ItemResponseOID":"B5F00AF9-B097-43B4-917D-B0D093B08EDC","StepOrder":"1","Threshold":"-0.0256"},{"ItemResponseOID":"2E8206A9-50EF-40E9-B291-EFEEA1F1C878","StepOrder":"2","Threshold":"0.6573"},{"ItemResponseOID":"627F9F09-7EFD-4A89-8C50-A9634EBA1140","StepOrder":"3","Threshold":"1.9175"},{"ItemResponseOID":"A8A0BAA8-DCE3-4F62-855D-6F08638FF622","StepOrder":"4","Threshold":"2.5957"}]},{"FormItemOID":"B3B7E6A0-DD98-4A8F-A1CA-B901117F442E","ID":"NQEMNped04","A_GRM":"2.90917","Map":[{"ItemResponseOID":"8C6A6B0A-CAFB-4ED9-AD71-ADAFB834CB6B","StepOrder":"1","Threshold":"-0.4953"},{"ItemResponseOID":"762A71C3-764F-485C-8C21-80428FB18AF8","StepOrder":"2","Threshold":"0.2996"},{"ItemResponseOID":"689EC129-653F-4E3D-B230-D763D9370C71","StepOrder":"3","Threshold":"1.4805"},{"ItemResponseOID":"B8D4F060-610D-4633-BC6A-76CEB7F68AB7","StepOrder":"4","Threshold":"2.4839"}]},{"FormItemOID":"B94AAC8E-6F9B-4462-A104-A4931271DC8F","ID":"NQEMNped40","A_GRM":"3.90534","Map":[{"ItemResponseOID":"D30FEBAF-D8DE-4FE5-9766-00C76B44F348","StepOrder":"1","Threshold":"-0.2431"},{"ItemResponseOID":"F7943590-2838-4AAE-A54C-90ACAB62EE43","StepOrder":"2","Threshold":"0.4248"},{"ItemResponseOID":"97107468-807D-42DF-8D21-5905E88A4D2A","StepOrder":"3","Threshold":"1.3776"},{"ItemResponseOID":"EC365442-7539-4F41-825A-B1C120699620","StepOrder":"4","Threshold":"1.8663"}]},{"FormItemOID":"F376F970-BC76-46AF-8058-5C7603370FBC","ID":"NQEMNped31","A_GRM":"3.93245","Map":[{"ItemResponseOID":"75E09D41-1F6C-4FCD-8C7D-74574F8DC1B3","StepOrder":"1","Threshold":"-0.0307"},{"ItemResponseOID":"B7C1F964-C7C7-44D5-8A72-98FCFBB2E813","StepOrder":"2","Threshold":"0.7006"},{"ItemResponseOID":"D939B3B7-3FDC-4588-A251-8DE7554BADF4","StepOrder":"3","Threshold":"1.6276"},{"ItemResponseOID":"2A73D13A-9D1A-48AB-9C03-1ABFBB71C3DD","StepOrder":"4","Threshold":"2.2268"}]}]}
