{"FormOID":"C81F5920-D9DB-48F7-A0AD-A6F2A4BF6D36","Form":"Four-item physical function short form from the PROMIS-29","Properties":[{"MinNumItems":"4"},{"MaxNumItems":"4"},{"IRTModel":"0"},{"SelectionMethod":"1"},{"MinTheta":"-4.00"},{"MaxTheta":"4.00"},{"ThetaIncrement":"0.1000"},{"MaxStdErr":"0.30"},{"SelectionGroupSize":"1"},{"LogisticScaling":"1.0000"},{"DistMean":"0.00"},{"DistStdDev":"1.00"},{"FirstItem":""},{"CalibrationSample":"Promis Wave 1"},{"SetSelectionMethod":"Instance"}],"Items":[{"FormItemOID":"2690B58C-2544-4C4C-AACA-7768330CB931","ID":"PFA11","A_GRM":"4.83487","Map":[{"ItemResponseOID":"7FCDC48E-BD3C-4A4E-90B1-7A56B3E84EAB","StepOrder":"2","Threshold":"-1.9837"},{"ItemResponseOID":"716F955C-909F-4B5B-8BDB-06A97E8697AB","StepOrder":"3","Threshold":"-1.5298"},{"ItemResponseOID":"9BE75D5B-4806-4353-9D22-CE4F4AA93251","StepOrder":"4","Threshold":"-1.1056"},{"ItemResponseOID":"4D08A2C0-F4A4-457A-9832-79B2E253062C","StepOrder":"5","Threshold":"-0.4545"}]},{"FormItemOID":"3F93F1B5-705A-47F6-9B72-7D8DC9E9FC00","ID":"PFA21","A_GRM":"4.23685","Map":[{"ItemResponseOID":"F26D9E58-B303-4987-9765-C5AF5A8EF7B9","StepOrder":"2","Threshold":"-1.8850"},{"ItemResponseOID":"8F323758-CB8D-43CC-8BAD-73ABF2AC34D6","StepOrder":"3","Threshold":"-1.4805"},{"ItemResponseOID":"AC2350EC-5AA7-451E-BED8-1A275E089207","StepOrder":"4","Threshold":"-1.0464"},{"ItemResponseOID":"E8CDE1B6-72B7-4496-B72B-14BA321D1AF3","StepOrder":"5","Threshold":"-0.3953"}]},{"FormItemOID":"B064A2C9-8B09-4978-8075-CCD9C25CD4A1","ID":"PFA53","A_GRM":"4.43957","Map":[{"ItemResponseOID":"37F739AC-AF9D-418F-BB9E-938CD1CAE77B","StepOrder":"2","Threshold":"-2.5460"},{"ItemResponseOID":"B4551BF7-7936-4625-8B48-04653B57CCAE","StepOrder":"3","Threshold":"-1.9738"},{"ItemResponseOID":"BC595BF7-9F8A-4E4B-BF28-9C1F0B665BD5","StepOrder":"4","Threshold":"-1.4509"},{"ItemResponseOID":"2BFC48C1-75F7-4D9F-9180-B159BB05A28F","StepOrder":"5","Threshold":"-0.8195"}]},{"FormItemOID":"D2F7C3A1-C0B2-4AD9-BAA6-78678B5E708C","ID":"PFA23","A_GRM":"4.28753","Map":[{"ItemResponseOID":"90B814B6-1DE4-443A-BE60-3D5990654D48","StepOrder":"2","Threshold":"-1.9146"},{"ItemResponseOID":"84DCEBB6-6803-46E0-A8A5-3B723494B6D4","StepOrder":"3","Threshold":"-1.5792"},{"ItemResponseOID":"6226083B-BD83-4B51-A394-FEA9CF3689CE","StepOrder":"4","Threshold":"-1.1944"},{"ItemResponseOID":"9BD75C3E-13A9-4D70-886A-E4B9B9F2C856","StepOrder":"5","Threshold":"-0.6814"}]}]}
