{"FormOID":"D3FFE67C-FE0D-4DB4-B680-CDDBBA3B360B","Form":"PROMIS-Ca Bank v1.0 ??? Depression","Properties":[{"MinNumItems":"4"},{"MaxNumItems":"12"},{"IRTModel":"0"},{"SelectionMethod":"1"},{"MinTheta":"-4.00"},{"MaxTheta":"4.00"},{"ThetaIncrement":"0.1000"},{"MaxStdErr":"0.30"},{"SelectionGroupSize":"1"},{"LogisticScaling":"1.0000"},{"DistMean":"0.00"},{"DistStdDev":"1.00"},{"FirstItem":""},{"CalibrationSample":"Cancer"},{"SetSelectionMethod":"Instance"}],"Items":[{"FormItemOID":"179312E7-BCAB-48B9-A8B7-D679D7CB04FB","ID":"EDDEP48","A_GRM":"3.18524","Map":[{"ItemResponseOID":"1A650DA7-DD55-4B49-8F8A-93A31E0BF7D3","StepOrder":"1","Threshold":"0.1981"},{"ItemResponseOID":"CB43313F-F050-45C2-A8D8-CC5596E0C972","StepOrder":"2","Threshold":"0.7819"},{"ItemResponseOID":"DFEFCB1A-6278-4804-B1EF-E565CD89A696","StepOrder":"3","Threshold":"1.5258"},{"ItemResponseOID":"DC769BE6-6CA7-4F58-A622-1794560589CE","StepOrder":"4","Threshold":"2.3241"}]},{"FormItemOID":"1AED3BF2-5C9B-40EA-A79D-959085CD5A62","ID":"EDDEP46","A_GRM":"2.38063","Map":[{"ItemResponseOID":"22ADBCDF-7A2C-4A68-A654-C638A924864E","StepOrder":"1","Threshold":"-0.4579"},{"ItemResponseOID":"0599BBA3-E442-40BF-81B9-B3EC67868F0D","StepOrder":"2","Threshold":"0.4780"},{"ItemResponseOID":"D8D12664-DBF7-4FF1-9FB3-4257CFE1901A","StepOrder":"3","Threshold":"1.5457"},{"ItemResponseOID":"E34F027C-81DE-44F0-9309-97FA06DF606E","StepOrder":"4","Threshold":"2.6315"}]},{"FormItemOID":"26D95AA2-4890-46F1-B055-1843F9297B2D","ID":"EDDEP21","A_GRM":"2.73610","Map":[{"ItemResponseOID":"8DAB0D96-7F1A-48E3-946F-B66B533F2546","StepOrder":"1","Threshold":"0.0725"},{"ItemResponseOID":"3779C54E-D32C-42FF-B89B-97AE2781A5ED","StepOrder":"2","Threshold":"0.8098"},{"ItemResponseOID":"B3B4C214-7F49-4C7B-A67B-BCF3CEC82F1B","StepOrder":"3","Threshold":"1.8031"},{"ItemResponseOID":"036AAA63-2AF8-4F86-B14A-68150AC210F5","StepOrder":"4","Threshold":"2.6734"}]},{"FormItemOID":"278EFCCF-6DEE-4DAF-BD93-CE17778053AF","ID":"EDDEP19","A_GRM":"3.24097","Map":[{"ItemResponseOID":"29143B41-B16F-435B-B1FC-4867F1117694","StepOrder":"1","Threshold":"0.4605"},{"ItemResponseOID":"911F770E-2126-4A94-8356-F112F4E0C9C5","StepOrder":"2","Threshold":"1.0344"},{"ItemResponseOID":"910425A5-DA26-4754-9489-0DC000B14FB5","StepOrder":"3","Threshold":"1.8336"},{"ItemResponseOID":"0C95A45A-DD28-4B7F-8A39-AC0CEEE1DD82","StepOrder":"4","Threshold":"2.5147"}]},{"FormItemOID":"3A14D543-AB5B-4751-8E41-6B8DADEBF6B1","ID":"EDDEP12","A_GRM":"2.37164","Map":[{"ItemResponseOID":"F4033184-E416-440C-BA86-46C30DB30D21","StepOrder":"1","Threshold":"-0.5407"},{"ItemResponseOID":"DEA4B300-3234-4071-B430-59F05B7ED6A3","StepOrder":"2","Threshold":"0.3483"},{"ItemResponseOID":"4F7E45B3-59AB-445B-A92D-30AFA8F3774C","StepOrder":"3","Threshold":"1.4711"},{"ItemResponseOID":"6C3093B2-1195-4F33-BB94-8977E3F0A6FA","StepOrder":"4","Threshold":"2.5607"}]},{"FormItemOID":"3F99280D-3BCF-4D04-B725-8F35D9AE3F7E","ID":"EDDEP31","A_GRM":"3.18287","Map":[{"ItemResponseOID":"F95359BC-DA6C-4A2A-9066-95CCC69D23F3","StepOrder":"1","Threshold":"-0.2609"},{"ItemResponseOID":"421427A0-EAE4-4064-B2E9-92AC3AA664BF","StepOrder":"2","Threshold":"0.3968"},{"ItemResponseOID":"82F98E40-F84E-4F48-A84F-857720C42E5F","StepOrder":"3","Threshold":"1.3055"},{"ItemResponseOID":"EB16FBEF-05C2-4CF6-BE22-E0DF2DFD8237","StepOrder":"4","Threshold":"2.1340"}]},{"FormItemOID":"428266D0-C0BE-4C01-827D-DBB4E333B139","ID":"EDDEP16","A_GRM":"2.55088","Map":[{"ItemResponseOID":"9B5D9D94-1023-47FC-9108-6FA261CED342","StepOrder":"1","Threshold":"-0.3329"},{"ItemResponseOID":"212E9476-5E9C-4E40-B01F-655A9C2123D4","StepOrder":"2","Threshold":"0.4227"},{"ItemResponseOID":"A3E1DDC2-2B85-4D44-AEB2-6D2D9227D6F5","StepOrder":"3","Threshold":"1.4081"},{"ItemResponseOID":"38BA53F4-CCC1-48AA-84A6-071428DC1B1D","StepOrder":"4","Threshold":"2.2342"}]},{"FormItemOID":"5204A7B5-FB33-4AE8-B548-D3D6A0DB9C61","ID":"EDDEP14","A_GRM":"2.33338","Map":[{"ItemResponseOID":"5C942D9D-9DAD-4A73-9AA7-1E473C56CE85","StepOrder":"1","Threshold":"0.1860"},{"ItemResponseOID":"767F1F33-76E2-48C3-8000-FEF97337417F","StepOrder":"2","Threshold":"0.9473"},{"ItemResponseOID":"E1FC539E-241E-41B5-8A30-227204EBDBDF","StepOrder":"3","Threshold":"1.7288"},{"ItemResponseOID":"E6136C8E-EC91-43C7-8A2A-5368989B977C","StepOrder":"4","Threshold":"2.6326"}]},{"FormItemOID":"6623E507-88ED-4CE5-8329-FE684ADD1A1F","ID":"EDDEP02","A_GRM":"3.02432","Map":[{"ItemResponseOID":"6CD2812D-5EEF-4357-9913-3976496E4461","StepOrder":"1","Threshold":"0.1705"},{"ItemResponseOID":"DC0933D4-E796-455E-B32A-3FC4344BAE37","StepOrder":"2","Threshold":"0.7765"},{"ItemResponseOID":"D38F4370-3DA5-4685-A02D-DEC9F04FA90B","StepOrder":"3","Threshold":"1.7905"},{"ItemResponseOID":"14F8360F-62AC-421C-93B1-280EDEDF093D","StepOrder":"4","Threshold":"2.7724"}]},{"FormItemOID":"70E9C9EB-692E-48C0-AB55-29B98DE0AA32","ID":"EDDEP29","A_GRM":"4.34292","Map":[{"ItemResponseOID":"201CA5B3-D6BD-4EAE-8A9A-43CFC9384971","StepOrder":"1","Threshold":"-0.1173"},{"ItemResponseOID":"518D1101-4830-46F8-930F-57E72A6E80CB","StepOrder":"2","Threshold":"0.5977"},{"ItemResponseOID":"615A69B7-62D4-4711-8DAC-D9BC40BA99C1","StepOrder":"3","Threshold":"1.4282"},{"ItemResponseOID":"85571406-6DF3-42E7-A74C-D76F35B9446A","StepOrder":"4","Threshold":"2.2725"}]},{"FormItemOID":"766CC29E-7821-4A92-A207-BB75C7CA2641","ID":"EDDEP28","A_GRM":"2.58834","Map":[{"ItemResponseOID":"14FEC466-B898-49E1-8715-4507BCBF4843","StepOrder":"1","Threshold":"-0.0791"},{"ItemResponseOID":"8D32F285-EB83-4E5D-8753-0FD523877954","StepOrder":"2","Threshold":"0.6326"},{"ItemResponseOID":"F6046072-7055-49FC-8139-E0D4D5DA4DB6","StepOrder":"3","Threshold":"1.4773"},{"ItemResponseOID":"7CAD225D-749F-49A3-A510-1FBECB91CE3C","StepOrder":"4","Threshold":"2.3277"}]},{"FormItemOID":"773A8368-1944-4C02-9CC4-A03D62B0B31D","ID":"EDDEP07","A_GRM":"2.80180","Map":[{"ItemResponseOID":"C98F31D8-C3C2-4966-B034-F4D4A95E1AE6","StepOrder":"1","Threshold":"0.1477"},{"ItemResponseOID":"DDC10782-CF9B-4503-88C7-FD71474158D1","StepOrder":"2","Threshold":"0.7723"},{"ItemResponseOID":"C2EFC401-95FF-4AD6-AAA5-947B36417954","StepOrder":"3","Threshold":"1.6027"},{"ItemResponseOID":"18C775DC-4C7C-4235-8570-E1089208FDD3","StepOrder":"4","Threshold":"2.5381"}]},{"FormItemOID":"776096C4-A2FC-4A5D-AE4B-2CBA617E779A","ID":"EDDEP36","A_GRM":"3.48301","Map":[{"ItemResponseOID":"C06ADDA0-7903-4FE4-8DD7-953810922076","StepOrder":"1","Threshold":"-0.5359"},{"ItemResponseOID":"0A2077AE-C8ED-4B7B-8CB0-CDE5D802B178","StepOrder":"2","Threshold":"0.3476"},{"ItemResponseOID":"6327F636-1D02-478E-8B23-5D4913C7FE02","StepOrder":"3","Threshold":"1.3468"},{"ItemResponseOID":"479C9F9F-DD7A-4807-802E-ABDAE9E8DACE","StepOrder":"4","Threshold":"2.3548"}]},{"FormItemOID":"8378E066-C4CC-40DA-A88D-B69127450EF7","ID":"EDDEP17","A_GRM":"3.27403","Map":[{"ItemResponseOID":"D5E1F2A0-B367-4961-9FF4-7D6D16572E24","StepOrder":"1","Threshold":"-0.4985"},{"ItemResponseOID":"BEEB1673-64C9-4A02-89CD-7F2BC8BD048D","StepOrder":"2","Threshold":"0.4059"},{"ItemResponseOID":"067990A5-5F7F-4491-AB4E-B9143470C98C","StepOrder":"3","Threshold":"1.4131"},{"ItemResponseOID":"F8CE6C53-0BB5-4AB8-B1B9-5BEACD04313B","StepOrder":"4","Threshold":"2.3755"}]},{"FormItemOID":"86B90042-F655-466E-9EE4-D5410C14B1AD","ID":"EDDEP26","A_GRM":"3.09337","Map":[{"ItemResponseOID":"368F404A-A029-4AF8-A4BA-B71839DA495D","StepOrder":"1","Threshold":"-0.3576"},{"ItemResponseOID":"95A4074F-8448-4FF5-A290-9E9719994C53","StepOrder":"2","Threshold":"0.4125"},{"ItemResponseOID":"8702D7A1-6685-4175-8B7B-716A44028756","StepOrder":"3","Threshold":"1.4039"},{"ItemResponseOID":"6BE151D1-E73E-488E-9DC9-BB430C0D02DA","StepOrder":"4","Threshold":"2.2240"}]},{"FormItemOID":"88FEE726-FAC8-4A7E-88D5-34AAEAD8C8E1","ID":"EDANG29","A_GRM":"2.29685","Map":[{"ItemResponseOID":"AD79AF7D-F0C3-4F7E-B8F7-DA468525A784","StepOrder":"1","Threshold":"-0.8322"},{"ItemResponseOID":"ED43F031-CD3B-4CA4-96B5-5E0220F89AC4","StepOrder":"2","Threshold":"0.2640"},{"ItemResponseOID":"B5B17139-FC0A-4F51-82DF-D5F5534E309A","StepOrder":"3","Threshold":"1.4385"},{"ItemResponseOID":"07725D25-D0D6-4D16-B872-FC6537AF1D67","StepOrder":"4","Threshold":"2.7399"}]},{"FormItemOID":"8DAEB16D-172E-4738-8F91-13EC99456FD3","ID":"EDDEP23","A_GRM":"2.56443","Map":[{"ItemResponseOID":"AB11BBAE-3F46-4993-9B28-B0676B87D2FB","StepOrder":"1","Threshold":"-0.0384"},{"ItemResponseOID":"1DD71C19-9F6F-41E8-88D9-38BBCDC687D3","StepOrder":"2","Threshold":"0.6927"},{"ItemResponseOID":"036BAF65-4124-4A37-88E4-D95A0913BA97","StepOrder":"3","Threshold":"1.6528"},{"ItemResponseOID":"4F3359FC-E968-490F-83C4-F8FE1B24704A","StepOrder":"4","Threshold":"2.5836"}]},{"FormItemOID":"96E7FE48-E7F6-49A5-81F4-8EAF1534FBF8","ID":"EDDEP35","A_GRM":"3.10586","Map":[{"ItemResponseOID":"5CEF9162-0DE1-4E43-8F11-316EE8065C81","StepOrder":"1","Threshold":"0.0437"},{"ItemResponseOID":"C74E8AD2-324E-4B80-A883-C3318FF924FD","StepOrder":"2","Threshold":"0.7224"},{"ItemResponseOID":"003B8873-6EF6-4BE3-8D3F-6D555F4143F0","StepOrder":"3","Threshold":"1.6388"},{"ItemResponseOID":"BA772160-36BA-478D-AD31-EF092AAB3C49","StepOrder":"4","Threshold":"2.4715"}]},{"FormItemOID":"A9B1C1D3-92D8-435C-9046-D98BF7743028","ID":"EDDEP06","A_GRM":"4.14476","Map":[{"ItemResponseOID":"14CCF4CC-431C-4205-845A-51C1AF0680D5","StepOrder":"1","Threshold":"0.3501"},{"ItemResponseOID":"DF2D59C8-DB2A-427C-8ECC-F2D8DAFDB5E5","StepOrder":"2","Threshold":"0.9153"},{"ItemResponseOID":"934EF995-3C32-49FB-B0AA-3AB487A3DB55","StepOrder":"3","Threshold":"1.6782"},{"ItemResponseOID":"C8F89C0E-044D-4D2B-B360-B32D5051050A","StepOrder":"4","Threshold":"2.4705"}]},{"FormItemOID":"ABBF8687-EE57-48A7-B983-A9616DEC5390","ID":"EDDEP55","A_GRM":"3.22289","Map":[{"ItemResponseOID":"0C7202A9-3037-4359-890D-FB78753A3E45","StepOrder":"1","Threshold":"0.3141"},{"ItemResponseOID":"021F4357-27E4-4F6F-8638-A56A5173F64F","StepOrder":"2","Threshold":"0.8028"},{"ItemResponseOID":"4BB81DE2-5C3E-4CAD-9A5A-0F63542F3FE8","StepOrder":"3","Threshold":"1.5980"},{"ItemResponseOID":"B3DD08A2-8171-4E22-B14A-108C7F4CFCB8","StepOrder":"4","Threshold":"1.9460"}]},{"FormItemOID":"B79CF3E2-72D2-42E3-B3EC-E6F8F2A34A6B","ID":"EDDEP22","A_GRM":"3.97003","Map":[{"ItemResponseOID":"417997E7-68B1-4310-9C6D-C11DC04DAC49","StepOrder":"1","Threshold":"0.2038"},{"ItemResponseOID":"B1792E6B-3E6D-4D68-A9C1-A1C4F9E21C47","StepOrder":"2","Threshold":"0.7955"},{"ItemResponseOID":"4C6957F2-2829-4190-8B10-E6BF4C90A9A0","StepOrder":"3","Threshold":"1.6487"},{"ItemResponseOID":"233E062C-A5AA-4B1B-91DB-DFE3C3A95C8B","StepOrder":"4","Threshold":"2.2955"}]},{"FormItemOID":"C65A63C2-2CD5-4FD4-B11E-B6C2D6DA042D","ID":"EDDEP04","A_GRM":"4.26142","Map":[{"ItemResponseOID":"474236FB-7A13-436A-81FA-9CF4E9AEF169","StepOrder":"1","Threshold":"0.4011"},{"ItemResponseOID":"468BEDBC-3AC7-4DB3-8CDB-3809F9A44F7B","StepOrder":"2","Threshold":"0.9757"},{"ItemResponseOID":"CCC8006D-DEE8-4851-96DF-FE7E49B7B3BF","StepOrder":"3","Threshold":"1.6963"},{"ItemResponseOID":"6EDB7141-D6FC-4FA4-AEBA-42AE25C10C66","StepOrder":"4","Threshold":"2.4441"}]},{"FormItemOID":"CA06F50E-5E87-445A-A72E-929E227A8C37","ID":"EDDEP09","A_GRM":"3.65743","Map":[{"ItemResponseOID":"BEF06DEC-B84A-47C5-834C-C0B353BFAB62","StepOrder":"1","Threshold":"0.3120"},{"ItemResponseOID":"5B55D3FB-FB61-4EEE-B82D-FC36720AF347","StepOrder":"2","Threshold":"0.9818"},{"ItemResponseOID":"0BA673D3-7E94-40BC-BC3C-092570B9054D","StepOrder":"3","Threshold":"1.7821"},{"ItemResponseOID":"CB98FE42-D23B-4415-AD89-4E1616D95662","StepOrder":"4","Threshold":"2.5711"}]},{"FormItemOID":"CB539748-0519-4E0C-A233-7E5B00F0D4DF","ID":"EDDEP27","A_GRM":"2.92006","Map":[{"ItemResponseOID":"FFCCB97E-2A2F-4951-BAE7-E2ABE27D6232","StepOrder":"1","Threshold":"0.2043"},{"ItemResponseOID":"5FAEDCF5-D58A-43AB-9920-E56B225C7773","StepOrder":"2","Threshold":"0.8909"},{"ItemResponseOID":"6EDD6469-B057-4873-80E5-D59817C3F98C","StepOrder":"3","Threshold":"1.6547"},{"ItemResponseOID":"C5EDBBDB-60CC-4926-8733-2AC02A0803E4","StepOrder":"4","Threshold":"2.5284"}]},{"FormItemOID":"CE64708A-9B38-4E19-BB67-C86B2960EF77","ID":"EDDEP05","A_GRM":"3.93174","Map":[{"ItemResponseOID":"BB73C296-B18C-41A9-83E7-A443356F405D","StepOrder":"1","Threshold":"0.3049"},{"ItemResponseOID":"2DB808AD-59E4-4CC3-B794-C513CE9F24C8","StepOrder":"2","Threshold":"0.9131"},{"ItemResponseOID":"801F83EB-646D-4235-B5CD-8EBBC2E6833F","StepOrder":"3","Threshold":"1.5935"},{"ItemResponseOID":"E4005923-C804-4A67-BE57-459F4C3A9123","StepOrder":"4","Threshold":"2.4117"}]},{"FormItemOID":"D050DF63-DF80-4D70-9FF9-13AB30ECB739","ID":"EDDEP41","A_GRM":"4.45416","Map":[{"ItemResponseOID":"BF8035D7-CEB0-4F6F-8A6B-FF395A54A3F2","StepOrder":"1","Threshold":"0.5584"},{"ItemResponseOID":"BB662877-3AFC-4180-8C46-B54B14C3B8BC","StepOrder":"2","Threshold":"1.0742"},{"ItemResponseOID":"D4F51799-ECC2-4651-95D1-68ED72064192","StepOrder":"3","Threshold":"1.7793"},{"ItemResponseOID":"9051DB2B-40A9-4038-ABC6-D7820550A2FE","StepOrder":"4","Threshold":"2.5301"}]},{"FormItemOID":"D5009226-28AC-44EA-BD72-08ABFDFA5300","ID":"EDANG09","A_GRM":"2.20686","Map":[{"ItemResponseOID":"8B8A8F89-CA96-4B19-A603-F003FF7F4558","StepOrder":"1","Threshold":"-0.5881"},{"ItemResponseOID":"55CFE0CB-8AB1-4E6D-9608-3AF9FD1CDEA3","StepOrder":"2","Threshold":"0.4663"},{"ItemResponseOID":"D5EF6AE5-0C5D-4F9D-AA15-DFC55C0F1BFF","StepOrder":"3","Threshold":"1.8098"},{"ItemResponseOID":"F25FE67D-381A-4468-8A3D-BE4EEC016C97","StepOrder":"4","Threshold":"3.0878"}]},{"FormItemOID":"F0B03DE2-9805-4139-AC32-E07DA8C9A56D","ID":"EDDEP39","A_GRM":"3.13121","Map":[{"ItemResponseOID":"EAE6C5CA-02DD-43A8-B42F-DCBABFB94200","StepOrder":"1","Threshold":"0.9180"},{"ItemResponseOID":"1E9319D5-4E5B-44FE-8BA6-3ECE09E20E43","StepOrder":"2","Threshold":"1.4813"},{"ItemResponseOID":"171357A5-D849-4130-B637-8F0477024181","StepOrder":"3","Threshold":"2.1640"},{"ItemResponseOID":"FD6C9C36-87AD-43E0-85F3-E07E7B7013B8","StepOrder":"4","Threshold":"2.8564"}]},{"FormItemOID":"F5D7BEEF-FD97-43AD-8986-E19FEEAFC853","ID":"EDDEP54","A_GRM":"2.68530","Map":[{"ItemResponseOID":"A2E8BB2C-AC0E-4B90-A440-16FCA2EB9EA3","StepOrder":"1","Threshold":"-0.2988"},{"ItemResponseOID":"EFDAA289-66FA-42DC-A9D7-182F58369D53","StepOrder":"2","Threshold":"0.4235"},{"ItemResponseOID":"73B0CB24-CA74-4025-ADEC-7DDF2B74086C","StepOrder":"3","Threshold":"1.3579"},{"ItemResponseOID":"98D4A7C5-7C75-48CB-89B5-A43BA3CB6437","StepOrder":"4","Threshold":"2.3076"}]},{"FormItemOID":"FB02016A-C343-4FEE-9FF2-A3715D719423","ID":"EDDEP38","A_GRM":"2.40525","Map":[{"ItemResponseOID":"C0287C76-1E77-437D-8B7C-604603FA5D41","StepOrder":"1","Threshold":"0.5626"},{"ItemResponseOID":"C63B5056-6D9A-4F78-8893-23C3FC856924","StepOrder":"2","Threshold":"1.0360"},{"ItemResponseOID":"F11C64D9-2A0B-4A34-8D7A-E06F2E34DE12","StepOrder":"3","Threshold":"1.9248"},{"ItemResponseOID":"845A5AE5-F630-4728-90AC-C21A5307187F","StepOrder":"4","Threshold":"2.7188"}]}]}
