{"FormOID":"DF407065-F2B1-4CD1-9EA0-9ED13D50D604","Form":"PROMIS pediatric 8-item short form for mobility","Properties":[{"MinNumItems":"8"},{"MaxNumItems":"8"},{"IRTModel":"0"},{"SelectionMethod":"1"},{"MinTheta":"-4.00"},{"MaxTheta":"4.00"},{"ThetaIncrement":"0.1000"},{"MaxStdErr":"0.30"},{"SelectionGroupSize":"1"},{"LogisticScaling":"1.0000"},{"DistMean":"0.00"},{"DistStdDev":"1.00"},{"FirstItem":""},{"CalibrationSample":"PROMIS Pediatric"},{"SetSelectionMethod":"Instance"}],"Items":[{"FormItemOID":"1DD10183-4FA2-4212-BB30-089CD5F3085E","ID":"5023R1","A_GRM":"2.36161","Map":[{"ItemResponseOID":"B79B6EA7-6B3B-4EE4-AF09-AE78DC8C0854","StepOrder":"0","Threshold":"-2.3493"},{"ItemResponseOID":"6C4DC51B-B710-4539-A596-564F345D4B6E","StepOrder":"1","Threshold":"-1.9722"},{"ItemResponseOID":"8CEE2685-E385-4E63-B6F7-4E5B67E286E2","StepOrder":"2","Threshold":"-1.3321"},{"ItemResponseOID":"D9D9D696-0BEF-49D6-BC24-DF22E7322810","StepOrder":"3","Threshold":"-0.4965"}]},{"FormItemOID":"216AEBBE-E52B-4C5A-B757-6E5149F6405C","ID":"236R1","A_GRM":"1.96391","Map":[{"ItemResponseOID":"80358EB8-7C31-4B26-B5A7-13FB550094D1","StepOrder":"0","Threshold":"-2.8968"},{"ItemResponseOID":"E6FDA751-5C30-4A39-9746-3728945C8948","StepOrder":"1","Threshold":"-2.4054"},{"ItemResponseOID":"56972D2F-5AB2-4D8B-8EC7-D2E4D450C77C","StepOrder":"2","Threshold":"-1.6295"},{"ItemResponseOID":"E9E56A73-B504-477B-90F5-B925B064B75E","StepOrder":"3","Threshold":"-0.4941"}]},{"FormItemOID":"46B81921-00FF-4356-A825-42D8129BAD0C","ID":"3892R1","A_GRM":"3.26629","Map":[{"ItemResponseOID":"ABAE8497-AC2C-496E-AE90-045D80969AC1","StepOrder":"0","Threshold":"-3.1165"},{"ItemResponseOID":"80CABFA5-FD1B-4B3F-9FF9-5258E330B66F","StepOrder":"1","Threshold":"-2.6533"},{"ItemResponseOID":"81CC699C-5447-4418-A88F-8BB7B4275E68","StepOrder":"2","Threshold":"-1.9460"},{"ItemResponseOID":"7C88ADC2-98A8-43A5-8373-A393AC6FD14E","StepOrder":"3","Threshold":"-1.3203"}]},{"FormItemOID":"5342C08E-7BD7-447F-9195-28E0ADD73F00","ID":"2646R1","A_GRM":"2.99577","Map":[{"ItemResponseOID":"1B5943D1-EEF2-4295-B4B4-189085A06ED1","StepOrder":"0","Threshold":"-2.7632"},{"ItemResponseOID":"CF13EC59-1E47-4837-A739-AF21875FF7A7","StepOrder":"1","Threshold":"-2.5526"},{"ItemResponseOID":"E07D3B34-FE8B-4B2B-AE3F-3B782198A373","StepOrder":"2","Threshold":"-1.9278"},{"ItemResponseOID":"271027EB-6452-426F-8CC5-B52E975DA59E","StepOrder":"3","Threshold":"-1.4313"}]},{"FormItemOID":"72C9E01B-05FA-4204-B847-F7EF53E6CA2C","ID":"4185R1","A_GRM":"1.81861","Map":[{"ItemResponseOID":"82171AA6-64F0-4659-A323-1C798A58D484","StepOrder":"0","Threshold":"-3.1796"},{"ItemResponseOID":"C9E2AC4E-4320-4FF1-B57F-667F5C6FDFB7","StepOrder":"1","Threshold":"-2.4913"},{"ItemResponseOID":"D8BF036B-98D6-4A8D-9AD6-30F105125638","StepOrder":"2","Threshold":"-1.9049"},{"ItemResponseOID":"6D4C8BD9-86CF-444D-88FA-5DA5825EBF88","StepOrder":"3","Threshold":"-0.9491"}]},{"FormItemOID":"A4120BE6-6AFC-4F31-A97D-2BAB6BC2AD5F","ID":"2707R2","A_GRM":"1.97407","Map":[{"ItemResponseOID":"5F52BCCE-63C7-46DB-A9D9-20573574C941","StepOrder":"0","Threshold":"-2.7919"},{"ItemResponseOID":"E6FB33F1-FAA6-41B4-BB8D-5759EB66FF0A","StepOrder":"1","Threshold":"-2.3973"},{"ItemResponseOID":"2E7E84CB-7542-479E-BECF-9BCFB13A439F","StepOrder":"2","Threshold":"-1.9598"},{"ItemResponseOID":"C82099D7-78CE-4B02-A391-0E410DEDBAAB","StepOrder":"3","Threshold":"-1.2833"}]},{"FormItemOID":"D8732347-DE16-439B-8189-9E0D92820422","ID":"235R1","A_GRM":"3.10561","Map":[{"ItemResponseOID":"09BB1770-BAB9-4F0D-B686-A73DFD669F90","StepOrder":"0","Threshold":"-1.9157"},{"ItemResponseOID":"EBA6106F-8AC8-4336-97C8-ACAEDF5E1466","StepOrder":"1","Threshold":"-1.7466"},{"ItemResponseOID":"28C580BF-17AA-4C35-828E-E8888524DD4E","StepOrder":"2","Threshold":"-1.1439"},{"ItemResponseOID":"C1EA0146-8CE8-4382-9918-F6A510572BFB","StepOrder":"3","Threshold":"-0.4505"}]},{"FormItemOID":"F27E43F5-203D-469B-B628-E7CBE2CADD8B","ID":"4124R1","A_GRM":"2.61934","Map":[{"ItemResponseOID":"A88DD8D8-3E09-4699-ADB6-12EBD748ECC8","StepOrder":"0","Threshold":"-3.1760"},{"ItemResponseOID":"BCCAF613-BB12-4AEA-8292-EE266FD91E16","StepOrder":"1","Threshold":"-2.5641"},{"ItemResponseOID":"C39495AA-6B5E-46BA-B55F-3596CCF6B084","StepOrder":"2","Threshold":"-2.0180"},{"ItemResponseOID":"3E9BBBC0-7F05-4F08-864B-F915A4CADDDA","StepOrder":"3","Threshold":"-1.0124"}]}]}
