{"FormOID":"E038718E-F556-4D0D-9B00-BD178DE6A2C8","Form":"This is the 16-item PROMIS Wake Disturbance item bank.","Properties":[{"MinNumItems":"4"},{"MaxNumItems":"12"},{"IRTModel":"0"},{"SelectionMethod":"1"},{"MinTheta":"-4.00"},{"MaxTheta":"4.00"},{"ThetaIncrement":"0.1000"},{"MaxStdErr":"0.30"},{"SelectionGroupSize":"1"},{"LogisticScaling":"1.0000"},{"DistMean":"0.00"},{"DistStdDev":"1.00"},{"FirstItem":""},{"CalibrationSample":"PROMIS Sleep Wave 1"},{"SetSelectionMethod":"Instance"}],"Items":[{"FormItemOID":"043DE9B3-1B28-4E40-853B-B99BC1716745","ID":"Sleep4","A_GRM":"1.83030","Map":[{"ItemResponseOID":"D5A0EEB3-064A-4832-9FCC-A31365F65422","StepOrder":"2","Threshold":"-1.6799"},{"ItemResponseOID":"264F87E4-41A8-4880-8093-14A9949C1C2D","StepOrder":"3","Threshold":"-0.1147"},{"ItemResponseOID":"DB00E9DE-B579-46DA-8106-63C5D2EEBA11","StepOrder":"4","Threshold":"1.1723"},{"ItemResponseOID":"82639FF8-09FC-487D-B865-3D55985C85BC","StepOrder":"5","Threshold":"2.1949"}]},{"FormItemOID":"0E3A77D6-693E-434A-8213-FEAA55F3EB7C","ID":"Sleep19","A_GRM":"1.42510","Map":[{"ItemResponseOID":"606B527C-1882-425A-A532-F7E13B7C6922","StepOrder":"1","Threshold":"-0.4401"},{"ItemResponseOID":"25D4A26F-6E28-4631-B2EA-180A4B8897B5","StepOrder":"2","Threshold":"0.6862"},{"ItemResponseOID":"2014F9A0-F97C-4A3A-90DE-ED7CBE35CDA1","StepOrder":"3","Threshold":"1.8761"},{"ItemResponseOID":"A065BAC1-90D4-409B-8D34-C7C7B32519AE","StepOrder":"4","Threshold":"3.1847"}]},{"FormItemOID":"453EC26E-FFA5-40A7-AE12-E9F9C1FA1BBB","ID":"Sleep119","A_GRM":"1.66590","Map":[{"ItemResponseOID":"00387289-51B7-45EA-BC2E-358DD75029A6","StepOrder":"2","Threshold":"-1.5841"},{"ItemResponseOID":"B7C2AC86-76BA-41AC-98B8-663F16083E7D","StepOrder":"3","Threshold":"-0.3866"},{"ItemResponseOID":"0604916D-0FAF-491F-9009-CA26D55F1465","StepOrder":"4","Threshold":"0.5226"},{"ItemResponseOID":"0CB05CE1-6372-48AA-987E-F2D0CE7FB435","StepOrder":"5","Threshold":"1.3856"}]},{"FormItemOID":"4CBE5E9B-34F3-4695-A144-0C685723329F","ID":"Sleep25","A_GRM":"3.75890","Map":[{"ItemResponseOID":"7D0315E6-ECEE-4BAC-B274-0CAB4B041839","StepOrder":"1","Threshold":"-0.0900"},{"ItemResponseOID":"D7A412C9-0253-48BA-9166-CBFE7EAB7C4A","StepOrder":"2","Threshold":"0.8449"},{"ItemResponseOID":"862795F6-DDF9-4E99-9624-23785150D814","StepOrder":"3","Threshold":"1.5251"},{"ItemResponseOID":"45614009-BED5-48D0-9B96-418053680870","StepOrder":"4","Threshold":"2.2529"}]},{"FormItemOID":"60F3E1DD-665E-4E0D-A484-C371F7EFF182","ID":"Sleep124","A_GRM":"1.72000","Map":[{"ItemResponseOID":"12AE8080-B98E-41F7-8F76-F1E2C925780E","StepOrder":"1","Threshold":"-1.2686"},{"ItemResponseOID":"C1FF584A-4543-40D2-A60C-54F0E51DAA5E","StepOrder":"2","Threshold":"0.1173"},{"ItemResponseOID":"FFDB4980-8FF8-456B-94C2-A25EF51BB068","StepOrder":"3","Threshold":"0.8050"},{"ItemResponseOID":"7F99F26B-F10B-453C-B5B8-A5284E7C1D5D","StepOrder":"4","Threshold":"1.6577"}]},{"FormItemOID":"879150D7-8FDF-40B6-8E87-FFBA77A3E536","ID":"Sleep30","A_GRM":"2.91950","Map":[{"ItemResponseOID":"6A9BE63B-74C3-4B4E-BF2D-6714EBCB1189","StepOrder":"1","Threshold":"-0.0340"},{"ItemResponseOID":"02825615-6EE4-4BE9-86AE-DD0A3E209E06","StepOrder":"2","Threshold":"0.8901"},{"ItemResponseOID":"0B0BD168-0EB0-4DBE-A5BB-3B4D5CB8AC65","StepOrder":"3","Threshold":"1.5595"},{"ItemResponseOID":"031E4E67-1BF0-4AFE-89BD-717681B3CD5F","StepOrder":"4","Threshold":"2.3266"}]},{"FormItemOID":"89EA3F20-7022-47F0-BF24-4002C0CE0169","ID":"Sleep7","A_GRM":"2.19720","Map":[{"ItemResponseOID":"1331B3F2-B14D-4F9B-9ED5-3E7DF54F1295","StepOrder":"1","Threshold":"-0.1386"},{"ItemResponseOID":"D6687272-386E-41AE-8F78-880323198B39","StepOrder":"2","Threshold":"0.9320"},{"ItemResponseOID":"0CBC974E-9D86-4AB1-BBDF-BFCE999DE52C","StepOrder":"3","Threshold":"1.7274"},{"ItemResponseOID":"84396B0B-88E3-47B0-A25E-5F454B6764C2","StepOrder":"4","Threshold":"2.5495"}]},{"FormItemOID":"8DBBEAC5-A0F1-4044-9410-BC24BB1D6B97","ID":"Sleep18","A_GRM":"2.67000","Map":[{"ItemResponseOID":"1F9E58D6-6371-4B66-8D6B-63AA648C8017","StepOrder":"1","Threshold":"-1.5406"},{"ItemResponseOID":"EA346507-3BE4-432C-8821-BFB282DBFE4A","StepOrder":"2","Threshold":"0.1764"},{"ItemResponseOID":"55F67345-E07E-4F38-8648-B2D39184E2B4","StepOrder":"3","Threshold":"0.9385"},{"ItemResponseOID":"03BED024-C11F-4A4A-820C-04690EDA5FA1","StepOrder":"4","Threshold":"1.8972"}]},{"FormItemOID":"917EF004-A39F-41B8-B9AA-475375D6F4A2","ID":"Sleep123","A_GRM":"1.17970","Map":[{"ItemResponseOID":"1A8F4C96-1FBE-4ABD-94A4-5AC9CA1DDD1C","StepOrder":"1","Threshold":"-0.1489"},{"ItemResponseOID":"FA7E5AA3-D44B-4736-B63A-18C7141FC5A1","StepOrder":"2","Threshold":"1.0420"},{"ItemResponseOID":"1CB736C7-BCB7-4DAC-A392-83FD3D5080EC","StepOrder":"3","Threshold":"2.0213"},{"ItemResponseOID":"51BE026D-AB6D-45D3-9723-9F2A918F0A6B","StepOrder":"4","Threshold":"2.9929"}]},{"FormItemOID":"B896E724-FAD9-41C3-983C-F9F11F5531FA","ID":"Sleep33","A_GRM":"2.59700","Map":[{"ItemResponseOID":"1F8387D3-6C74-42EC-9D16-CACC6FFFCEC9","StepOrder":"1","Threshold":"0.3609"},{"ItemResponseOID":"EAF115B2-5BB8-4334-BAB0-DAA0C1233FC1","StepOrder":"2","Threshold":"1.2565"},{"ItemResponseOID":"DA290ADE-C9AE-46F5-A4F9-21BE0991B9EC","StepOrder":"3","Threshold":"1.9928"},{"ItemResponseOID":"2FBBE4B4-8866-48C1-98ED-575707E254E9","StepOrder":"4","Threshold":"2.6766"}]},{"FormItemOID":"BA016DEA-73D2-47E9-B548-8007B88138F9","ID":"Sleep27","A_GRM":"4.81820","Map":[{"ItemResponseOID":"CF7BF937-41ED-4DF2-96EF-E66AB6BA4AF1","StepOrder":"1","Threshold":"0.0973"},{"ItemResponseOID":"E66F945D-86EA-420C-92BB-40755C2446CD","StepOrder":"2","Threshold":"1.0174"},{"ItemResponseOID":"23A79647-691E-4B03-BF0C-52B7CC7E2F49","StepOrder":"3","Threshold":"1.6069"},{"ItemResponseOID":"63B1F866-327C-4975-9FA6-F9F37F4068F2","StepOrder":"4","Threshold":"2.2157"}]},{"FormItemOID":"BAFF0834-DDA2-43E0-8A94-DEE55C84F957","ID":"Sleep120","A_GRM":"1.87060","Map":[{"ItemResponseOID":"B15F184D-4083-4C36-8D8B-13D215B550B5","StepOrder":"2","Threshold":"-1.5050"},{"ItemResponseOID":"BB8FD3E3-6538-4DFF-880D-E3454585D15C","StepOrder":"3","Threshold":"-0.4786"},{"ItemResponseOID":"A025229C-4E05-4834-B475-E7A880FAE827","StepOrder":"4","Threshold":"0.3928"},{"ItemResponseOID":"198E4D7E-C81C-44B7-8631-074DEC14AF2A","StepOrder":"5","Threshold":"1.1881"}]},{"FormItemOID":"C882F113-8238-4874-ADF2-22EFAF4A5EBB","ID":"Sleep10","A_GRM":"3.45010","Map":[{"ItemResponseOID":"4F5C975C-712E-4C3F-9C3C-19A55205DF32","StepOrder":"1","Threshold":"0.0969"},{"ItemResponseOID":"F410778B-ECFA-4C41-852B-65A20BBF4A61","StepOrder":"2","Threshold":"0.9731"},{"ItemResponseOID":"343B0A69-988E-4AD6-8A67-74E175749B8B","StepOrder":"3","Threshold":"1.6464"},{"ItemResponseOID":"A990D086-EB05-4567-9F24-7D730BE67A27","StepOrder":"4","Threshold":"2.3752"}]},{"FormItemOID":"D046A336-248A-44FD-B73D-1A38263123C0","ID":"Sleep11","A_GRM":"3.39630","Map":[{"ItemResponseOID":"D4FC4A2E-70B5-42E9-9F5E-988E3C721360","StepOrder":"1","Threshold":"-0.0947"},{"ItemResponseOID":"7A7326D6-194F-4538-B21B-119DD6EEF6C6","StepOrder":"2","Threshold":"0.8757"},{"ItemResponseOID":"DEEAA64D-A93F-4856-80D6-0C605E3117B9","StepOrder":"3","Threshold":"1.5794"},{"ItemResponseOID":"FACFE01D-ABC5-4B94-8AC7-721BD10973F9","StepOrder":"4","Threshold":"2.2811"}]},{"FormItemOID":"E8750FD0-E61D-4EBA-AF62-E899DD8A0BD5","ID":"Sleep6","A_GRM":"2.23950","Map":[{"ItemResponseOID":"1DD7A66D-0E1C-4FE4-B0F7-68BFF13A04B7","StepOrder":"1","Threshold":"-1.2933"},{"ItemResponseOID":"87D1910D-BD8A-4666-8C16-980DEB52B9D3","StepOrder":"2","Threshold":"0.2651"},{"ItemResponseOID":"99DA1DCC-95E7-4D65-99C6-B1C6EB3A8E7D","StepOrder":"3","Threshold":"1.0718"},{"ItemResponseOID":"D236A458-D6DA-466D-8A6D-BA83EC1E3DB3","StepOrder":"4","Threshold":"2.1140"}]},{"FormItemOID":"E8A1F543-073C-4295-B7C6-01B6D8BCB0AD","ID":"Sleep29","A_GRM":"3.65720","Map":[{"ItemResponseOID":"312B8740-B8F6-443D-AE99-3A00C4BDEB60","StepOrder":"1","Threshold":"-0.0501"},{"ItemResponseOID":"0177E3BD-03B6-4F2C-95EE-596917306A04","StepOrder":"2","Threshold":"0.7380"},{"ItemResponseOID":"24E1BBD0-A526-40F8-BC41-489FE7468F6D","StepOrder":"3","Threshold":"1.6530"},{"ItemResponseOID":"F3E6B11F-5130-4A66-BD3F-F2B01B0BAA0A","StepOrder":"4","Threshold":"2.4712"}]}]}
