{"FormOID":"E94D42AE-36C7-4FB6-AEA2-B469EF1DDBDF","Form":"Neuro-QOL SF v1.1- Satisfaction w SRA","Properties":[{"MinNumItems":"8"},{"MaxNumItems":"8"},{"IRTModel":"0"},{"SelectionMethod":"1"},{"MinTheta":"-4.00"},{"MaxTheta":"4.00"},{"ThetaIncrement":"0.1000"},{"MaxStdErr":"0.30"},{"SelectionGroupSize":"1"},{"LogisticScaling":"1.0000"},{"DistMean":"0.00"},{"DistStdDev":"1.00"},{"FirstItem":""},{"CalibrationSample":"Wave 1B"},{"SetSelectionMethod":"Instance"}],"Items":[{"FormItemOID":"2B0DEEE7-71FD-44F4-AA60-B9E770586F93","ID":"NQSAT46","A_GRM":"6.26510","Map":[{"ItemResponseOID":"F26C6C16-163D-406B-8B37-CCC296145DC3","StepOrder":"1","Threshold":"-1.2034"},{"ItemResponseOID":"F4DD227F-63C7-4FE4-805B-DA6736FCFC77","StepOrder":"2","Threshold":"-0.8833"},{"ItemResponseOID":"63C57B3F-96B5-4D12-ACBE-F9C2636E4340","StepOrder":"3","Threshold":"-0.4545"},{"ItemResponseOID":"C1300FF6-8D17-42A6-B915-1DAB25E86B34","StepOrder":"4","Threshold":"-0.0895"}]},{"FormItemOID":"300C0428-C133-47BC-8F79-65468244FCED","ID":"NQSAT11","A_GRM":"4.71696","Map":[{"ItemResponseOID":"60C25009-D147-461B-804A-975C6E3A35C2","StepOrder":"1","Threshold":"-1.4915"},{"ItemResponseOID":"54EC2190-904C-4D7D-8A7B-3DB48F4CCCC6","StepOrder":"2","Threshold":"-1.1183"},{"ItemResponseOID":"A1B02719-0D0E-4AAF-893F-DA0EB656FC26","StepOrder":"3","Threshold":"-0.6988"},{"ItemResponseOID":"EC27DB6F-2FEA-4892-8886-7F586358B961","StepOrder":"4","Threshold":"-0.3722"}]},{"FormItemOID":"42925A5B-E16F-446D-9420-C2D79BF221A5","ID":"NQSAT32","A_GRM":"4.55839","Map":[{"ItemResponseOID":"2D9D1882-8C84-4A8A-9A64-B9A0B9895566","StepOrder":"1","Threshold":"-1.3170"},{"ItemResponseOID":"48C92976-3F91-44FD-BB70-68AD12C12A33","StepOrder":"2","Threshold":"-0.8891"},{"ItemResponseOID":"226E7ACF-EB88-4C1C-A3B2-40E2CB581814","StepOrder":"3","Threshold":"-0.3175"},{"ItemResponseOID":"75BA86EE-D53A-4534-BC16-7EC661BCAF68","StepOrder":"4","Threshold":"0.0922"}]},{"FormItemOID":"87C9EA1B-E403-43B1-900C-AC23ADD227D6","ID":"NQSAT47","A_GRM":"6.43296","Map":[{"ItemResponseOID":"113D177F-B6D9-487D-AC6E-67AB1EC5D8E4","StepOrder":"1","Threshold":"-1.1628"},{"ItemResponseOID":"90C4272F-143F-4F93-8BEA-71929AA2DBA3","StepOrder":"2","Threshold":"-0.8568"},{"ItemResponseOID":"7F02DCAA-0227-42A5-967B-270A9298C4AA","StepOrder":"3","Threshold":"-0.4508"},{"ItemResponseOID":"B39E4536-AF1D-4F03-9C90-1D2FECAA77F6","StepOrder":"4","Threshold":"0.0128"}]},{"FormItemOID":"DD8134DA-FE73-4A61-8AFC-A037A23CFD4D","ID":"NQSAT33","A_GRM":"5.22911","Map":[{"ItemResponseOID":"4A158FC8-4685-40D3-8DAA-80939917F761","StepOrder":"1","Threshold":"-1.0572"},{"ItemResponseOID":"122853A3-67A8-4019-8235-338A4D42F745","StepOrder":"2","Threshold":"-0.7345"},{"ItemResponseOID":"6E17A54B-B4E5-43F5-80E7-762D4B176413","StepOrder":"3","Threshold":"-0.3049"},{"ItemResponseOID":"7B4CE555-A305-42B9-B682-126B8D1B3845","StepOrder":"4","Threshold":"0.1093"}]},{"FormItemOID":"E6FE1ECF-F799-4322-9218-A5C6038527F6","ID":"NQSAT14","A_GRM":"4.78275","Map":[{"ItemResponseOID":"858D5898-6D60-4B2E-9AFF-0DA81DACF618","StepOrder":"1","Threshold":"-1.4742"},{"ItemResponseOID":"95925DFD-4BDC-4011-9ABB-405DF51FBC86","StepOrder":"2","Threshold":"-1.0535"},{"ItemResponseOID":"A3CA5AA2-025A-45AE-AB44-97A5D11E0516","StepOrder":"3","Threshold":"-0.6893"},{"ItemResponseOID":"C5FDCAA2-69C5-444C-AD1A-9D7123620693","StepOrder":"4","Threshold":"-0.2994"}]},{"FormItemOID":"FAABE43D-9923-405B-A8F4-9E07B91AA47D","ID":"NQSAT23","A_GRM":"4.09645","Map":[{"ItemResponseOID":"12B2EF4B-6149-4C98-9EFC-468143F2FC9D","StepOrder":"1","Threshold":"-1.4386"},{"ItemResponseOID":"90796C2A-21E5-46D2-BA25-9D6F045BD3B0","StepOrder":"2","Threshold":"-1.0998"},{"ItemResponseOID":"534116AC-75F4-4F94-9081-23F8CC38E886","StepOrder":"3","Threshold":"-0.7227"},{"ItemResponseOID":"49502710-9D80-4505-B90B-7065802F0F87","StepOrder":"4","Threshold":"-0.3443"}]},{"FormItemOID":"FB409A4E-6A7C-4596-BA22-56955A43AEFF","ID":"NQSAT03","A_GRM":"4.91734","Map":[{"ItemResponseOID":"C18DFF83-2F37-428D-92DA-3F193A770C61","StepOrder":"1","Threshold":"-1.3877"},{"ItemResponseOID":"919F65E0-13E0-4943-AA50-374FA3E9840F","StepOrder":"2","Threshold":"-0.9496"},{"ItemResponseOID":"A45D0D02-9016-4D56-800A-8207C4E16083","StepOrder":"3","Threshold":"-0.6424"},{"ItemResponseOID":"043D4A1C-0EFC-4468-9CFB-AB148FD5AE06","StepOrder":"4","Threshold":"-0.3162"}]}]}
