{"FormOID":"EFB1133D-429E-4C9D-B322-32C614CB3C9D","Form":"Six-item sleep disturbance short form from the PROMIS-43 Profile","Properties":[{"MinNumItems":"6"},{"MaxNumItems":"6"},{"IRTModel":"0"},{"SelectionMethod":"1"},{"MinTheta":"-4.00"},{"MaxTheta":"4.00"},{"ThetaIncrement":"0.1000"},{"MaxStdErr":"0.30"},{"SelectionGroupSize":"1"},{"LogisticScaling":"1.0000"},{"DistMean":"0.00"},{"DistStdDev":"1.00"},{"FirstItem":""},{"CalibrationSample":"PROMIS Sleep Wave 1"},{"SetSelectionMethod":"Instance"}],"Items":[{"FormItemOID":"38DA8398-06E1-4977-9272-860EF5B78B60","ID":"Sleep44","A_GRM":"2.50970","Map":[{"ItemResponseOID":"38B4FCD5-7941-403E-9994-7BBE4C75EC47","StepOrder":"1","Threshold":"-0.4634"},{"ItemResponseOID":"0052F84F-8D7A-4ED8-8B27-4116411C80CF","StepOrder":"2","Threshold":"0.3113"},{"ItemResponseOID":"13101D46-FEEA-4AA2-89A4-575FA526F136","StepOrder":"3","Threshold":"0.9780"},{"ItemResponseOID":"8BB1FCDD-DA0E-4BF8-9F58-4B14268AC323","StepOrder":"4","Threshold":"1.7204"}]},{"FormItemOID":"84E2B579-51EC-477F-BC27-8F1E3E801363","ID":"Sleep108","A_GRM":"2.29600","Map":[{"ItemResponseOID":"D1076179-5EC4-41DC-9428-AFFCEE24E2CA","StepOrder":"1","Threshold":"-0.2885"},{"ItemResponseOID":"149338A3-5AB2-4F8F-8486-58234A17E118","StepOrder":"2","Threshold":"0.6870"},{"ItemResponseOID":"4DCE8901-A913-4B83-9698-B4E7DB99B809","StepOrder":"3","Threshold":"1.4524"},{"ItemResponseOID":"7A8DFC89-B509-46EF-ACBB-3F4824CDE9D0","StepOrder":"4","Threshold":"2.3260"}]},{"FormItemOID":"BE75F5EE-7E37-4009-842B-E8B202D72722","ID":"Sleep116","A_GRM":"2.57680","Map":[{"ItemResponseOID":"1F71EA2F-2ED9-40E5-89E7-A248CD3A6470","StepOrder":"1","Threshold":"-1.3528"},{"ItemResponseOID":"8975D096-5322-4684-AC1B-87FD540E6C35","StepOrder":"2","Threshold":"-0.3400"},{"ItemResponseOID":"8F8A719C-50F3-4B66-A904-BCB57F0471BC","StepOrder":"3","Threshold":"0.4935"},{"ItemResponseOID":"78346C7D-C2B5-4962-AF86-3F3C84AAD7FE","StepOrder":"4","Threshold":"1.2847"}]},{"FormItemOID":"D39F7A3F-4D2B-4315-9F1F-4B06A46393E5","ID":"Sleep72","A_GRM":"2.47430","Map":[{"ItemResponseOID":"962EF282-9E75-4917-B5FB-4BA44661317D","StepOrder":"1","Threshold":"0.0272"},{"ItemResponseOID":"675A900E-A6A9-4227-AD2E-1BE3B91EBE13","StepOrder":"2","Threshold":"0.6644"},{"ItemResponseOID":"8DF9B267-0454-468E-9878-F13D2BFAF875","StepOrder":"3","Threshold":"1.1899"},{"ItemResponseOID":"09EB4D87-4F7E-442F-8A61-1DF18DD53205","StepOrder":"4","Threshold":"1.8778"}]},{"FormItemOID":"DB0696D4-1FA5-407C-9B61-6008CD7BB352","ID":"Sleep109","A_GRM":"3.38500","Map":[{"ItemResponseOID":"F2314898-F675-45AD-AD6E-50431048A3DC","StepOrder":"1","Threshold":"-1.2193"},{"ItemResponseOID":"0A8F398D-4441-4130-8F90-1D1EF2172F2B","StepOrder":"2","Threshold":"-0.0027"},{"ItemResponseOID":"59615EDD-F6F6-496A-9E31-0E418738859D","StepOrder":"3","Threshold":"1.0761"},{"ItemResponseOID":"61F7E873-392F-48DD-8C18-531D68E8778B","StepOrder":"4","Threshold":"1.9020"}]},{"FormItemOID":"FB539A84-C38C-4F7C-BE5C-0925EF5526BB","ID":"Sleep20","A_GRM":"2.79640","Map":[{"ItemResponseOID":"B9CE2BA8-0030-4D0B-9098-C19161811F88","StepOrder":"1","Threshold":"-0.5612"},{"ItemResponseOID":"DF423A03-BCA9-4392-97F9-468A95FB4FBE","StepOrder":"2","Threshold":"0.3267"},{"ItemResponseOID":"3B49745F-6B8E-4E9A-9F84-1123A32FEC33","StepOrder":"3","Threshold":"0.9827"},{"ItemResponseOID":"F53E349B-DD2D-4FB2-B484-969CCCD908BD","StepOrder":"4","Threshold":"1.7406"}]}]}
