{"FormOID":"F625E32A-B26D-4228-BBC2-DD6C2E4EEA6E","Form":"This is the 27-item PROMIS Sleep Disturbance item bank.","Properties":[{"CalibrationSample":"PROMIS Sleep Wave 1"},{"DistMean":"0.00"},{"DistStdDev":"1.00"},{"FirstItem":""},{"IRTModel":"0"},{"LogisticScaling":"1.0000"},{"MaxNumItems":"12"},{"MaxStdErr":"0.30"},{"MaxTheta":"4.00"},{"MinNumItems":"4"},{"MinTheta":"-4.00"},{"SelectionGroupSize":"1"},{"SelectionMethod":"1"},{"SetSelectionMethod":"Instance"},{"ThetaIncrement":"0.1000"}],"Items":[{"FormItemOID":"0A9AE991-8352-4A80-8E51-C4D884BB2D83","ID":"Sleep105","A_GRM":"2.44850","Map":[{"ItemResponseOID":"3FD61F09-0179-45F5-A8B5-9AE4057E8EAC","StepOrder":"2","Threshold":"-1.2024"},{"ItemResponseOID":"864692CB-C9DC-486B-8C60-89E9185D152F","StepOrder":"3","Threshold":"-0.1474"},{"ItemResponseOID":"022C8D70-E37D-4C8E-9120-5BFA662AE141","StepOrder":"4","Threshold":"0.7206"},{"ItemResponseOID":"ECECE35C-6C2B-4967-ACAF-E5CA09FAFE3B","StepOrder":"5","Threshold":"1.5918"}]},{"FormItemOID":"0F8E405E-5B51-41CF-8FA0-327C0BBA1440","ID":"Sleep106","A_GRM":"1.51430","Map":[{"ItemResponseOID":"ACB1A085-05EB-4143-9CAC-55F97FD65B5A","StepOrder":"1","Threshold":"-0.6541"},{"ItemResponseOID":"35FCE841-9C35-42E5-97BE-A6227E5CF9B4","StepOrder":"2","Threshold":"0.4386"},{"ItemResponseOID":"D3356C7C-905E-414A-ABD3-280B23C2C1AA","StepOrder":"3","Threshold":"1.5903"},{"ItemResponseOID":"6FC607D2-7AAA-48F7-98AC-003AC1EE518E","StepOrder":"4","Threshold":"2.6085"}]},{"FormItemOID":"115A3A41-5316-44A4-A1CD-F38F812B15BC","ID":"Sleep69","A_GRM":"1.75420","Map":[{"ItemResponseOID":"53B3D8C5-8E0A-42F4-BC4C-A0B0C3E09E62","StepOrder":"1","Threshold":"-0.5701"},{"ItemResponseOID":"8D21F8FC-87E3-4D66-9EF8-69A5A655F3EF","StepOrder":"2","Threshold":"0.4147"},{"ItemResponseOID":"0ED9EEBD-E6BF-4619-8992-119B03FACB12","StepOrder":"3","Threshold":"1.0382"},{"ItemResponseOID":"401E1F98-4E1D-460D-BE92-B1B732762B80","StepOrder":"4","Threshold":"1.8091"}]},{"FormItemOID":"375B3728-6285-4AC2-824D-A943D1502C88","ID":"Sleep78","A_GRM":"1.98820","Map":[{"ItemResponseOID":"23E8671A-6CD1-439F-8C75-4C910311C3FB","StepOrder":"1","Threshold":"-0.0170"},{"ItemResponseOID":"41CCC6F4-06EF-4057-B6F6-4C385D17BFC4","StepOrder":"2","Threshold":"0.8949"},{"ItemResponseOID":"8C556CE6-EF6E-489B-8354-3DA56792AD9B","StepOrder":"3","Threshold":"1.6080"},{"ItemResponseOID":"F13C64CF-007F-4798-924B-B5BA12CF17AD","StepOrder":"4","Threshold":"2.2248"}]},{"FormItemOID":"38635ED0-5560-46DC-871D-B0DD08BA74F1","ID":"Sleep87","A_GRM":"2.18580","Map":[{"ItemResponseOID":"B9743BD9-1AD4-46A0-A8B3-C52E266E7967","StepOrder":"1","Threshold":"-0.8961"},{"ItemResponseOID":"0D2C0E4A-D378-4AD0-B0F7-A15FE1D243D4","StepOrder":"2","Threshold":"0.0972"},{"ItemResponseOID":"DEE389D7-2207-4196-80F8-324F89CD2D95","StepOrder":"3","Threshold":"0.9951"},{"ItemResponseOID":"3408ECE5-BA9A-489E-894A-0056B425D5D5","StepOrder":"4","Threshold":"1.7785"}]},{"FormItemOID":"468951B6-68F1-4AD4-B56E-6AAFD57E2E94","ID":"Sleep108","A_GRM":"2.29600","Map":[{"ItemResponseOID":"D9CECF2C-B3F2-4FDD-872A-FD326CB0BB5D","StepOrder":"1","Threshold":"-0.2885"},{"ItemResponseOID":"3AE708C4-4F8F-47F2-91C2-4D6B037E77D0","StepOrder":"2","Threshold":"0.6870"},{"ItemResponseOID":"76C6C033-A3C8-4330-8354-F3030CBA69F4","StepOrder":"3","Threshold":"1.4524"},{"ItemResponseOID":"138EE04E-3166-4660-8AD0-55B3EFC5D37D","StepOrder":"4","Threshold":"2.3260"}]},{"FormItemOID":"4912E78D-7D4C-47B9-8BEF-8252D500134C","ID":"Sleep72","A_GRM":"2.47430","Map":[{"ItemResponseOID":"9CE7EB86-5882-4B11-A20A-28F51E07254D","StepOrder":"1","Threshold":"0.0272"},{"ItemResponseOID":"A25D5007-B274-40FA-AE04-6C20FBEE8D8E","StepOrder":"2","Threshold":"0.6644"},{"ItemResponseOID":"411AA2C3-6719-45F4-B97F-F6A8A23EBBB7","StepOrder":"3","Threshold":"1.1899"},{"ItemResponseOID":"0C0A2A61-B8BB-4936-9271-BCF097CB1CC5","StepOrder":"4","Threshold":"1.8778"}]},{"FormItemOID":"49FDC255-FEFF-4E71-A735-0F3434DCC37F","ID":"Sleep71","A_GRM":"1.52370","Map":[{"ItemResponseOID":"86EE7287-B452-43F2-AFE0-DDF5FD7F51D9","StepOrder":"1","Threshold":"-0.1883"},{"ItemResponseOID":"9D25E252-44D8-48FE-A0DF-FF6CB3EB5CCD","StepOrder":"2","Threshold":"0.9510"},{"ItemResponseOID":"618FCC90-4233-4946-A463-019CC692E77C","StepOrder":"3","Threshold":"1.7617"},{"ItemResponseOID":"C81E00A2-B4EA-4E94-9E86-C09BD06AF236","StepOrder":"4","Threshold":"2.7191"}]},{"FormItemOID":"4F4A8FBB-5EAE-4DD3-837C-ED8691657E49","ID":"Sleep45","A_GRM":"2.17820","Map":[{"ItemResponseOID":"9DE430CC-A20C-4D4B-A142-FDE41BFDA049","StepOrder":"1","Threshold":"0.0261"},{"ItemResponseOID":"8B9EA741-4691-45F4-A067-6B8DB7A23865","StepOrder":"2","Threshold":"0.8465"},{"ItemResponseOID":"10BCC177-AA08-4558-B65A-600A3906FCB3","StepOrder":"3","Threshold":"1.5456"},{"ItemResponseOID":"DAE36762-DDEB-4D9F-B7A8-D805F2357D76","StepOrder":"4","Threshold":"2.3769"}]},{"FormItemOID":"50B707DF-4052-4801-B586-532C55C73AA3","ID":"Sleep42","A_GRM":"2.08870","Map":[{"ItemResponseOID":"BC25D699-22B2-4AFC-BC7D-2DA553DBAD81","StepOrder":"2","Threshold":"-1.1022"},{"ItemResponseOID":"3FE45C0D-812D-4FC1-B663-B4F7114C1DC5","StepOrder":"3","Threshold":"0.0507"},{"ItemResponseOID":"BA5CF082-577C-4837-B992-ABCC2FCF701E","StepOrder":"4","Threshold":"0.9392"},{"ItemResponseOID":"5B7C667F-FD8B-46CF-953E-0EAC79F5EB44","StepOrder":"5","Threshold":"1.8382"}]},{"FormItemOID":"5C316E89-629A-46CB-81BF-1F7E637A3940","ID":"Sleep50","A_GRM":"1.18620","Map":[{"ItemResponseOID":"4F0CF773-1048-4476-BBD3-36683DD06AEF","StepOrder":"1","Threshold":"-0.9836"},{"ItemResponseOID":"59CDADCD-86A6-44DD-89D1-0F8B9F38141F","StepOrder":"2","Threshold":"0.3339"},{"ItemResponseOID":"49BEAED2-0268-4F43-A612-7D076E968526","StepOrder":"3","Threshold":"1.7587"},{"ItemResponseOID":"FB5D7D74-EE4C-41F4-8D41-0801E00EC7FA","StepOrder":"4","Threshold":"3.2965"}]},{"FormItemOID":"64037051-55A4-4DB3-8238-B54937BB63DE","ID":"Sleep90","A_GRM":"3.65520","Map":[{"ItemResponseOID":"E6AC8C4B-B58A-4097-BF65-2C71DAD62C2E","StepOrder":"1","Threshold":"-0.6142"},{"ItemResponseOID":"F9400183-5286-42E9-BDE8-C24DB722FBD2","StepOrder":"2","Threshold":"0.1635"},{"ItemResponseOID":"C2C2AFDB-0EA5-4977-A5E0-29A7F6BCDA4C","StepOrder":"3","Threshold":"0.9581"},{"ItemResponseOID":"61446FCB-6491-41F6-8DDB-2655D31916EF","StepOrder":"4","Threshold":"1.6228"}]},{"FormItemOID":"64C03094-3C40-4EC3-BD1D-C6C6F6CFAACC","ID":"Sleep115","A_GRM":"2.77140","Map":[{"ItemResponseOID":"F82999D0-0FCF-4B2A-8DAD-9D46451EE229","StepOrder":"2","Threshold":"-1.2480"},{"ItemResponseOID":"4AF86879-34CF-4504-AABB-5CB09E9A4C81","StepOrder":"3","Threshold":"-0.3351"},{"ItemResponseOID":"60A29594-9A56-4039-B15F-38F46D4E7460","StepOrder":"4","Threshold":"0.4303"},{"ItemResponseOID":"638C8D14-A358-4A87-871C-D5E8B67CE58F","StepOrder":"5","Threshold":"1.0950"}]},{"FormItemOID":"67F6F7F0-D388-4CBF-A4A9-47E1D29F7E2F","ID":"Sleep107","A_GRM":"1.56970","Map":[{"ItemResponseOID":"9CC21B63-33F5-454A-A31C-ABA4135BC7F1","StepOrder":"2","Threshold":"-1.5219"},{"ItemResponseOID":"E8CBD7DB-0C99-41C6-8E0D-B4B0DBD6748C","StepOrder":"3","Threshold":"-0.3506"},{"ItemResponseOID":"7E47CBC0-0D44-4628-B2AD-B6D94316505E","StepOrder":"4","Threshold":"0.6630"},{"ItemResponseOID":"7CA2F5DC-F79F-4679-B57C-B8D54B3560A5","StepOrder":"5","Threshold":"1.9195"}]},{"FormItemOID":"6849DD2D-6A1E-42D1-A1F6-502B402FD6BB","ID":"Sleep70","A_GRM":"1.40300","Map":[{"ItemResponseOID":"4FE84BCF-8C32-4DE2-A2FB-97A60437D837","StepOrder":"1","Threshold":"0.6715"},{"ItemResponseOID":"BBD3DC1E-6F3A-4625-9637-051A9FF2ED7B","StepOrder":"2","Threshold":"1.5563"},{"ItemResponseOID":"F2648D00-D91E-4279-A4C2-B7C2E9B80197","StepOrder":"3","Threshold":"2.2615"},{"ItemResponseOID":"7600EB2F-37FA-4DF2-A89D-5C96F719F201","StepOrder":"4","Threshold":"3.1267"}]},{"FormItemOID":"705B573C-7F75-4FB9-8AEB-2AE3007B992F","ID":"Sleep125","A_GRM":"1.91200","Map":[{"ItemResponseOID":"5AFDA321-3859-4D43-BE70-D264495EC8AF","StepOrder":"1","Threshold":"-0.1422"},{"ItemResponseOID":"9054DE46-1838-451D-B4B1-EA390AD636A0","StepOrder":"2","Threshold":"0.6848"},{"ItemResponseOID":"5915A77A-BD8B-473D-B8B7-3E9A910B32A1","StepOrder":"3","Threshold":"1.3170"},{"ItemResponseOID":"01CB69ED-DF77-43B8-A7B8-1C45467ACFC7","StepOrder":"4","Threshold":"2.0697"}]},{"FormItemOID":"79BEDF97-72F4-4C6C-8A4A-2F35E6327D01","ID":"Sleep116","A_GRM":"2.57680","Map":[{"ItemResponseOID":"7194A572-D571-478D-AAA7-0F023D5611FB","StepOrder":"2","Threshold":"-1.3528"},{"ItemResponseOID":"57C79FA4-21D3-412F-A5C8-676592F92A45","StepOrder":"3","Threshold":"-0.3400"},{"ItemResponseOID":"A07F8892-B16C-4C6D-8592-F220F72E353B","StepOrder":"4","Threshold":"0.4935"},{"ItemResponseOID":"DFD6EA22-C1A4-4978-B816-79728070F235","StepOrder":"5","Threshold":"1.2847"}]},{"FormItemOID":"8847DCFE-D5A4-4252-BFFC-879B93F4615C","ID":"Sleep20","A_GRM":"2.79640","Map":[{"ItemResponseOID":"A0D2C640-011A-468F-AC12-8D5147367D03","StepOrder":"1","Threshold":"-0.5612"},{"ItemResponseOID":"DA80FBA1-C6E2-4D4B-AC3B-DA69DFBE06AE","StepOrder":"2","Threshold":"0.3267"},{"ItemResponseOID":"AB160C5F-17A3-4851-9A92-BC97A3BC24A0","StepOrder":"3","Threshold":"0.9827"},{"ItemResponseOID":"075519B0-B1DE-4F5B-B104-3B1CF9A2B00C","StepOrder":"4","Threshold":"1.7406"}]},{"FormItemOID":"890E8868-BB95-497B-98A9-742167FA9ECA","ID":"Sleep44","A_GRM":"2.50970","Map":[{"ItemResponseOID":"1CDB1674-AA0E-4ACF-9F4A-A0C39F794304","StepOrder":"1","Threshold":"-0.4634"},{"ItemResponseOID":"7A78593E-0D21-45C1-98F8-F6993D90E15A","StepOrder":"2","Threshold":"0.3113"},{"ItemResponseOID":"D1AFABDC-E910-40A1-9BFD-CB90F45910A0","StepOrder":"3","Threshold":"0.9780"},{"ItemResponseOID":"278BA032-543D-4A2A-8590-E223F633FCA9","StepOrder":"4","Threshold":"1.7204"}]},{"FormItemOID":"92ACCE51-314A-4F16-B4EC-E0F5CD8D0C13","ID":"Sleep110","A_GRM":"2.16990","Map":[{"ItemResponseOID":"1174F3C0-EB32-4E22-B322-E13C09689B9E","StepOrder":"2","Threshold":"-1.5596"},{"ItemResponseOID":"583DC752-C7DB-4D29-8873-10B771103100","StepOrder":"3","Threshold":"-0.1623"},{"ItemResponseOID":"FFBC8B3B-5484-4A14-A717-3F144B2A931E","StepOrder":"4","Threshold":"0.7654"},{"ItemResponseOID":"8CB639CE-CD67-4811-B6FF-E13EE4DD0737","StepOrder":"5","Threshold":"1.8068"}]},{"FormItemOID":"9678538F-A4DB-4CE7-B26A-5847CB13D06C","ID":"Sleep68","A_GRM":"1.77090","Map":[{"ItemResponseOID":"1F95E8F1-551A-4A95-8087-DEB16CDE24E9","StepOrder":"1","Threshold":"0.2211"},{"ItemResponseOID":"14005F94-0DFC-4407-97C5-186B7783C68D","StepOrder":"2","Threshold":"1.2143"},{"ItemResponseOID":"DA1BA08D-E0BB-4FFE-89C6-E1FA624674E4","StepOrder":"3","Threshold":"1.9546"},{"ItemResponseOID":"2FAF0A99-9525-428D-91AD-8C0AF69919F0","StepOrder":"4","Threshold":"2.7259"}]},{"FormItemOID":"B25B2B3C-6AD5-4DDC-842E-7AFAEAD9AE52","ID":"Sleep86","A_GRM":"1.85260","Map":[{"ItemResponseOID":"CA2F9BB1-C641-464A-A409-19B4BC5FFC8C","StepOrder":"1","Threshold":"-0.5829"},{"ItemResponseOID":"6C10BEFB-A219-48E7-AA1F-81E6678D0910","StepOrder":"2","Threshold":"0.6593"},{"ItemResponseOID":"C01183B7-B1FB-47B4-AFC5-A09D589EBBC6","StepOrder":"3","Threshold":"1.3700"},{"ItemResponseOID":"C6F94D66-B43F-496C-A2A4-F564E6394E83","StepOrder":"4","Threshold":"2.2987"}]},{"FormItemOID":"B552FB52-8F0F-486E-972A-D5A5BF0E96FD","ID":"Sleep65","A_GRM":"1.64320","Map":[{"ItemResponseOID":"540824CB-FF12-4F46-A97F-D5DD8EF2FC33","StepOrder":"1","Threshold":"0.2117"},{"ItemResponseOID":"36AA50FC-F3FB-49FC-BF2F-13F869D17AE6","StepOrder":"2","Threshold":"1.1306"},{"ItemResponseOID":"7BE8A827-BC82-4F35-8314-6AC53E2A92E9","StepOrder":"3","Threshold":"2.0191"},{"ItemResponseOID":"E0B1C13B-1B94-4202-ACC4-0AF888C43030","StepOrder":"4","Threshold":"2.9589"}]},{"FormItemOID":"B6FFCD7B-C1E3-470D-99BA-97350E851D2D","ID":"Sleep92","A_GRM":"2.16900","Map":[{"ItemResponseOID":"F2D7178C-627E-40E8-B06E-08D857A8400C","StepOrder":"1","Threshold":"-0.5461"},{"ItemResponseOID":"043AA036-0CC9-45B0-9847-D1015A933F52","StepOrder":"2","Threshold":"0.3567"},{"ItemResponseOID":"F0173A8A-1D3B-4213-B1BD-BD6F9298C89B","StepOrder":"3","Threshold":"1.3123"},{"ItemResponseOID":"6FA416EF-AC5B-44A0-BC16-1CCBACAE0F27","StepOrder":"4","Threshold":"2.2370"}]},{"FormItemOID":"D45E9F35-B58C-4581-9F9A-6F6B88132215","ID":"Sleep67","A_GRM":"2.37340","Map":[{"ItemResponseOID":"46852814-554D-4759-90BD-1FBC6A5E140A","StepOrder":"1","Threshold":"0.2796"},{"ItemResponseOID":"19F5DB0B-4642-4B8D-AFDC-814BE5293A09","StepOrder":"2","Threshold":"1.0192"},{"ItemResponseOID":"79ED2EBF-F726-41E3-B27E-4ACE51B51BF5","StepOrder":"3","Threshold":"1.6162"},{"ItemResponseOID":"A06DE2A8-D33C-4524-957D-7F1C71994310","StepOrder":"4","Threshold":"2.3726"}]},{"FormItemOID":"E6ED3E0B-BA87-47AE-AAAD-83AF954B35F4","ID":"Sleep93","A_GRM":"1.97150","Map":[{"ItemResponseOID":"029A1426-A513-441D-B201-874A8D9883EA","StepOrder":"1","Threshold":"0.2182"},{"ItemResponseOID":"9243509E-2929-4744-81C3-DEB2DEBD265D","StepOrder":"2","Threshold":"1.0302"},{"ItemResponseOID":"EB0295CD-8897-4AAA-A1D2-2C15234C62EF","StepOrder":"3","Threshold":"1.6472"},{"ItemResponseOID":"319C8F12-9455-41C8-B8B7-72DC5394C433","StepOrder":"4","Threshold":"2.4726"}]},{"FormItemOID":"F98E0E27-61D6-4607-84FE-3434AAE1B553","ID":"Sleep109","A_GRM":"3.38500","Map":[{"ItemResponseOID":"D3424E8A-588F-4B98-AA3F-1DB8094482F8","StepOrder":"2","Threshold":"-1.2193"},{"ItemResponseOID":"6F293779-1A90-4D3A-B3F2-400EDB291933","StepOrder":"3","Threshold":"-0.0027"},{"ItemResponseOID":"11C34E9B-700C-4ACD-AB4E-1C419C707D93","StepOrder":"4","Threshold":"1.0761"},{"ItemResponseOID":"367C146C-DCE3-40A1-81E6-266006855E7D","StepOrder":"5","Threshold":"1.9020"}]}]}
