{"FormOID":"F67A03AA-3318-48DE-A61D-4A17D4AA2ABC","Form":"PROMIS pediatric item bank for asthma.","Properties":[{"MinNumItems":"5"},{"MaxNumItems":"12"},{"IRTModel":"0"},{"SelectionMethod":"1"},{"MinTheta":"-4.00"},{"MaxTheta":"4.00"},{"ThetaIncrement":"0.1000"},{"MaxStdErr":"0.40"},{"SelectionGroupSize":"1"},{"LogisticScaling":"1.0000"},{"DistMean":"0.00"},{"DistStdDev":"1.00"},{"FirstItem":""},{"CalibrationSample":"Promis Wave 1"},{"SetSelectionMethod":"Parameterized"}],"Items":[{"FormItemOID":"111F36C2-D9D0-4857-AD84-2354BDE2D1F6","ID":"NEW997","A_GRM":"1.95000","Map":[{"ItemResponseOID":"67F891BF-0625-446F-90AF-2582108FB78E","StepOrder":"0","Threshold":"0.6165"},{"ItemResponseOID":"97B9087A-7ECC-4DB4-945D-3B36D51E1E62","StepOrder":"1","Threshold":"1.1687"},{"ItemResponseOID":"D26B4F5D-7AA4-4E3B-B672-7E63421AF03A","StepOrder":"2","Threshold":"1.9081"},{"ItemResponseOID":"8A41E861-4F2D-4A0C-9F0E-0FB1AD69F165","StepOrder":"3","Threshold":"2.7287"}]},{"FormItemOID":"2161C8E4-0EB3-4219-A0F2-CEE7F3B879AD","ID":"1499R1","A_GRM":"2.64375","Map":[{"ItemResponseOID":"7309908E-60CC-4FF9-B9E1-A95BD3DF7444","StepOrder":"0","Threshold":"-0.8654"},{"ItemResponseOID":"BC813E24-A25B-4C9C-99BA-9EC24D003005","StepOrder":"1","Threshold":"-0.2630"},{"ItemResponseOID":"D5CA0810-4CAF-46BA-AA8F-6D347A0BD8B5","StepOrder":"2","Threshold":"0.8579"},{"ItemResponseOID":"A171F3DB-DB57-4452-BC77-BC48AE34B10A","StepOrder":"3","Threshold":"1.5122"}]},{"FormItemOID":"27F32EC1-79CD-480A-92E0-1E1089BE00C2","ID":"7R2","A_GRM":"1.53901","Map":[{"ItemResponseOID":"B1F55ED9-9B23-4032-8E76-EEB12E4CB6E1","StepOrder":"0","Threshold":"-1.2545"},{"ItemResponseOID":"164AF26B-152C-49E5-A634-9689385E8034","StepOrder":"1","Threshold":"-0.4571"},{"ItemResponseOID":"1357830C-3FCA-4112-B58D-B8B0BC100EB7","StepOrder":"2","Threshold":"0.6334"},{"ItemResponseOID":"1688D908-C880-4D65-B79F-9551278EE753","StepOrder":"3","Threshold":"1.4364"}]},{"FormItemOID":"4935603C-63F3-49D1-9641-0F580B872367","ID":"5300R1","A_GRM":"1.88745","Map":[{"ItemResponseOID":"ADAB156F-1853-48FA-B432-F8DED15F50BB","StepOrder":"0","Threshold":"-0.4628"},{"ItemResponseOID":"33C45BEC-E36B-4B74-BC1B-CF473B25EA57","StepOrder":"1","Threshold":"0.1618"},{"ItemResponseOID":"01BD8E29-B68B-4F4D-B480-465DFF6DB19C","StepOrder":"2","Threshold":"1.2196"},{"ItemResponseOID":"72DE56B1-0D8F-4269-B1BB-F69A530739D6","StepOrder":"3","Threshold":"1.9327"}]},{"FormItemOID":"4F6E989B-0A08-4495-96F7-AE8AEC1B83EC","ID":"1496R1","A_GRM":"1.49775","Map":[{"ItemResponseOID":"63FE4130-3FF1-4138-B88E-B7FA397F3486","StepOrder":"0","Threshold":"0.3856"},{"ItemResponseOID":"06791AC9-3CB2-4825-840C-958E2A7A08C7","StepOrder":"1","Threshold":"0.8858"},{"ItemResponseOID":"D2E8FFF9-794A-4AAB-8397-9A5261506DB7","StepOrder":"2","Threshold":"1.9990"},{"ItemResponseOID":"6BC737C3-5CC0-4010-BDB8-93B47A4427BC","StepOrder":"3","Threshold":"2.6465"}]},{"FormItemOID":"61EEA3EB-CB13-4351-B2E3-E8F61A5AD12E","ID":"8R2","A_GRM":"2.14871","Map":[{"ItemResponseOID":"8F5BDC7E-CF43-457F-8A8F-10346365B212","StepOrder":"0","Threshold":"-0.5890"},{"ItemResponseOID":"8AC2EBE1-E807-4C2B-B69F-AAF42A1D41E2","StepOrder":"1","Threshold":"0.0399"},{"ItemResponseOID":"21D519F3-7F0E-4C79-A9D1-1F00E17FD8F5","StepOrder":"2","Threshold":"0.9983"},{"ItemResponseOID":"43BD36CB-FBFE-45FA-8ADF-0849B8ECF216","StepOrder":"3","Threshold":"1.6442"}]},{"FormItemOID":"6F179DA4-16AF-4EC5-9F83-4E193AAB49C9","ID":"5304R1","A_GRM":"1.92607","Map":[{"ItemResponseOID":"FE81768B-B65C-4E98-A145-FC69977621CD","StepOrder":"0","Threshold":"-0.7483"},{"ItemResponseOID":"E627AEC0-7D76-411B-873D-FFA9A4976021","StepOrder":"1","Threshold":"-0.0865"},{"ItemResponseOID":"D8D965A8-5AE8-408A-8AAB-8A57F2844C7C","StepOrder":"2","Threshold":"1.0593"},{"ItemResponseOID":"16A3D6D4-1600-4691-A95F-5E5EF3E16B1E","StepOrder":"3","Threshold":"1.8673"}]},{"FormItemOID":"8C2F0861-6709-4C21-997C-8D244B472CB9","ID":"5301R1","A_GRM":"1.85382","Map":[{"ItemResponseOID":"77803D2A-8609-4B2A-B4FB-3EF24F93E2E4","StepOrder":"0","Threshold":"-0.8945"},{"ItemResponseOID":"3800EF0E-448D-4789-B939-0E1460182A3C","StepOrder":"1","Threshold":"-0.2767"},{"ItemResponseOID":"8452633A-BE6C-4D45-9068-E700C9FD94B8","StepOrder":"2","Threshold":"0.8558"},{"ItemResponseOID":"2DD16F99-F27D-4158-AD1C-E1AA30AC8861","StepOrder":"3","Threshold":"1.5481"}]},{"FormItemOID":"AB25918C-AA19-478E-82FC-6E3DF9890CF3","ID":"11R1","A_GRM":"1.12497","Map":[{"ItemResponseOID":"C014F683-79B9-4E1F-BBF6-17BE16010D55","StepOrder":"0","Threshold":"0.4922"},{"ItemResponseOID":"67477FA9-271C-409D-84B4-AF10FE0ABDE0","StepOrder":"1","Threshold":"1.2552"},{"ItemResponseOID":"5FE4B032-95E5-4FAD-AE71-A156D1CF11BF","StepOrder":"2","Threshold":"2.2563"},{"ItemResponseOID":"04565A68-1343-4B0F-964F-9BE93A677099","StepOrder":"3","Threshold":"3.0888"}]},{"FormItemOID":"BBE35FC8-A2BE-44EC-AB2C-17DB2B6635B1","ID":"1610R1","A_GRM":"2.00072","Map":[{"ItemResponseOID":"709E926E-1DDF-4E30-B8D7-578E3A88266E","StepOrder":"0","Threshold":"-0.4498"},{"ItemResponseOID":"9D163568-56AB-41D7-ABCB-B35C0D8CB6E6","StepOrder":"1","Threshold":"0.0821"},{"ItemResponseOID":"A75FD499-1BA5-43A5-8061-26E97BE638C5","StepOrder":"2","Threshold":"1.1493"},{"ItemResponseOID":"745DD735-E004-4F73-8DBE-4188693DC9E0","StepOrder":"3","Threshold":"1.7787"}]},{"FormItemOID":"BFF8116B-1A46-4E93-B66E-EFFE847B8D19","ID":"1664R1","A_GRM":"2.00017","Map":[{"ItemResponseOID":"F8A26DF4-2B57-4E8A-B799-46004F0893E6","StepOrder":"0","Threshold":"-0.0458"},{"ItemResponseOID":"8BACDEF8-C28A-45BF-B626-8599D2AB6971","StepOrder":"1","Threshold":"0.5024"},{"ItemResponseOID":"8D04FED7-3EED-4DBE-B1DB-8A4109F3EAED","StepOrder":"2","Threshold":"1.3455"},{"ItemResponseOID":"929650C5-883C-4BE3-AC31-9C24D211BE16","StepOrder":"3","Threshold":"1.9459"}]},{"FormItemOID":"C8A5ECBA-8C67-42E0-B9AD-91E5261B0C9B","ID":"2bR2","A_GRM":"1.96172","Map":[{"ItemResponseOID":"5232EA87-8D41-4432-A4F9-0695685D24CF","StepOrder":"0","Threshold":"-0.9783"},{"ItemResponseOID":"8B9D6B95-7E61-49DA-BDAE-5B31A82C6398","StepOrder":"1","Threshold":"-0.3907"},{"ItemResponseOID":"6E229648-73E5-4555-B8D1-CE0C5A042484","StepOrder":"2","Threshold":"0.6970"},{"ItemResponseOID":"58B8F08E-FACE-40E2-8298-9819EB3CD8DE","StepOrder":"3","Threshold":"1.3957"}]},{"FormItemOID":"C8D476B0-F76C-44BA-81AE-5BB2B2547099","ID":"4R1","A_GRM":"1.58299","Map":[{"ItemResponseOID":"4EA9BAAF-482D-4823-9181-CE705CD1FEB7","StepOrder":"0","Threshold":"0.3627"},{"ItemResponseOID":"D12248BD-384D-4DEF-87EA-11F4A53C97B4","StepOrder":"1","Threshold":"0.9404"},{"ItemResponseOID":"E64FA3F6-3D63-4D6A-B999-D642B69C9915","StepOrder":"2","Threshold":"1.9107"},{"ItemResponseOID":"1A995C16-2049-45DC-BC01-0F8DB18BE958","StepOrder":"3","Threshold":"2.7294"}]},{"FormItemOID":"D34FB2AD-D03D-4935-88EE-5611448FA6EE","ID":"5297R1","A_GRM":"1.54964","Map":[{"ItemResponseOID":"20B2DFFE-D05F-41E9-8AF6-CDBCFDAC58A9","StepOrder":"0","Threshold":"-0.1256"},{"ItemResponseOID":"7D438BA8-EFAA-4F6A-845E-75FEB4D6A7ED","StepOrder":"1","Threshold":"0.5329"},{"ItemResponseOID":"C170DC3A-FE43-4647-950B-E7F1F4BF167E","StepOrder":"2","Threshold":"1.8641"},{"ItemResponseOID":"73516B66-CD17-415E-800D-9ABD70C08E44","StepOrder":"3","Threshold":"2.8764"}]},{"FormItemOID":"D673CD57-4C70-4358-8F6E-69CEB70FC256","ID":"5296R1","A_GRM":"1.41054","Map":[{"ItemResponseOID":"5A0D082A-E752-4D16-8812-23330BA39FA2","StepOrder":"0","Threshold":"-0.9557"},{"ItemResponseOID":"53F7D133-8F0D-4F0A-A06F-A87F7ACB0C03","StepOrder":"1","Threshold":"-0.1762"},{"ItemResponseOID":"CE8530BF-4DE3-4B45-9DD5-FC6ABF6F7ACE","StepOrder":"2","Threshold":"1.1242"},{"ItemResponseOID":"EF11250A-3473-4359-8FAD-AD8749AF3986","StepOrder":"3","Threshold":"2.1305"}]},{"FormItemOID":"E08A8685-E882-4B99-8D1D-F9E4D07D33FA","ID":"1498R2","A_GRM":"2.93138","Map":[{"ItemResponseOID":"03C95F62-4179-4C35-AA13-06A55D2D9D6A","StepOrder":"0","Threshold":"-0.8327"},{"ItemResponseOID":"F153EFD0-209D-4B4D-8312-61AB408EAC5B","StepOrder":"1","Threshold":"-0.2954"},{"ItemResponseOID":"2CB5A7FB-BA1C-4358-87D5-0C578D82B3AC","StepOrder":"2","Threshold":"0.8308"},{"ItemResponseOID":"820A87D6-2651-4012-BC6D-DF3F6F186E45","StepOrder":"3","Threshold":"1.4982"}]},{"FormItemOID":"E46B997A-E485-4833-8FF4-E3E65A459225","ID":"3R2","A_GRM":"2.28016","Map":[{"ItemResponseOID":"D481EF0C-29E6-4CBF-A1FC-03F359269622","StepOrder":"0","Threshold":"-0.5660"},{"ItemResponseOID":"AB82F0A5-9DDA-4B93-8A44-237A05CEB619","StepOrder":"1","Threshold":"0.0445"},{"ItemResponseOID":"996A9A64-FD28-448A-A258-3A33F2493B36","StepOrder":"2","Threshold":"1.1029"},{"ItemResponseOID":"52782B75-82D5-4407-AD9C-846533CB3502","StepOrder":"3","Threshold":"1.8733"}]}]}
