{"FormOID":"FEE4576A-D94F-4E85-8DAB-5A3181BB14CB","Form":"PROMIS Social Satisfaction Discretionary Social Activites Bank","Properties":[{"MinNumItems":"4"},{"MaxNumItems":"12"},{"IRTModel":"0"},{"SelectionMethod":"1"},{"MinTheta":"-4.00"},{"MaxTheta":"4.00"},{"ThetaIncrement":"0.1000"},{"MaxStdErr":"0.30"},{"SelectionGroupSize":"1"},{"LogisticScaling":"1.0000"},{"DistMean":"0.00"},{"DistStdDev":"1.00"},{"FirstItem":""},{"CalibrationSample":"Promis Wave 1"},{"SetSelectionMethod":"Parameterized"}],"Items":[{"FormItemOID":"0521DBA1-84D2-45B1-9CA5-DA17DE9F7F5B","ID":"SRPSAT25","A_GRM":"4.08300","Map":[{"ItemResponseOID":"A5A9D3B8-8C2F-4F8E-8EFD-53A01C68847C","StepOrder":"1","Threshold":"-1.1490"},{"ItemResponseOID":"3CDA6F5F-D697-4B92-9C81-8505A088FAB4","StepOrder":"2","Threshold":"-0.5770"},{"ItemResponseOID":"4691876F-C8A3-405E-A6DB-0503620169BD","StepOrder":"3","Threshold":"0.1570"},{"ItemResponseOID":"02D7C997-45C7-4950-9416-B850275B4CB8","StepOrder":"4","Threshold":"0.8990"}]},{"FormItemOID":"0B861616-E6CF-4217-941B-A41D24BBEC91","ID":"SRPSAT34","A_GRM":"3.32500","Map":[{"ItemResponseOID":"EE5DBF1C-672E-4D67-A41B-47E918E2925A","StepOrder":"1","Threshold":"-1.6100"},{"ItemResponseOID":"77CBA5D9-8CA7-46E1-A4CD-FA3D288D4B99","StepOrder":"2","Threshold":"-0.8360"},{"ItemResponseOID":"865C7253-29F8-46E0-A434-2C9D176175F2","StepOrder":"3","Threshold":"-0.1280"},{"ItemResponseOID":"70847B17-4086-4B14-ABFD-C8451B417ECC","StepOrder":"4","Threshold":"0.7610"}]},{"FormItemOID":"11DDF909-DC02-4467-A289-451257F0798A","ID":"SRPSAT20","A_GRM":"3.88800","Map":[{"ItemResponseOID":"FA47C57F-EBDF-4ED9-99E1-D1C0EB381739","StepOrder":"1","Threshold":"-1.4640"},{"ItemResponseOID":"8BE3E0EB-B4C7-490D-9DA1-104C611762FB","StepOrder":"2","Threshold":"-0.7810"},{"ItemResponseOID":"113A8227-D537-4552-922B-6B3D1728D815","StepOrder":"3","Threshold":"-0.0030"},{"ItemResponseOID":"E7D00ED3-483B-4085-BA07-4B16FF11D959","StepOrder":"4","Threshold":"0.7600"}]},{"FormItemOID":"3396055B-38BB-45E8-8D1E-F1275BC44800","ID":"SRPSAT23","A_GRM":"4.35200","Map":[{"ItemResponseOID":"CF047C27-BDD1-440A-B57B-3021D25C0E8F","StepOrder":"1","Threshold":"-1.2320"},{"ItemResponseOID":"ADCF3BF4-0072-426E-8D0E-35E199FBAC45","StepOrder":"2","Threshold":"-0.6490"},{"ItemResponseOID":"DD831428-B9BB-4659-B73F-226F8F95C1FF","StepOrder":"3","Threshold":"0.0020"},{"ItemResponseOID":"0D170595-2EAD-4721-B6FF-04FCD537A34A","StepOrder":"4","Threshold":"0.7240"}]},{"FormItemOID":"61B4784B-289D-4E55-ABEF-72E94770A1F0","ID":"SRPSAT48","A_GRM":"2.70200","Map":[{"ItemResponseOID":"9308834F-851B-479E-A161-9B9092915D1F","StepOrder":"1","Threshold":"-1.5910"},{"ItemResponseOID":"FE8EAC66-D090-4C81-A072-4E1F926FBAE8","StepOrder":"2","Threshold":"-0.8900"},{"ItemResponseOID":"281B4674-293C-418C-9DF7-0B7A9CE624C1","StepOrder":"3","Threshold":"-0.2770"},{"ItemResponseOID":"180BF1CF-DEC0-4B78-A6DC-D2FB642595CD","StepOrder":"4","Threshold":"0.6030"}]},{"FormItemOID":"79572E14-B319-4263-996A-95685D903CCB","ID":"SRPSAT10","A_GRM":"3.74500","Map":[{"ItemResponseOID":"B7EDA240-C700-4D34-81AB-335ABBA39DFF","StepOrder":"1","Threshold":"-1.1340"},{"ItemResponseOID":"5664F86C-82BA-4063-AD6A-B70B5A34F9A1","StepOrder":"2","Threshold":"-0.5580"},{"ItemResponseOID":"17236FC4-086E-4B52-A3D1-611008032173","StepOrder":"3","Threshold":"0.1920"},{"ItemResponseOID":"02F848DE-1A1C-4581-A138-58B9E9165250","StepOrder":"4","Threshold":"0.9160"}]},{"FormItemOID":"8754ED51-8BB1-45FB-AE63-541B46205446","ID":"SRPSAT52","A_GRM":"4.35600","Map":[{"ItemResponseOID":"A38B1A94-7410-49DB-9A3D-46FBB7CC842B","StepOrder":"1","Threshold":"-1.1380"},{"ItemResponseOID":"3944DA91-07EC-49B6-9808-2D9A4FDE0D77","StepOrder":"2","Threshold":"-0.5590"},{"ItemResponseOID":"C3EB1A3A-8656-486C-82E1-C58911DA7F2B","StepOrder":"3","Threshold":"0.0610"},{"ItemResponseOID":"EC0A47B5-8C07-4F1A-B5DB-D33324C72672","StepOrder":"4","Threshold":"0.7250"}]},{"FormItemOID":"A1E626A1-9C6D-489D-9CE2-A663BFC1844C","ID":"SRPSAT37","A_GRM":"3.65500","Map":[{"ItemResponseOID":"69A5478D-B67B-4686-BFB2-F95632AE0F9A","StepOrder":"1","Threshold":"-1.1750"},{"ItemResponseOID":"EFEF9CBE-8E34-4C9F-9ED7-29E45CE11D1E","StepOrder":"2","Threshold":"-0.5360"},{"ItemResponseOID":"831EC302-6262-4608-8161-CC9A3FDA7529","StepOrder":"3","Threshold":"0.3080"},{"ItemResponseOID":"86701CDA-B4F9-4A74-9CC0-F26B445E47FF","StepOrder":"4","Threshold":"0.9670"}]},{"FormItemOID":"AE7AEAA2-804C-4F0B-B018-687969476595","ID":"SRPSAT36","A_GRM":"3.34600","Map":[{"ItemResponseOID":"28BD7793-C3B6-4212-858A-8B13D584635A","StepOrder":"1","Threshold":"-1.4590"},{"ItemResponseOID":"8BA673B1-46CB-4A17-89E6-C0FDF80F469F","StepOrder":"2","Threshold":"-0.7570"},{"ItemResponseOID":"D766EA41-B16E-4C1D-8633-2AD274AEAABD","StepOrder":"3","Threshold":"0.1110"},{"ItemResponseOID":"5F84949F-3752-47EF-8765-4D0222C9F982","StepOrder":"4","Threshold":"0.9080"}]},{"FormItemOID":"C48C1CD4-4AB3-4EEB-9E13-C12FCC312D46","ID":"SRPSAT19","A_GRM":"3.03900","Map":[{"ItemResponseOID":"72F06F9E-FB71-48F8-A8F5-87EE5AC70594","StepOrder":"1","Threshold":"-1.2350"},{"ItemResponseOID":"FE3D273C-ABAB-440C-BA8A-767FC033075E","StepOrder":"2","Threshold":"-0.6260"},{"ItemResponseOID":"36486CE8-7022-4A9A-8E81-F84A8CCCDD56","StepOrder":"3","Threshold":"0.1090"},{"ItemResponseOID":"734F3B8A-9544-4E69-97A2-8E858AF6872A","StepOrder":"4","Threshold":"0.8500"}]},{"FormItemOID":"C7415139-1C2C-4DC4-8ACA-C1042AB76F07","ID":"SRPSAT05","A_GRM":"4.29200","Map":[{"ItemResponseOID":"DA5D746E-1CB0-4D80-9B87-9C19D9FA9D3B","StepOrder":"1","Threshold":"-1.1570"},{"ItemResponseOID":"12115ACC-A718-41DC-9B34-72C9FDE34DB7","StepOrder":"2","Threshold":"-0.5590"},{"ItemResponseOID":"B9466A00-3610-4AB9-8ED4-09985321604F","StepOrder":"3","Threshold":"0.1500"},{"ItemResponseOID":"E90FBE82-4E29-4161-B780-9FB3A96178F7","StepOrder":"4","Threshold":"0.8110"}]},{"FormItemOID":"E636D85E-AF04-40F2-A5C7-D34B5B28B5E1","ID":"SRPSAT33","A_GRM":"4.90000","Map":[{"ItemResponseOID":"6844DEC8-0015-4A1D-8F88-4102AACDE3C9","StepOrder":"1","Threshold":"-1.0720"},{"ItemResponseOID":"960DE131-2049-413C-BBDB-5FAA9C65BE26","StepOrder":"2","Threshold":"-0.5310"},{"ItemResponseOID":"7807E2AA-83AC-47A2-B9E7-6AAE72AB05AD","StepOrder":"3","Threshold":"0.1260"},{"ItemResponseOID":"4EC39AC9-D993-452A-9C90-6B72FE4413A8","StepOrder":"4","Threshold":"0.7230"}]}]}
