{ "sessionContent":
  [
    {
      "order":3,
      "variable":"session1_1",
      "form":"session_1",
      "section":"Smoking Cessation Session #1",
      "type":"radio",
      "label":"<h3>Welcome to Interro.</h3><h4>Ready to answer a few questions?</h4>",
      "choices":"Totally! | No Way!",
      "field":"",
      "validation":"",
      "min":"",
      "max":"",
      "identifier":"",
      "branching_logic":"",
      "required":"y",
      "alignment":"",
      "question_number":"",
      "matrix_group":"",
      "matrix_ranking":""
    },
    {
      "order":4,
      "variable":"session1_2",
      "form":"session_1",
      "section":"",
      "type":"descriptive",
      "label":"<h3>That's great!</h3>",
      "choices":"",
      "field":"",
      "validation":"",
      "min":"",
      "max":"",
      "identifier":"",
      "branching_logic":"[session1_1] = '1'",
      "required":"",
      "alignment":"",
      "question_number":"",
      "matrix_group":"",
      "matrix_ranking":""
    },
    {
      "order":5,
      "variable":"session1_3",
      "form":"session_1",
      "section":"",
      "type":"descriptive",
      "label":"<h4>That stinks!<h4>",
      "choices":"",
      "field":"",
      "validation":"",
      "min":"",
      "max":"",
      "identifier":"",
      "branching_logic":"[session1_1] = '2'",
      "required":"",
      "alignment":"",
      "question_number":"",
      "matrix_group":"",
      "matrix_ranking":""
    },
    {
      "order":7,
      "variable":"session1_reasons",
      "form":"session_1",
      "section":"",
      "type":"",
      "label":"<h3>Bass discussion</h3>[INTEGRATION|INTERRO]",
      "choices":"",
      "field":"",
      "validation":"",
      "min":"",
      "max":"",
      "identifier":"",
      "branching_logic":"",
      "required":"",
      "alignment":"",
      "question_number":"",
      "matrix_group":"",
      "matrix_ranking":""
    }
  ]
}