{

	"headers": {
		"title":"RedCat",
		"description":"Choose a protocol to begin!"
	},
	"instances": [
		{
			"name":"REDCAT Private Demo",
			"description":"Let's take a look at some PROMIS measures.",
			"instructions":"Press Begin to start the assessment",
			"redcat_endpoint":"http://boxwood-ray-119121.appspot.com/api/",
			"redcat_token":"9D6883FA70DECD00B796FC64FED81303"
		}, {
			"name":"REDCAT Private Demo #2",
			"description":"Let's take a look at some non-PROMIS measures.",
			"instructions":"Press Begin to start the assessment",
			"redcat_endpoint":"http://boxwood-ray-119121.appspot.com/api/",
			"redcat_token":"2D40D98EE978E5F6DACDD3A4F9AC6144"
		}
	]
}
