{
    "DateFinished": "",
    "Items": [
        {
            "FormItemOID": "20023145-A4E1-4347-8128-BE19F6E8A739",
            "ID": "EDDEP04",
            "Order": "1",
            "Elements": [
                {
                    "ElementOID": "8AB8BA58-3BB0-40B6-B656-C24F1169069B",
                    "Description": "In the past 7 days",
                    "ElementOrder": "1"
                },
                {
                    "ElementOID": "A045BC31-F983-441A-BAF6-9929BE1D9DCB",
                    "Description": "I felt worthless",
                    "ElementOrder": "2"
                },
                {
                    "ElementOID": "87C8FF40-80E7-4B41-A215-ED92240C0A19",
                    "Description": "ContainerFor87C8FF40-80E7-4B41-A215-ED92240C0A19",
                    "ElementOrder": "3",
                    "Map": [
                        {
                            "ElementOID": "365FA920-DF10-4CB8-BBF9-79DEF04B2CA3",
                            "Description": "Never",
                            "FormItemOID": "20023145-A4E1-4347-8128-BE19F6E8A739",
                            "ItemResponseOID": "A07357E9-4A7D-4292-985A-8ADF2AA6CCA3",
                            "Value": "1",
                            "Position": "1"
                        },
                        {
                            "ElementOID": "D7E2F03F-394D-4440-B3BA-10EA6ABF9C03",
                            "Description": "Rarely",
                            "FormItemOID": "20023145-A4E1-4347-8128-BE19F6E8A739",
                            "ItemResponseOID": "E38D4348-A7CA-4506-847F-F6919DBEF206",
                            "Value": "2",
                            "Position": "2"
                        },
                        {
                            "ElementOID": "4BCCFF45-CBAC-4C29-A160-9A8DBEB4E2A8",
                            "Description": "Sometimes",
                            "FormItemOID": "20023145-A4E1-4347-8128-BE19F6E8A739",
                            "ItemResponseOID": "A8B946F2-5485-4789-9CA3-6BF3EE790752",
                            "Value": "3",
                            "Position": "3"
                        },
                        {
                            "ElementOID": "CF086B68-914F-4900-883F-DE3AE25D8CE9",
                            "Description": "Often",
                            "FormItemOID": "20023145-A4E1-4347-8128-BE19F6E8A739",
                            "ItemResponseOID": "8EE5E4F3-E2C8-4759-A3AC-2CBFE28F60D0",
                            "Value": "4",
                            "Position": "4"
                        },
                        {
                            "ElementOID": "37512B7A-A877-4EC5-B3D7-B49408BCFA83",
                            "Description": "Always",
                            "FormItemOID": "20023145-A4E1-4347-8128-BE19F6E8A739",
                            "ItemResponseOID": "8ED14715-5A33-47FF-AEC2-8DAAEA20571E",
                            "Value": "5",
                            "Position": "5"
                        }
                    ]
                }
            ]
        },
        {
            "FormItemOID": "3E92B09E-ADCE-41A9-910D-94D083EC3370",
            "ID": "EDDEP05",
            "Order": "2",
            "Elements": [
                {
                    "ElementOID": "8AB8BA58-3BB0-40B6-B656-C24F1169069B",
                    "Description": "In the past 7 days",
                    "ElementOrder": "1"
                },
                {
                    "ElementOID": "EA2AC9F9-7C5F-4B01-AD19-56D2F05DDA29",
                    "Description": "I felt that I had nothing to look forward to",
                    "ElementOrder": "2"
                },
                {
                    "ElementOID": "87C8FF40-80E7-4B41-A215-ED92240C0A19",
                    "Description": "ContainerFor87C8FF40-80E7-4B41-A215-ED92240C0A19",
                    "ElementOrder": "3",
                    "Map": [
                        {
                            "ElementOID": "365FA920-DF10-4CB8-BBF9-79DEF04B2CA3",
                            "Description": "Never",
                            "FormItemOID": "3E92B09E-ADCE-41A9-910D-94D083EC3370",
                            "ItemResponseOID": "73F0262A-FAD9-478A-A305-A2A970E2E55E",
                            "Value": "1",
                            "Position": "1"
                        },
                        {
                            "ElementOID": "D7E2F03F-394D-4440-B3BA-10EA6ABF9C03",
                            "Description": "Rarely",
                            "FormItemOID": "3E92B09E-ADCE-41A9-910D-94D083EC3370",
                            "ItemResponseOID": "ED330DB3-41F5-4B29-9623-1036A8DF593A",
                            "Value": "2",
                            "Position": "2"
                        },
                        {
                            "ElementOID": "4BCCFF45-CBAC-4C29-A160-9A8DBEB4E2A8",
                            "Description": "Sometimes",
                            "FormItemOID": "3E92B09E-ADCE-41A9-910D-94D083EC3370",
                            "ItemResponseOID": "0C8AA3DB-8651-487D-80AE-3CD9C1D7878B",
                            "Value": "3",
                            "Position": "3"
                        },
                        {
                            "ElementOID": "CF086B68-914F-4900-883F-DE3AE25D8CE9",
                            "Description": "Often",
                            "FormItemOID": "3E92B09E-ADCE-41A9-910D-94D083EC3370",
                            "ItemResponseOID": "5C1399B5-266B-4736-A420-563C602E4DAE",
                            "Value": "4",
                            "Position": "4"
                        },
                        {
                            "ElementOID": "37512B7A-A877-4EC5-B3D7-B49408BCFA83",
                            "Description": "Always",
                            "FormItemOID": "3E92B09E-ADCE-41A9-910D-94D083EC3370",
                            "ItemResponseOID": "ECDFE284-F242-4E79-9323-689FD4476719",
                            "Value": "5",
                            "Position": "5"
                        }
                    ]
                }
            ]
        },
        {
            "FormItemOID": "4CCE9B01-2906-4081-B697-1AD7BAA891AF",
            "ID": "EDDEP06",
            "Order": "3",
            "Elements": [
                {
                    "ElementOID": "8AB8BA58-3BB0-40B6-B656-C24F1169069B",
                    "Description": "In the past 7 days",
                    "ElementOrder": "1"
                },
                {
                    "ElementOID": "3947F2DE-375E-4AFA-9623-16E65B800E22",
                    "Description": "I felt helpless",
                    "ElementOrder": "2"
                },
                {
                    "ElementOID": "87C8FF40-80E7-4B41-A215-ED92240C0A19",
                    "Description": "ContainerFor87C8FF40-80E7-4B41-A215-ED92240C0A19",
                    "ElementOrder": "3",
                    "Map": [
                        {
                            "ElementOID": "365FA920-DF10-4CB8-BBF9-79DEF04B2CA3",
                            "Description": "Never",
                            "FormItemOID": "4CCE9B01-2906-4081-B697-1AD7BAA891AF",
                            "ItemResponseOID": "81DC1AF0-009C-4F4A-8238-05AC921D400E",
                            "Value": "1",
                            "Position": "1"
                        },
                        {
                            "ElementOID": "D7E2F03F-394D-4440-B3BA-10EA6ABF9C03",
                            "Description": "Rarely",
                            "FormItemOID": "4CCE9B01-2906-4081-B697-1AD7BAA891AF",
                            "ItemResponseOID": "350BE304-7826-4C23-8003-7B801E1497F2",
                            "Value": "2",
                            "Position": "2"
                        },
                        {
                            "ElementOID": "4BCCFF45-CBAC-4C29-A160-9A8DBEB4E2A8",
                            "Description": "Sometimes",
                            "FormItemOID": "4CCE9B01-2906-4081-B697-1AD7BAA891AF",
                            "ItemResponseOID": "34134169-7A2E-4CF9-82F9-EE239497594F",
                            "Value": "3",
                            "Position": "3"
                        },
                        {
                            "ElementOID": "CF086B68-914F-4900-883F-DE3AE25D8CE9",
                            "Description": "Often",
                            "FormItemOID": "4CCE9B01-2906-4081-B697-1AD7BAA891AF",
                            "ItemResponseOID": "3F4D4B43-2028-45A1-A3C2-0C94E0D0DCCE",
                            "Value": "4",
                            "Position": "4"
                        },
                        {
                            "ElementOID": "37512B7A-A877-4EC5-B3D7-B49408BCFA83",
                            "Description": "Always",
                            "FormItemOID": "4CCE9B01-2906-4081-B697-1AD7BAA891AF",
                            "ItemResponseOID": "6F414A1B-6BDD-4297-AA06-8A547D659D6E",
                            "Value": "5",
                            "Position": "5"
                        }
                    ]
                }
            ]
        },
        {
            "FormItemOID": "EF802F4C-E3EF-4DEF-8A38-9C1CF55D9DD2",
            "ID": "EDDEP07",
            "Order": "4",
            "Elements": [
                {
                    "ElementOID": "8AB8BA58-3BB0-40B6-B656-C24F1169069B",
                    "Description": "In the past 7 days",
                    "ElementOrder": "1"
                },
                {
                    "ElementOID": "306C164B-505A-4A4A-AFEB-0BEEBEAE8DCE",
                    "Description": "I withdrew from other people",
                    "ElementOrder": "2"
                },
                {
                    "ElementOID": "87C8FF40-80E7-4B41-A215-ED92240C0A19",
                    "Description": "ContainerFor87C8FF40-80E7-4B41-A215-ED92240C0A19",
                    "ElementOrder": "3",
                    "Map": [
                        {
                            "ElementOID": "365FA920-DF10-4CB8-BBF9-79DEF04B2CA3",
                            "Description": "Never",
                            "FormItemOID": "EF802F4C-E3EF-4DEF-8A38-9C1CF55D9DD2",
                            "ItemResponseOID": "FF0BE340-65E5-499B-9C0B-550740084A87",
                            "Value": "1",
                            "Position": "1"
                        },
                        {
                            "ElementOID": "D7E2F03F-394D-4440-B3BA-10EA6ABF9C03",
                            "Description": "Rarely",
                            "FormItemOID": "EF802F4C-E3EF-4DEF-8A38-9C1CF55D9DD2",
                            "ItemResponseOID": "EFC1711B-EADE-4495-878B-F56F0C2B0ADF",
                            "Value": "2",
                            "Position": "2"
                        },
                        {
                            "ElementOID": "4BCCFF45-CBAC-4C29-A160-9A8DBEB4E2A8",
                            "Description": "Sometimes",
                            "FormItemOID": "EF802F4C-E3EF-4DEF-8A38-9C1CF55D9DD2",
                            "ItemResponseOID": "87854E7B-0D3A-4DE1-B3A1-1A1DAA7AFC42",
                            "Value": "3",
                            "Position": "3"
                        },
                        {
                            "ElementOID": "CF086B68-914F-4900-883F-DE3AE25D8CE9",
                            "Description": "Often",
                            "FormItemOID": "EF802F4C-E3EF-4DEF-8A38-9C1CF55D9DD2",
                            "ItemResponseOID": "35C4F96B-2A9C-4D36-A6D3-3DEA0C1B19DF",
                            "Value": "4",
                            "Position": "4"
                        },
                        {
                            "ElementOID": "37512B7A-A877-4EC5-B3D7-B49408BCFA83",
                            "Description": "Always",
                            "FormItemOID": "EF802F4C-E3EF-4DEF-8A38-9C1CF55D9DD2",
                            "ItemResponseOID": "887E881E-4EC6-44B8-95BE-56D3941B3F6E",
                            "Value": "5",
                            "Position": "5"
                        }
                    ]
                }
            ]
        },
        {
            "FormItemOID": "02187B69-DE67-4023-B391-1F48B26A411B",
            "ID": "EDDEP09",
            "Order": "5",
            "Elements": [
                {
                    "ElementOID": "8AB8BA58-3BB0-40B6-B656-C24F1169069B",
                    "Description": "In the past 7 days",
                    "ElementOrder": "1"
                },
                {
                    "ElementOID": "1C3997F8-39C1-412F-8A71-1AD98857CC75",
                    "Description": "I felt that nothing could cheer me up",
                    "ElementOrder": "2"
                },
                {
                    "ElementOID": "87C8FF40-80E7-4B41-A215-ED92240C0A19",
                    "Description": "ContainerFor87C8FF40-80E7-4B41-A215-ED92240C0A19",
                    "ElementOrder": "3",
                    "Map": [
                        {
                            "ElementOID": "365FA920-DF10-4CB8-BBF9-79DEF04B2CA3",
                            "Description": "Never",
                            "FormItemOID": "02187B69-DE67-4023-B391-1F48B26A411B",
                            "ItemResponseOID": "099C3455-AC94-47FF-953C-20071BF6ACBC",
                            "Value": "1",
                            "Position": "1"
                        },
                        {
                            "ElementOID": "D7E2F03F-394D-4440-B3BA-10EA6ABF9C03",
                            "Description": "Rarely",
                            "FormItemOID": "02187B69-DE67-4023-B391-1F48B26A411B",
                            "ItemResponseOID": "77F93412-97F2-4623-AC6D-5D3CB2A113DF",
                            "Value": "2",
                            "Position": "2"
                        },
                        {
                            "ElementOID": "4BCCFF45-CBAC-4C29-A160-9A8DBEB4E2A8",
                            "Description": "Sometimes",
                            "FormItemOID": "02187B69-DE67-4023-B391-1F48B26A411B",
                            "ItemResponseOID": "BD92EE39-7C21-4329-9F16-309C6EA9690F",
                            "Value": "3",
                            "Position": "3"
                        },
                        {
                            "ElementOID": "CF086B68-914F-4900-883F-DE3AE25D8CE9",
                            "Description": "Often",
                            "FormItemOID": "02187B69-DE67-4023-B391-1F48B26A411B",
                            "ItemResponseOID": "07E98BEE-1C5E-4648-85F1-D06571E85954",
                            "Value": "4",
                            "Position": "4"
                        },
                        {
                            "ElementOID": "37512B7A-A877-4EC5-B3D7-B49408BCFA83",
                            "Description": "Always",
                            "FormItemOID": "02187B69-DE67-4023-B391-1F48B26A411B",
                            "ItemResponseOID": "3EE3FC13-B0B1-4057-B70A-87E42A4CF33E",
                            "Value": "5",
                            "Position": "5"
                        }
                    ]
                }
            ]
        },
        {
            "FormItemOID": "1183F5BA-CA2F-4A44-92FF-413B6065202C",
            "ID": "EDDEP14",
            "Order": "6",
            "Elements": [
                {
                    "ElementOID": "8AB8BA58-3BB0-40B6-B656-C24F1169069B",
                    "Description": "In the past 7 days",
                    "ElementOrder": "1"
                },
                {
                    "ElementOID": "3B7B1ACA-E6E8-4327-A84D-C8697A5682F6",
                    "Description": "I felt that I was not as good as other people",
                    "ElementOrder": "2"
                },
                {
                    "ElementOID": "87C8FF40-80E7-4B41-A215-ED92240C0A19",
                    "Description": "ContainerFor87C8FF40-80E7-4B41-A215-ED92240C0A19",
                    "ElementOrder": "3",
                    "Map": [
                        {
                            "ElementOID": "365FA920-DF10-4CB8-BBF9-79DEF04B2CA3",
                            "Description": "Never",
                            "FormItemOID": "1183F5BA-CA2F-4A44-92FF-413B6065202C",
                            "ItemResponseOID": "41F43173-6DFC-4B4D-AA05-C90FD5E8CED9",
                            "Value": "1",
                            "Position": "1"
                        },
                        {
                            "ElementOID": "D7E2F03F-394D-4440-B3BA-10EA6ABF9C03",
                            "Description": "Rarely",
                            "FormItemOID": "1183F5BA-CA2F-4A44-92FF-413B6065202C",
                            "ItemResponseOID": "D4456411-2F88-4702-B881-8229EEF9413C",
                            "Value": "2",
                            "Position": "2"
                        },
                        {
                            "ElementOID": "4BCCFF45-CBAC-4C29-A160-9A8DBEB4E2A8",
                            "Description": "Sometimes",
                            "FormItemOID": "1183F5BA-CA2F-4A44-92FF-413B6065202C",
                            "ItemResponseOID": "147F1493-8862-49C5-AE06-9920CF27EBA6",
                            "Value": "3",
                            "Position": "3"
                        },
                        {
                            "ElementOID": "CF086B68-914F-4900-883F-DE3AE25D8CE9",
                            "Description": "Often",
                            "FormItemOID": "1183F5BA-CA2F-4A44-92FF-413B6065202C",
                            "ItemResponseOID": "E2F61376-1547-4B3E-AD35-D669D88B5DFC",
                            "Value": "4",
                            "Position": "4"
                        },
                        {
                            "ElementOID": "37512B7A-A877-4EC5-B3D7-B49408BCFA83",
                            "Description": "Always",
                            "FormItemOID": "1183F5BA-CA2F-4A44-92FF-413B6065202C",
                            "ItemResponseOID": "F4DBB5C4-67F4-4629-BD34-35D1D5ABC2B4",
                            "Value": "5",
                            "Position": "5"
                        }
                    ]
                }
            ]
        },
        {
            "FormItemOID": "024FEB2C-697B-4213-B925-A8F1D00B24F9",
            "ID": "EDDEP17",
            "Order": "7",
            "Elements": [
                {
                    "ElementOID": "8AB8BA58-3BB0-40B6-B656-C24F1169069B",
                    "Description": "In the past 7 days",
                    "ElementOrder": "1"
                },
                {
                    "ElementOID": "62D200F7-DA88-41FD-9E6E-C77F12A92A67",
                    "Description": "I felt sad",
                    "ElementOrder": "2"
                },
                {
                    "ElementOID": "87C8FF40-80E7-4B41-A215-ED92240C0A19",
                    "Description": "ContainerFor87C8FF40-80E7-4B41-A215-ED92240C0A19",
                    "ElementOrder": "3",
                    "Map": [
                        {
                            "ElementOID": "365FA920-DF10-4CB8-BBF9-79DEF04B2CA3",
                            "Description": "Never",
                            "FormItemOID": "024FEB2C-697B-4213-B925-A8F1D00B24F9",
                            "ItemResponseOID": "29536102-353E-4FFC-9473-63993D2B4B1C",
                            "Value": "1",
                            "Position": "1"
                        },
                        {
                            "ElementOID": "D7E2F03F-394D-4440-B3BA-10EA6ABF9C03",
                            "Description": "Rarely",
                            "FormItemOID": "024FEB2C-697B-4213-B925-A8F1D00B24F9",
                            "ItemResponseOID": "92375889-C95E-4E32-83F2-7EFAD9458837",
                            "Value": "2",
                            "Position": "2"
                        },
                        {
                            "ElementOID": "4BCCFF45-CBAC-4C29-A160-9A8DBEB4E2A8",
                            "Description": "Sometimes",
                            "FormItemOID": "024FEB2C-697B-4213-B925-A8F1D00B24F9",
                            "ItemResponseOID": "8B0FFCD1-BAC2-4C77-B01C-50801789F9D2",
                            "Value": "3",
                            "Position": "3"
                        },
                        {
                            "ElementOID": "CF086B68-914F-4900-883F-DE3AE25D8CE9",
                            "Description": "Often",
                            "FormItemOID": "024FEB2C-697B-4213-B925-A8F1D00B24F9",
                            "ItemResponseOID": "DEBDEFA6-4E34-4D28-A75F-A70549F456F7",
                            "Value": "4",
                            "Position": "4"
                        },
                        {
                            "ElementOID": "37512B7A-A877-4EC5-B3D7-B49408BCFA83",
                            "Description": "Always",
                            "FormItemOID": "024FEB2C-697B-4213-B925-A8F1D00B24F9",
                            "ItemResponseOID": "20A2F2D7-3A35-49D8-9FD2-DCE91F6419C4",
                            "Value": "5",
                            "Position": "5"
                        }
                    ]
                }
            ]
        },
        {
            "FormItemOID": "71B6D29C-679F-4509-B9CD-290A4339E067",
            "ID": "EDDEP19",
            "Order": "8",
            "Elements": [
                {
                    "ElementOID": "8AB8BA58-3BB0-40B6-B656-C24F1169069B",
                    "Description": "In the past 7 days",
                    "ElementOrder": "1"
                },
                {
                    "ElementOID": "3D1D92FC-A062-4620-87D2-46810374361D",
                    "Description": "I felt that I wanted to give up on everything",
                    "ElementOrder": "2"
                },
                {
                    "ElementOID": "87C8FF40-80E7-4B41-A215-ED92240C0A19",
                    "Description": "ContainerFor87C8FF40-80E7-4B41-A215-ED92240C0A19",
                    "ElementOrder": "3",
                    "Map": [
                        {
                            "ElementOID": "365FA920-DF10-4CB8-BBF9-79DEF04B2CA3",
                            "Description": "Never",
                            "FormItemOID": "71B6D29C-679F-4509-B9CD-290A4339E067",
                            "ItemResponseOID": "FEE5DB41-5066-4A7F-9294-377B2438EB8B",
                            "Value": "1",
                            "Position": "1"
                        },
                        {
                            "ElementOID": "D7E2F03F-394D-4440-B3BA-10EA6ABF9C03",
                            "Description": "Rarely",
                            "FormItemOID": "71B6D29C-679F-4509-B9CD-290A4339E067",
                            "ItemResponseOID": "60F29A9B-5FD1-495B-930F-74BCA4D98746",
                            "Value": "2",
                            "Position": "2"
                        },
                        {
                            "ElementOID": "4BCCFF45-CBAC-4C29-A160-9A8DBEB4E2A8",
                            "Description": "Sometimes",
                            "FormItemOID": "71B6D29C-679F-4509-B9CD-290A4339E067",
                            "ItemResponseOID": "06657B40-3C25-4B0B-8558-5DC5BA27123B",
                            "Value": "3",
                            "Position": "3"
                        },
                        {
                            "ElementOID": "CF086B68-914F-4900-883F-DE3AE25D8CE9",
                            "Description": "Often",
                            "FormItemOID": "71B6D29C-679F-4509-B9CD-290A4339E067",
                            "ItemResponseOID": "2EF26308-32BA-4DFC-8451-FB4CD3EFE636",
                            "Value": "4",
                            "Position": "4"
                        },
                        {
                            "ElementOID": "37512B7A-A877-4EC5-B3D7-B49408BCFA83",
                            "Description": "Always",
                            "FormItemOID": "71B6D29C-679F-4509-B9CD-290A4339E067",
                            "ItemResponseOID": "529DB3BB-6C73-4ECA-A635-78AC5A05C23C",
                            "Value": "5",
                            "Position": "5"
                        }
                    ]
                }
            ]
        },
        {
            "FormItemOID": "AEB3875F-94FD-4056-8678-7BF3978C56C5",
            "ID": "EDDEP21",
            "Order": "9",
            "Elements": [
                {
                    "ElementOID": "8AB8BA58-3BB0-40B6-B656-C24F1169069B",
                    "Description": "In the past 7 days",
                    "ElementOrder": "1"
                },
                {
                    "ElementOID": "17C76231-BB45-40E3-8F2C-8A01498D413E",
                    "Description": "I felt that I was to blame for things",
                    "ElementOrder": "2"
                },
                {
                    "ElementOID": "87C8FF40-80E7-4B41-A215-ED92240C0A19",
                    "Description": "ContainerFor87C8FF40-80E7-4B41-A215-ED92240C0A19",
                    "ElementOrder": "3",
                    "Map": [
                        {
                            "ElementOID": "365FA920-DF10-4CB8-BBF9-79DEF04B2CA3",
                            "Description": "Never",
                            "FormItemOID": "AEB3875F-94FD-4056-8678-7BF3978C56C5",
                            "ItemResponseOID": "B2E3D971-989F-4900-AF4E-A6ACE3AE8790",
                            "Value": "1",
                            "Position": "1"
                        },
                        {
                            "ElementOID": "D7E2F03F-394D-4440-B3BA-10EA6ABF9C03",
                            "Description": "Rarely",
                            "FormItemOID": "AEB3875F-94FD-4056-8678-7BF3978C56C5",
                            "ItemResponseOID": "D3014463-2D83-4BF7-83F5-50EDB332B564",
                            "Value": "2",
                            "Position": "2"
                        },
                        {
                            "ElementOID": "4BCCFF45-CBAC-4C29-A160-9A8DBEB4E2A8",
                            "Description": "Sometimes",
                            "FormItemOID": "AEB3875F-94FD-4056-8678-7BF3978C56C5",
                            "ItemResponseOID": "C319D756-BCE4-4942-84ED-15FDF61F84B7",
                            "Value": "3",
                            "Position": "3"
                        },
                        {
                            "ElementOID": "CF086B68-914F-4900-883F-DE3AE25D8CE9",
                            "Description": "Often",
                            "FormItemOID": "AEB3875F-94FD-4056-8678-7BF3978C56C5",
                            "ItemResponseOID": "D8335B41-D8BE-463B-9CF6-B970726ACADB",
                            "Value": "4",
                            "Position": "4"
                        },
                        {
                            "ElementOID": "37512B7A-A877-4EC5-B3D7-B49408BCFA83",
                            "Description": "Always",
                            "FormItemOID": "AEB3875F-94FD-4056-8678-7BF3978C56C5",
                            "ItemResponseOID": "EFCAA32A-A5EC-458D-BFB1-8F61AF6396FD",
                            "Value": "5",
                            "Position": "5"
                        }
                    ]
                }
            ]
        },
        {
            "FormItemOID": "93968B45-8E1B-47B6-AB23-5E32A6C737FC",
            "ID": "EDDEP22",
            "Order": "10",
            "Elements": [
                {
                    "ElementOID": "8AB8BA58-3BB0-40B6-B656-C24F1169069B",
                    "Description": "In the past 7 days",
                    "ElementOrder": "1"
                },
                {
                    "ElementOID": "625DCAAB-F3A1-46D5-986F-BD8D363B3736",
                    "Description": "I felt like a failure",
                    "ElementOrder": "2"
                },
                {
                    "ElementOID": "87C8FF40-80E7-4B41-A215-ED92240C0A19",
                    "Description": "ContainerFor87C8FF40-80E7-4B41-A215-ED92240C0A19",
                    "ElementOrder": "3",
                    "Map": [
                        {
                            "ElementOID": "365FA920-DF10-4CB8-BBF9-79DEF04B2CA3",
                            "Description": "Never",
                            "FormItemOID": "93968B45-8E1B-47B6-AB23-5E32A6C737FC",
                            "ItemResponseOID": "B2680A4E-8614-429E-8D8C-E0147A9826EB",
                            "Value": "1",
                            "Position": "1"
                        },
                        {
                            "ElementOID": "D7E2F03F-394D-4440-B3BA-10EA6ABF9C03",
                            "Description": "Rarely",
                            "FormItemOID": "93968B45-8E1B-47B6-AB23-5E32A6C737FC",
                            "ItemResponseOID": "258DC9DC-F0FD-4DB2-92C3-9CBF6935AFDF",
                            "Value": "2",
                            "Position": "2"
                        },
                        {
                            "ElementOID": "4BCCFF45-CBAC-4C29-A160-9A8DBEB4E2A8",
                            "Description": "Sometimes",
                            "FormItemOID": "93968B45-8E1B-47B6-AB23-5E32A6C737FC",
                            "ItemResponseOID": "8B0BFC5B-A6B9-4ECE-9059-C7117E3E0918",
                            "Value": "3",
                            "Position": "3"
                        },
                        {
                            "ElementOID": "CF086B68-914F-4900-883F-DE3AE25D8CE9",
                            "Description": "Often",
                            "FormItemOID": "93968B45-8E1B-47B6-AB23-5E32A6C737FC",
                            "ItemResponseOID": "72630BD2-C58E-4095-B678-A36A88881FDA",
                            "Value": "4",
                            "Position": "4"
                        },
                        {
                            "ElementOID": "37512B7A-A877-4EC5-B3D7-B49408BCFA83",
                            "Description": "Always",
                            "FormItemOID": "93968B45-8E1B-47B6-AB23-5E32A6C737FC",
                            "ItemResponseOID": "7F0E0E47-F797-43ED-9983-3F795DA3D99A",
                            "Value": "5",
                            "Position": "5"
                        }
                    ]
                }
            ]
        },
        {
            "FormItemOID": "6AE40ECF-A397-4AAB-934E-802DFE9F8A10",
            "ID": "EDDEP23",
            "Order": "11",
            "Elements": [
                {
                    "ElementOID": "8AB8BA58-3BB0-40B6-B656-C24F1169069B",
                    "Description": "In the past 7 days",
                    "ElementOrder": "1"
                },
                {
                    "ElementOID": "ACF321D5-FB62-41A4-A489-9E9F8636E7BB",
                    "Description": "I had trouble feeling close to people",
                    "ElementOrder": "2"
                },
                {
                    "ElementOID": "87C8FF40-80E7-4B41-A215-ED92240C0A19",
                    "Description": "ContainerFor87C8FF40-80E7-4B41-A215-ED92240C0A19",
                    "ElementOrder": "3",
                    "Map": [
                        {
                            "ElementOID": "365FA920-DF10-4CB8-BBF9-79DEF04B2CA3",
                            "Description": "Never",
                            "FormItemOID": "6AE40ECF-A397-4AAB-934E-802DFE9F8A10",
                            "ItemResponseOID": "D119D268-6CCC-41CF-A956-86C45DDC39F6",
                            "Value": "1",
                            "Position": "1"
                        },
                        {
                            "ElementOID": "D7E2F03F-394D-4440-B3BA-10EA6ABF9C03",
                            "Description": "Rarely",
                            "FormItemOID": "6AE40ECF-A397-4AAB-934E-802DFE9F8A10",
                            "ItemResponseOID": "B1C31ADD-DF3F-4F4D-A09B-A79E69DFA5FE",
                            "Value": "2",
                            "Position": "2"
                        },
                        {
                            "ElementOID": "4BCCFF45-CBAC-4C29-A160-9A8DBEB4E2A8",
                            "Description": "Sometimes",
                            "FormItemOID": "6AE40ECF-A397-4AAB-934E-802DFE9F8A10",
                            "ItemResponseOID": "7173ED78-C6E0-418E-B0E3-19E5BA38594C",
                            "Value": "3",
                            "Position": "3"
                        },
                        {
                            "ElementOID": "CF086B68-914F-4900-883F-DE3AE25D8CE9",
                            "Description": "Often",
                            "FormItemOID": "6AE40ECF-A397-4AAB-934E-802DFE9F8A10",
                            "ItemResponseOID": "0CF3CF7F-C9A8-48FA-9C00-4240ABC975F7",
                            "Value": "4",
                            "Position": "4"
                        },
                        {
                            "ElementOID": "37512B7A-A877-4EC5-B3D7-B49408BCFA83",
                            "Description": "Always",
                            "FormItemOID": "6AE40ECF-A397-4AAB-934E-802DFE9F8A10",
                            "ItemResponseOID": "09F36432-7AC0-4326-9F1B-30F6EAF78837",
                            "Value": "5",
                            "Position": "5"
                        }
                    ]
                }
            ]
        },
        {
            "FormItemOID": "AF764CFD-9C0C-4E15-870B-0554D2B41614",
            "ID": "EDDEP26",
            "Order": "12",
            "Elements": [
                {
                    "ElementOID": "8AB8BA58-3BB0-40B6-B656-C24F1169069B",
                    "Description": "In the past 7 days",
                    "ElementOrder": "1"
                },
                {
                    "ElementOID": "0DAFCE94-92E9-46E1-8BBD-2875327223E1",
                    "Description": "I felt disappointed in myself",
                    "ElementOrder": "2"
                },
                {
                    "ElementOID": "87C8FF40-80E7-4B41-A215-ED92240C0A19",
                    "Description": "ContainerFor87C8FF40-80E7-4B41-A215-ED92240C0A19",
                    "ElementOrder": "3",
                    "Map": [
                        {
                            "ElementOID": "365FA920-DF10-4CB8-BBF9-79DEF04B2CA3",
                            "Description": "Never",
                            "FormItemOID": "AF764CFD-9C0C-4E15-870B-0554D2B41614",
                            "ItemResponseOID": "9F5F1831-DFCD-4482-9CC3-37042751CF88",
                            "Value": "1",
                            "Position": "1"
                        },
                        {
                            "ElementOID": "D7E2F03F-394D-4440-B3BA-10EA6ABF9C03",
                            "Description": "Rarely",
                            "FormItemOID": "AF764CFD-9C0C-4E15-870B-0554D2B41614",
                            "ItemResponseOID": "F00FBE99-E427-4FA2-B177-BC448316AA30",
                            "Value": "2",
                            "Position": "2"
                        },
                        {
                            "ElementOID": "4BCCFF45-CBAC-4C29-A160-9A8DBEB4E2A8",
                            "Description": "Sometimes",
                            "FormItemOID": "AF764CFD-9C0C-4E15-870B-0554D2B41614",
                            "ItemResponseOID": "273A09EB-A204-4828-AC3E-BBC3686BA19E",
                            "Value": "3",
                            "Position": "3"
                        },
                        {
                            "ElementOID": "CF086B68-914F-4900-883F-DE3AE25D8CE9",
                            "Description": "Often",
                            "FormItemOID": "AF764CFD-9C0C-4E15-870B-0554D2B41614",
                            "ItemResponseOID": "4749462A-5FA3-4A57-95B3-0135EDE6EA99",
                            "Value": "4",
                            "Position": "4"
                        },
                        {
                            "ElementOID": "37512B7A-A877-4EC5-B3D7-B49408BCFA83",
                            "Description": "Always",
                            "FormItemOID": "AF764CFD-9C0C-4E15-870B-0554D2B41614",
                            "ItemResponseOID": "9F826509-2B57-4A10-9CC1-BD4B56E5A2AF",
                            "Value": "5",
                            "Position": "5"
                        }
                    ]
                }
            ]
        },
        {
            "FormItemOID": "357FAC8E-B224-492C-A502-B157CD763CF6",
            "ID": "EDDEP27",
            "Order": "13",
            "Elements": [
                {
                    "ElementOID": "8AB8BA58-3BB0-40B6-B656-C24F1169069B",
                    "Description": "In the past 7 days",
                    "ElementOrder": "1"
                },
                {
                    "ElementOID": "39105883-9DF1-4832-87A1-BCE48C335E77",
                    "Description": "I felt that I was not needed",
                    "ElementOrder": "2"
                },
                {
                    "ElementOID": "87C8FF40-80E7-4B41-A215-ED92240C0A19",
                    "Description": "ContainerFor87C8FF40-80E7-4B41-A215-ED92240C0A19",
                    "ElementOrder": "3",
                    "Map": [
                        {
                            "ElementOID": "365FA920-DF10-4CB8-BBF9-79DEF04B2CA3",
                            "Description": "Never",
                            "FormItemOID": "357FAC8E-B224-492C-A502-B157CD763CF6",
                            "ItemResponseOID": "BC30881A-E865-4E95-A020-DCFDA32906A9",
                            "Value": "1",
                            "Position": "1"
                        },
                        {
                            "ElementOID": "D7E2F03F-394D-4440-B3BA-10EA6ABF9C03",
                            "Description": "Rarely",
                            "FormItemOID": "357FAC8E-B224-492C-A502-B157CD763CF6",
                            "ItemResponseOID": "CD65B29A-586F-421E-B10F-D3C5F2998A45",
                            "Value": "2",
                            "Position": "2"
                        },
                        {
                            "ElementOID": "4BCCFF45-CBAC-4C29-A160-9A8DBEB4E2A8",
                            "Description": "Sometimes",
                            "FormItemOID": "357FAC8E-B224-492C-A502-B157CD763CF6",
                            "ItemResponseOID": "B133A375-E230-46D7-A164-0B01A954F8B7",
                            "Value": "3",
                            "Position": "3"
                        },
                        {
                            "ElementOID": "CF086B68-914F-4900-883F-DE3AE25D8CE9",
                            "Description": "Often",
                            "FormItemOID": "357FAC8E-B224-492C-A502-B157CD763CF6",
                            "ItemResponseOID": "A9897684-E6E4-4F3F-A316-65591F1BC0AF",
                            "Value": "4",
                            "Position": "4"
                        },
                        {
                            "ElementOID": "37512B7A-A877-4EC5-B3D7-B49408BCFA83",
                            "Description": "Always",
                            "FormItemOID": "357FAC8E-B224-492C-A502-B157CD763CF6",
                            "ItemResponseOID": "51B89EE2-9B7D-4875-A24C-49249310C685",
                            "Value": "5",
                            "Position": "5"
                        }
                    ]
                }
            ]
        },
        {
            "FormItemOID": "A343103B-63E4-4E5A-BCC4-7DD1BA3C3AC4",
            "ID": "EDDEP28",
            "Order": "14",
            "Elements": [
                {
                    "ElementOID": "8AB8BA58-3BB0-40B6-B656-C24F1169069B",
                    "Description": "In the past 7 days",
                    "ElementOrder": "1"
                },
                {
                    "ElementOID": "C404130C-A74B-4E03-9892-A373644EC83E",
                    "Description": "I felt lonely",
                    "ElementOrder": "2"
                },
                {
                    "ElementOID": "87C8FF40-80E7-4B41-A215-ED92240C0A19",
                    "Description": "ContainerFor87C8FF40-80E7-4B41-A215-ED92240C0A19",
                    "ElementOrder": "3",
                    "Map": [
                        {
                            "ElementOID": "365FA920-DF10-4CB8-BBF9-79DEF04B2CA3",
                            "Description": "Never",
                            "FormItemOID": "A343103B-63E4-4E5A-BCC4-7DD1BA3C3AC4",
                            "ItemResponseOID": "3233EE4E-6877-499A-BA7F-F4EC9E46B1F3",
                            "Value": "1",
                            "Position": "1"
                        },
                        {
                            "ElementOID": "D7E2F03F-394D-4440-B3BA-10EA6ABF9C03",
                            "Description": "Rarely",
                            "FormItemOID": "A343103B-63E4-4E5A-BCC4-7DD1BA3C3AC4",
                            "ItemResponseOID": "DA5E9980-4750-4779-B7C9-07FB2177F6A1",
                            "Value": "2",
                            "Position": "2"
                        },
                        {
                            "ElementOID": "4BCCFF45-CBAC-4C29-A160-9A8DBEB4E2A8",
                            "Description": "Sometimes",
                            "FormItemOID": "A343103B-63E4-4E5A-BCC4-7DD1BA3C3AC4",
                            "ItemResponseOID": "E81AFD05-03BC-4ABC-8EAB-27161AB762F0",
                            "Value": "3",
                            "Position": "3"
                        },
                        {
                            "ElementOID": "CF086B68-914F-4900-883F-DE3AE25D8CE9",
                            "Description": "Often",
                            "FormItemOID": "A343103B-63E4-4E5A-BCC4-7DD1BA3C3AC4",
                            "ItemResponseOID": "2243214F-F661-4039-AD45-F12EE28F2C53",
                            "Value": "4",
                            "Position": "4"
                        },
                        {
                            "ElementOID": "37512B7A-A877-4EC5-B3D7-B49408BCFA83",
                            "Description": "Always",
                            "FormItemOID": "A343103B-63E4-4E5A-BCC4-7DD1BA3C3AC4",
                            "ItemResponseOID": "76088F27-97EF-4C84-BBAD-0AA8E861DCBF",
                            "Value": "5",
                            "Position": "5"
                        }
                    ]
                }
            ]
        },
        {
            "FormItemOID": "DEE2D9CA-0094-492A-AA25-D4D53D426976",
            "ID": "EDDEP29",
            "Order": "15",
            "Elements": [
                {
                    "ElementOID": "8AB8BA58-3BB0-40B6-B656-C24F1169069B",
                    "Description": "In the past 7 days",
                    "ElementOrder": "1"
                },
                {
                    "ElementOID": "C24FEEED-B48C-4BD4-972B-5AB30A5A6353",
                    "Description": "I felt depressed",
                    "ElementOrder": "2"
                },
                {
                    "ElementOID": "87C8FF40-80E7-4B41-A215-ED92240C0A19",
                    "Description": "ContainerFor87C8FF40-80E7-4B41-A215-ED92240C0A19",
                    "ElementOrder": "3",
                    "Map": [
                        {
                            "ElementOID": "365FA920-DF10-4CB8-BBF9-79DEF04B2CA3",
                            "Description": "Never",
                            "FormItemOID": "DEE2D9CA-0094-492A-AA25-D4D53D426976",
                            "ItemResponseOID": "BF2FFE4B-53FA-45B7-8464-58A1E84B49DD",
                            "Value": "1",
                            "Position": "1"
                        },
                        {
                            "ElementOID": "D7E2F03F-394D-4440-B3BA-10EA6ABF9C03",
                            "Description": "Rarely",
                            "FormItemOID": "DEE2D9CA-0094-492A-AA25-D4D53D426976",
                            "ItemResponseOID": "D96D8FBD-C726-4D34-8C3C-2B4377C0438B",
                            "Value": "2",
                            "Position": "2"
                        },
                        {
                            "ElementOID": "4BCCFF45-CBAC-4C29-A160-9A8DBEB4E2A8",
                            "Description": "Sometimes",
                            "FormItemOID": "DEE2D9CA-0094-492A-AA25-D4D53D426976",
                            "ItemResponseOID": "23EC60A7-53E7-4BE2-BCDB-2D70365D0EF7",
                            "Value": "3",
                            "Position": "3"
                        },
                        {
                            "ElementOID": "CF086B68-914F-4900-883F-DE3AE25D8CE9",
                            "Description": "Often",
                            "FormItemOID": "DEE2D9CA-0094-492A-AA25-D4D53D426976",
                            "ItemResponseOID": "67032EB7-497B-4021-91CB-4DBB5C995FED",
                            "Value": "4",
                            "Position": "4"
                        },
                        {
                            "ElementOID": "37512B7A-A877-4EC5-B3D7-B49408BCFA83",
                            "Description": "Always",
                            "FormItemOID": "DEE2D9CA-0094-492A-AA25-D4D53D426976",
                            "ItemResponseOID": "B85C15C3-C28F-4C5D-8869-C09C3254D562",
                            "Value": "5",
                            "Position": "5"
                        }
                    ]
                }
            ]
        },
        {
            "FormItemOID": "72B9318A-8E9C-4C18-AC41-8A9011BE890E",
            "ID": "EDDEP30",
            "Order": "16",
            "Elements": [
                {
                    "ElementOID": "8AB8BA58-3BB0-40B6-B656-C24F1169069B",
                    "Description": "In the past 7 days",
                    "ElementOrder": "1"
                },
                {
                    "ElementOID": "D77489A4-71B2-4702-8EC7-7A154EDCE8B7",
                    "Description": "I had trouble making decisions",
                    "ElementOrder": "2"
                },
                {
                    "ElementOID": "87C8FF40-80E7-4B41-A215-ED92240C0A19",
                    "Description": "ContainerFor87C8FF40-80E7-4B41-A215-ED92240C0A19",
                    "ElementOrder": "3",
                    "Map": [
                        {
                            "ElementOID": "365FA920-DF10-4CB8-BBF9-79DEF04B2CA3",
                            "Description": "Never",
                            "FormItemOID": "72B9318A-8E9C-4C18-AC41-8A9011BE890E",
                            "ItemResponseOID": "B667C92D-8BAB-4565-8F9E-4593B372108C",
                            "Value": "1",
                            "Position": "1"
                        },
                        {
                            "ElementOID": "D7E2F03F-394D-4440-B3BA-10EA6ABF9C03",
                            "Description": "Rarely",
                            "FormItemOID": "72B9318A-8E9C-4C18-AC41-8A9011BE890E",
                            "ItemResponseOID": "4E161999-98AE-4129-A1C5-B22D0A99E721",
                            "Value": "2",
                            "Position": "2"
                        },
                        {
                            "ElementOID": "4BCCFF45-CBAC-4C29-A160-9A8DBEB4E2A8",
                            "Description": "Sometimes",
                            "FormItemOID": "72B9318A-8E9C-4C18-AC41-8A9011BE890E",
                            "ItemResponseOID": "A6E83484-7EB8-45A5-BBE5-7AD69BB3F9EE",
                            "Value": "3",
                            "Position": "3"
                        },
                        {
                            "ElementOID": "CF086B68-914F-4900-883F-DE3AE25D8CE9",
                            "Description": "Often",
                            "FormItemOID": "72B9318A-8E9C-4C18-AC41-8A9011BE890E",
                            "ItemResponseOID": "96511215-35C8-4A47-9BD0-D2E57820BCEB",
                            "Value": "4",
                            "Position": "4"
                        },
                        {
                            "ElementOID": "37512B7A-A877-4EC5-B3D7-B49408BCFA83",
                            "Description": "Always",
                            "FormItemOID": "72B9318A-8E9C-4C18-AC41-8A9011BE890E",
                            "ItemResponseOID": "5E25C0E7-F8C5-4B51-BFCA-DFB10E2226E1",
                            "Value": "5",
                            "Position": "5"
                        }
                    ]
                }
            ]
        },
        {
            "FormItemOID": "69C7CC04-28B1-46F0-8CE1-E58552D1CB22",
            "ID": "EDDEP31",
            "Order": "17",
            "Elements": [
                {
                    "ElementOID": "8AB8BA58-3BB0-40B6-B656-C24F1169069B",
                    "Description": "In the past 7 days",
                    "ElementOrder": "1"
                },
                {
                    "ElementOID": "D62A048A-19C2-4B1C-BFCD-9F5724FEE09A",
                    "Description": "I felt discouraged about the future",
                    "ElementOrder": "2"
                },
                {
                    "ElementOID": "87C8FF40-80E7-4B41-A215-ED92240C0A19",
                    "Description": "ContainerFor87C8FF40-80E7-4B41-A215-ED92240C0A19",
                    "ElementOrder": "3",
                    "Map": [
                        {
                            "ElementOID": "365FA920-DF10-4CB8-BBF9-79DEF04B2CA3",
                            "Description": "Never",
                            "FormItemOID": "69C7CC04-28B1-46F0-8CE1-E58552D1CB22",
                            "ItemResponseOID": "8314ABFC-7595-4E8A-AD48-A6F86CF29BFD",
                            "Value": "1",
                            "Position": "1"
                        },
                        {
                            "ElementOID": "D7E2F03F-394D-4440-B3BA-10EA6ABF9C03",
                            "Description": "Rarely",
                            "FormItemOID": "69C7CC04-28B1-46F0-8CE1-E58552D1CB22",
                            "ItemResponseOID": "03133A75-C4FF-471C-B3EE-A290BFE50E8E",
                            "Value": "2",
                            "Position": "2"
                        },
                        {
                            "ElementOID": "4BCCFF45-CBAC-4C29-A160-9A8DBEB4E2A8",
                            "Description": "Sometimes",
                            "FormItemOID": "69C7CC04-28B1-46F0-8CE1-E58552D1CB22",
                            "ItemResponseOID": "2EB728EC-79C9-4696-AEE2-6EBDB2E1648E",
                            "Value": "3",
                            "Position": "3"
                        },
                        {
                            "ElementOID": "CF086B68-914F-4900-883F-DE3AE25D8CE9",
                            "Description": "Often",
                            "FormItemOID": "69C7CC04-28B1-46F0-8CE1-E58552D1CB22",
                            "ItemResponseOID": "C0D66CEE-C8A2-4F8C-912D-793D38BEE473",
                            "Value": "4",
                            "Position": "4"
                        },
                        {
                            "ElementOID": "37512B7A-A877-4EC5-B3D7-B49408BCFA83",
                            "Description": "Always",
                            "FormItemOID": "69C7CC04-28B1-46F0-8CE1-E58552D1CB22",
                            "ItemResponseOID": "865DABF4-D674-423D-952B-B0C4BC426750",
                            "Value": "5",
                            "Position": "5"
                        }
                    ]
                }
            ]
        },
        {
            "FormItemOID": "0A2712B1-F585-4EEC-93A5-F6406BAA71DF",
            "ID": "EDDEP35",
            "Order": "18",
            "Elements": [
                {
                    "ElementOID": "8AB8BA58-3BB0-40B6-B656-C24F1169069B",
                    "Description": "In the past 7 days",
                    "ElementOrder": "1"
                },
                {
                    "ElementOID": "7C7F8DE4-6D10-467A-BA06-0F0FF4505C71",
                    "Description": "I found that things in my life were overwhelming",
                    "ElementOrder": "2"
                },
                {
                    "ElementOID": "87C8FF40-80E7-4B41-A215-ED92240C0A19",
                    "Description": "ContainerFor87C8FF40-80E7-4B41-A215-ED92240C0A19",
                    "ElementOrder": "3",
                    "Map": [
                        {
                            "ElementOID": "365FA920-DF10-4CB8-BBF9-79DEF04B2CA3",
                            "Description": "Never",
                            "FormItemOID": "0A2712B1-F585-4EEC-93A5-F6406BAA71DF",
                            "ItemResponseOID": "242714D4-073B-4DFA-8A91-85DF33F1E89B",
                            "Value": "1",
                            "Position": "1"
                        },
                        {
                            "ElementOID": "D7E2F03F-394D-4440-B3BA-10EA6ABF9C03",
                            "Description": "Rarely",
                            "FormItemOID": "0A2712B1-F585-4EEC-93A5-F6406BAA71DF",
                            "ItemResponseOID": "4DA6A99D-C575-4F7C-A081-11BBE1FCD273",
                            "Value": "2",
                            "Position": "2"
                        },
                        {
                            "ElementOID": "4BCCFF45-CBAC-4C29-A160-9A8DBEB4E2A8",
                            "Description": "Sometimes",
                            "FormItemOID": "0A2712B1-F585-4EEC-93A5-F6406BAA71DF",
                            "ItemResponseOID": "3D73D196-F52C-485D-848A-6D67C8366A31",
                            "Value": "3",
                            "Position": "3"
                        },
                        {
                            "ElementOID": "CF086B68-914F-4900-883F-DE3AE25D8CE9",
                            "Description": "Often",
                            "FormItemOID": "0A2712B1-F585-4EEC-93A5-F6406BAA71DF",
                            "ItemResponseOID": "CE85F2FB-D67A-4978-B1BB-582F197A566E",
                            "Value": "4",
                            "Position": "4"
                        },
                        {
                            "ElementOID": "37512B7A-A877-4EC5-B3D7-B49408BCFA83",
                            "Description": "Always",
                            "FormItemOID": "0A2712B1-F585-4EEC-93A5-F6406BAA71DF",
                            "ItemResponseOID": "27B66BE7-AD96-41D0-A253-C4D96AE2DAFD",
                            "Value": "5",
                            "Position": "5"
                        }
                    ]
                }
            ]
        },
        {
            "FormItemOID": "F613262A-CA2A-40A6-9657-A7594CA74A2F",
            "ID": "EDDEP36",
            "Order": "19",
            "Elements": [
                {
                    "ElementOID": "8AB8BA58-3BB0-40B6-B656-C24F1169069B",
                    "Description": "In the past 7 days",
                    "ElementOrder": "1"
                },
                {
                    "ElementOID": "8A09E253-F607-45F9-8AEF-A35391887D93",
                    "Description": "I felt unhappy",
                    "ElementOrder": "2"
                },
                {
                    "ElementOID": "87C8FF40-80E7-4B41-A215-ED92240C0A19",
                    "Description": "ContainerFor87C8FF40-80E7-4B41-A215-ED92240C0A19",
                    "ElementOrder": "3",
                    "Map": [
                        {
                            "ElementOID": "365FA920-DF10-4CB8-BBF9-79DEF04B2CA3",
                            "Description": "Never",
                            "FormItemOID": "F613262A-CA2A-40A6-9657-A7594CA74A2F",
                            "ItemResponseOID": "9A100754-FFE6-473A-AA85-7EA7F4EBA936",
                            "Value": "1",
                            "Position": "1"
                        },
                        {
                            "ElementOID": "D7E2F03F-394D-4440-B3BA-10EA6ABF9C03",
                            "Description": "Rarely",
                            "FormItemOID": "F613262A-CA2A-40A6-9657-A7594CA74A2F",
                            "ItemResponseOID": "C104523D-D76A-44A6-9F86-51B684FA7FEA",
                            "Value": "2",
                            "Position": "2"
                        },
                        {
                            "ElementOID": "4BCCFF45-CBAC-4C29-A160-9A8DBEB4E2A8",
                            "Description": "Sometimes",
                            "FormItemOID": "F613262A-CA2A-40A6-9657-A7594CA74A2F",
                            "ItemResponseOID": "B2B6796D-7D4E-4928-929C-3162ADC0FADD",
                            "Value": "3",
                            "Position": "3"
                        },
                        {
                            "ElementOID": "CF086B68-914F-4900-883F-DE3AE25D8CE9",
                            "Description": "Often",
                            "FormItemOID": "F613262A-CA2A-40A6-9657-A7594CA74A2F",
                            "ItemResponseOID": "647FCBB9-AC9D-4E0B-B31E-0FC65B2AD0B3",
                            "Value": "4",
                            "Position": "4"
                        },
                        {
                            "ElementOID": "37512B7A-A877-4EC5-B3D7-B49408BCFA83",
                            "Description": "Always",
                            "FormItemOID": "F613262A-CA2A-40A6-9657-A7594CA74A2F",
                            "ItemResponseOID": "AD832ED8-35A9-4C6F-A6FB-B8A055D00FE9",
                            "Value": "5",
                            "Position": "5"
                        }
                    ]
                }
            ]
        },
        {
            "FormItemOID": "1930C3B4-DBD1-4D23-875C-AE6E463D08A5",
            "ID": "EDDEP39",
            "Order": "20",
            "Elements": [
                {
                    "ElementOID": "8AB8BA58-3BB0-40B6-B656-C24F1169069B",
                    "Description": "In the past 7 days",
                    "ElementOrder": "1"
                },
                {
                    "ElementOID": "3CA7FFD5-F13E-4871-B8D2-6C76C5312EB0",
                    "Description": "I felt I had no reason for living",
                    "ElementOrder": "2"
                },
                {
                    "ElementOID": "87C8FF40-80E7-4B41-A215-ED92240C0A19",
                    "Description": "ContainerFor87C8FF40-80E7-4B41-A215-ED92240C0A19",
                    "ElementOrder": "3",
                    "Map": [
                        {
                            "ElementOID": "365FA920-DF10-4CB8-BBF9-79DEF04B2CA3",
                            "Description": "Never",
                            "FormItemOID": "1930C3B4-DBD1-4D23-875C-AE6E463D08A5",
                            "ItemResponseOID": "AB746F47-B49C-42DF-94C3-3B4EC4517C9C",
                            "Value": "1",
                            "Position": "1"
                        },
                        {
                            "ElementOID": "D7E2F03F-394D-4440-B3BA-10EA6ABF9C03",
                            "Description": "Rarely",
                            "FormItemOID": "1930C3B4-DBD1-4D23-875C-AE6E463D08A5",
                            "ItemResponseOID": "CA9D4342-D6DF-4B55-B2CD-DF40E14F9E1B",
                            "Value": "2",
                            "Position": "2"
                        },
                        {
                            "ElementOID": "4BCCFF45-CBAC-4C29-A160-9A8DBEB4E2A8",
                            "Description": "Sometimes",
                            "FormItemOID": "1930C3B4-DBD1-4D23-875C-AE6E463D08A5",
                            "ItemResponseOID": "3E51F6D5-2F62-4A08-B338-DEBBF5A13D7D",
                            "Value": "3",
                            "Position": "3"
                        },
                        {
                            "ElementOID": "CF086B68-914F-4900-883F-DE3AE25D8CE9",
                            "Description": "Often",
                            "FormItemOID": "1930C3B4-DBD1-4D23-875C-AE6E463D08A5",
                            "ItemResponseOID": "5D4F05A6-C02C-4532-A8BB-9DB778C507E7",
                            "Value": "4",
                            "Position": "4"
                        },
                        {
                            "ElementOID": "37512B7A-A877-4EC5-B3D7-B49408BCFA83",
                            "Description": "Always",
                            "FormItemOID": "1930C3B4-DBD1-4D23-875C-AE6E463D08A5",
                            "ItemResponseOID": "C56AE9A5-A094-4633-AAD0-7A9568AFEEBC",
                            "Value": "5",
                            "Position": "5"
                        }
                    ]
                }
            ]
        },
        {
            "FormItemOID": "F1BBB664-7C68-49EC-AB50-767CDFD947BA",
            "ID": "EDDEP41",
            "Order": "21",
            "Elements": [
                {
                    "ElementOID": "8AB8BA58-3BB0-40B6-B656-C24F1169069B",
                    "Description": "In the past 7 days",
                    "ElementOrder": "1"
                },
                {
                    "ElementOID": "D8D3DC16-AA2B-4B59-B216-EAD42223E476",
                    "Description": "I felt hopeless",
                    "ElementOrder": "2"
                },
                {
                    "ElementOID": "87C8FF40-80E7-4B41-A215-ED92240C0A19",
                    "Description": "ContainerFor87C8FF40-80E7-4B41-A215-ED92240C0A19",
                    "ElementOrder": "3",
                    "Map": [
                        {
                            "ElementOID": "365FA920-DF10-4CB8-BBF9-79DEF04B2CA3",
                            "Description": "Never",
                            "FormItemOID": "F1BBB664-7C68-49EC-AB50-767CDFD947BA",
                            "ItemResponseOID": "CAC523E3-B5BC-4F97-97B8-275ECAD15856",
                            "Value": "1",
                            "Position": "1"
                        },
                        {
                            "ElementOID": "D7E2F03F-394D-4440-B3BA-10EA6ABF9C03",
                            "Description": "Rarely",
                            "FormItemOID": "F1BBB664-7C68-49EC-AB50-767CDFD947BA",
                            "ItemResponseOID": "0B55633D-A218-4A8A-B149-983218FA7E14",
                            "Value": "2",
                            "Position": "2"
                        },
                        {
                            "ElementOID": "4BCCFF45-CBAC-4C29-A160-9A8DBEB4E2A8",
                            "Description": "Sometimes",
                            "FormItemOID": "F1BBB664-7C68-49EC-AB50-767CDFD947BA",
                            "ItemResponseOID": "BB3E3949-94BF-4D49-A3AB-416605DE9AF1",
                            "Value": "3",
                            "Position": "3"
                        },
                        {
                            "ElementOID": "CF086B68-914F-4900-883F-DE3AE25D8CE9",
                            "Description": "Often",
                            "FormItemOID": "F1BBB664-7C68-49EC-AB50-767CDFD947BA",
                            "ItemResponseOID": "A8CE7010-2E45-4DEC-A6BC-5F997CA202CF",
                            "Value": "4",
                            "Position": "4"
                        },
                        {
                            "ElementOID": "37512B7A-A877-4EC5-B3D7-B49408BCFA83",
                            "Description": "Always",
                            "FormItemOID": "F1BBB664-7C68-49EC-AB50-767CDFD947BA",
                            "ItemResponseOID": "F5B508F6-36EF-44FB-80F4-E975B3905A1B",
                            "Value": "5",
                            "Position": "5"
                        }
                    ]
                }
            ]
        },
        {
            "FormItemOID": "12FC21DA-6160-4ADF-9528-0A75A40E6FFA",
            "ID": "EDDEP42",
            "Order": "22",
            "Elements": [
                {
                    "ElementOID": "8AB8BA58-3BB0-40B6-B656-C24F1169069B",
                    "Description": "In the past 7 days",
                    "ElementOrder": "1"
                },
                {
                    "ElementOID": "C0A7E2CA-103B-44AE-BC27-2DD3A04FD658",
                    "Description": "I felt ignored by people",
                    "ElementOrder": "2"
                },
                {
                    "ElementOID": "87C8FF40-80E7-4B41-A215-ED92240C0A19",
                    "Description": "ContainerFor87C8FF40-80E7-4B41-A215-ED92240C0A19",
                    "ElementOrder": "3",
                    "Map": [
                        {
                            "ElementOID": "365FA920-DF10-4CB8-BBF9-79DEF04B2CA3",
                            "Description": "Never",
                            "FormItemOID": "12FC21DA-6160-4ADF-9528-0A75A40E6FFA",
                            "ItemResponseOID": "8F1340A3-F1F7-4796-A04B-F7C6513D6A2E",
                            "Value": "1",
                            "Position": "1"
                        },
                        {
                            "ElementOID": "D7E2F03F-394D-4440-B3BA-10EA6ABF9C03",
                            "Description": "Rarely",
                            "FormItemOID": "12FC21DA-6160-4ADF-9528-0A75A40E6FFA",
                            "ItemResponseOID": "A7A62F67-35B4-4E56-BAC5-8BEC3258C491",
                            "Value": "2",
                            "Position": "2"
                        },
                        {
                            "ElementOID": "4BCCFF45-CBAC-4C29-A160-9A8DBEB4E2A8",
                            "Description": "Sometimes",
                            "FormItemOID": "12FC21DA-6160-4ADF-9528-0A75A40E6FFA",
                            "ItemResponseOID": "B9DC1040-BD83-496A-B7EF-2E6F62668006",
                            "Value": "3",
                            "Position": "3"
                        },
                        {
                            "ElementOID": "CF086B68-914F-4900-883F-DE3AE25D8CE9",
                            "Description": "Often",
                            "FormItemOID": "12FC21DA-6160-4ADF-9528-0A75A40E6FFA",
                            "ItemResponseOID": "8BD5DE78-C3C4-403D-9AB6-E69289531604",
                            "Value": "4",
                            "Position": "4"
                        },
                        {
                            "ElementOID": "37512B7A-A877-4EC5-B3D7-B49408BCFA83",
                            "Description": "Always",
                            "FormItemOID": "12FC21DA-6160-4ADF-9528-0A75A40E6FFA",
                            "ItemResponseOID": "D32BE80B-EBC7-4DE8-AC4C-38A7BEFC0691",
                            "Value": "5",
                            "Position": "5"
                        }
                    ]
                }
            ]
        },
        {
            "FormItemOID": "9E9B03F7-72BC-4876-9B2F-6892FAD1821E",
            "ID": "EDDEP44",
            "Order": "23",
            "Elements": [
                {
                    "ElementOID": "8AB8BA58-3BB0-40B6-B656-C24F1169069B",
                    "Description": "In the past 7 days",
                    "ElementOrder": "1"
                },
                {
                    "ElementOID": "8206A3E4-581F-4C14-9DC3-638519369AA5",
                    "Description": "I felt upset for no reason",
                    "ElementOrder": "2"
                },
                {
                    "ElementOID": "87C8FF40-80E7-4B41-A215-ED92240C0A19",
                    "Description": "ContainerFor87C8FF40-80E7-4B41-A215-ED92240C0A19",
                    "ElementOrder": "3",
                    "Map": [
                        {
                            "ElementOID": "365FA920-DF10-4CB8-BBF9-79DEF04B2CA3",
                            "Description": "Never",
                            "FormItemOID": "9E9B03F7-72BC-4876-9B2F-6892FAD1821E",
                            "ItemResponseOID": "6C34BB6D-09A5-4AE8-A261-047BA97479E5",
                            "Value": "1",
                            "Position": "1"
                        },
                        {
                            "ElementOID": "D7E2F03F-394D-4440-B3BA-10EA6ABF9C03",
                            "Description": "Rarely",
                            "FormItemOID": "9E9B03F7-72BC-4876-9B2F-6892FAD1821E",
                            "ItemResponseOID": "EFE9921A-C626-451D-B54D-2A8A2600E196",
                            "Value": "2",
                            "Position": "2"
                        },
                        {
                            "ElementOID": "4BCCFF45-CBAC-4C29-A160-9A8DBEB4E2A8",
                            "Description": "Sometimes",
                            "FormItemOID": "9E9B03F7-72BC-4876-9B2F-6892FAD1821E",
                            "ItemResponseOID": "0C9ABCA4-05CD-4536-B62C-DF255855FD1D",
                            "Value": "3",
                            "Position": "3"
                        },
                        {
                            "ElementOID": "CF086B68-914F-4900-883F-DE3AE25D8CE9",
                            "Description": "Often",
                            "FormItemOID": "9E9B03F7-72BC-4876-9B2F-6892FAD1821E",
                            "ItemResponseOID": "EF5CCB6E-D1EC-4B0D-B59B-FA1F99BF1B62",
                            "Value": "4",
                            "Position": "4"
                        },
                        {
                            "ElementOID": "37512B7A-A877-4EC5-B3D7-B49408BCFA83",
                            "Description": "Always",
                            "FormItemOID": "9E9B03F7-72BC-4876-9B2F-6892FAD1821E",
                            "ItemResponseOID": "A7264B42-8335-4B49-B339-E48843E6B8CC",
                            "Value": "5",
                            "Position": "5"
                        }
                    ]
                }
            ]
        },
        {
            "FormItemOID": "047135F6-D58C-4E8C-B6C3-9AEDE63CA2E4",
            "ID": "EDDEP45",
            "Order": "24",
            "Elements": [
                {
                    "ElementOID": "8AB8BA58-3BB0-40B6-B656-C24F1169069B",
                    "Description": "In the past 7 days",
                    "ElementOrder": "1"
                },
                {
                    "ElementOID": "5CD82ED2-6FAC-4798-86B3-C4AE6BE17923",
                    "Description": "I felt that nothing was interesting",
                    "ElementOrder": "2"
                },
                {
                    "ElementOID": "87C8FF40-80E7-4B41-A215-ED92240C0A19",
                    "Description": "ContainerFor87C8FF40-80E7-4B41-A215-ED92240C0A19",
                    "ElementOrder": "3",
                    "Map": [
                        {
                            "ElementOID": "365FA920-DF10-4CB8-BBF9-79DEF04B2CA3",
                            "Description": "Never",
                            "FormItemOID": "047135F6-D58C-4E8C-B6C3-9AEDE63CA2E4",
                            "ItemResponseOID": "BF79A8FB-FAEB-41B2-A637-B0FF0BF2CBED",
                            "Value": "1",
                            "Position": "1"
                        },
                        {
                            "ElementOID": "D7E2F03F-394D-4440-B3BA-10EA6ABF9C03",
                            "Description": "Rarely",
                            "FormItemOID": "047135F6-D58C-4E8C-B6C3-9AEDE63CA2E4",
                            "ItemResponseOID": "8FF5AB5F-6390-45B8-9501-14585F033944",
                            "Value": "2",
                            "Position": "2"
                        },
                        {
                            "ElementOID": "4BCCFF45-CBAC-4C29-A160-9A8DBEB4E2A8",
                            "Description": "Sometimes",
                            "FormItemOID": "047135F6-D58C-4E8C-B6C3-9AEDE63CA2E4",
                            "ItemResponseOID": "1E553F6E-76AD-4663-98D0-C27E080757A9",
                            "Value": "3",
                            "Position": "3"
                        },
                        {
                            "ElementOID": "CF086B68-914F-4900-883F-DE3AE25D8CE9",
                            "Description": "Often",
                            "FormItemOID": "047135F6-D58C-4E8C-B6C3-9AEDE63CA2E4",
                            "ItemResponseOID": "E88581F0-E4DA-409C-9159-102DD7FD8805",
                            "Value": "4",
                            "Position": "4"
                        },
                        {
                            "ElementOID": "37512B7A-A877-4EC5-B3D7-B49408BCFA83",
                            "Description": "Always",
                            "FormItemOID": "047135F6-D58C-4E8C-B6C3-9AEDE63CA2E4",
                            "ItemResponseOID": "D62E262B-14A1-4D88-AE04-CD3A68F11D4A",
                            "Value": "5",
                            "Position": "5"
                        }
                    ]
                }
            ]
        },
        {
            "FormItemOID": "785EB9F3-D9FA-40DC-BE7C-133F4895BC8F",
            "ID": "EDDEP46",
            "Order": "25",
            "Elements": [
                {
                    "ElementOID": "8AB8BA58-3BB0-40B6-B656-C24F1169069B",
                    "Description": "In the past 7 days",
                    "ElementOrder": "1"
                },
                {
                    "ElementOID": "97DDED6E-C6DC-4296-A0F0-CFF504CA1803",
                    "Description": "I felt pessimistic",
                    "ElementOrder": "2"
                },
                {
                    "ElementOID": "87C8FF40-80E7-4B41-A215-ED92240C0A19",
                    "Description": "ContainerFor87C8FF40-80E7-4B41-A215-ED92240C0A19",
                    "ElementOrder": "3",
                    "Map": [
                        {
                            "ElementOID": "365FA920-DF10-4CB8-BBF9-79DEF04B2CA3",
                            "Description": "Never",
                            "FormItemOID": "785EB9F3-D9FA-40DC-BE7C-133F4895BC8F",
                            "ItemResponseOID": "CEE739E0-4CF7-4823-97F3-69B55AC179AB",
                            "Value": "1",
                            "Position": "1"
                        },
                        {
                            "ElementOID": "D7E2F03F-394D-4440-B3BA-10EA6ABF9C03",
                            "Description": "Rarely",
                            "FormItemOID": "785EB9F3-D9FA-40DC-BE7C-133F4895BC8F",
                            "ItemResponseOID": "54F36E3B-5932-44BE-B639-645AD461F3B7",
                            "Value": "2",
                            "Position": "2"
                        },
                        {
                            "ElementOID": "4BCCFF45-CBAC-4C29-A160-9A8DBEB4E2A8",
                            "Description": "Sometimes",
                            "FormItemOID": "785EB9F3-D9FA-40DC-BE7C-133F4895BC8F",
                            "ItemResponseOID": "8B2026FE-1887-4B4C-9E24-24A858CAFA32",
                            "Value": "3",
                            "Position": "3"
                        },
                        {
                            "ElementOID": "CF086B68-914F-4900-883F-DE3AE25D8CE9",
                            "Description": "Often",
                            "FormItemOID": "785EB9F3-D9FA-40DC-BE7C-133F4895BC8F",
                            "ItemResponseOID": "3DD8DB55-1265-44E7-8E35-54E0CD0DF6F3",
                            "Value": "4",
                            "Position": "4"
                        },
                        {
                            "ElementOID": "37512B7A-A877-4EC5-B3D7-B49408BCFA83",
                            "Description": "Always",
                            "FormItemOID": "785EB9F3-D9FA-40DC-BE7C-133F4895BC8F",
                            "ItemResponseOID": "B6630B37-A7BF-4542-920A-76DB1F11D99C",
                            "Value": "5",
                            "Position": "5"
                        }
                    ]
                }
            ]
        },
        {
            "FormItemOID": "9713BEDA-C2ED-4E22-A477-6206AD09D1AB",
            "ID": "EDDEP48",
            "Order": "26",
            "Elements": [
                {
                    "ElementOID": "8AB8BA58-3BB0-40B6-B656-C24F1169069B",
                    "Description": "In the past 7 days",
                    "ElementOrder": "1"
                },
                {
                    "ElementOID": "3A0AF3E2-6B81-4B9C-B18D-B39AB489A966",
                    "Description": "I felt that my life was empty",
                    "ElementOrder": "2"
                },
                {
                    "ElementOID": "87C8FF40-80E7-4B41-A215-ED92240C0A19",
                    "Description": "ContainerFor87C8FF40-80E7-4B41-A215-ED92240C0A19",
                    "ElementOrder": "3",
                    "Map": [
                        {
                            "ElementOID": "365FA920-DF10-4CB8-BBF9-79DEF04B2CA3",
                            "Description": "Never",
                            "FormItemOID": "9713BEDA-C2ED-4E22-A477-6206AD09D1AB",
                            "ItemResponseOID": "29BA060B-4F9E-41E8-82B3-B257730D4B4B",
                            "Value": "1",
                            "Position": "1"
                        },
                        {
                            "ElementOID": "D7E2F03F-394D-4440-B3BA-10EA6ABF9C03",
                            "Description": "Rarely",
                            "FormItemOID": "9713BEDA-C2ED-4E22-A477-6206AD09D1AB",
                            "ItemResponseOID": "88CC51BB-17E0-4E00-8FE5-5F8C8D095F54",
                            "Value": "2",
                            "Position": "2"
                        },
                        {
                            "ElementOID": "4BCCFF45-CBAC-4C29-A160-9A8DBEB4E2A8",
                            "Description": "Sometimes",
                            "FormItemOID": "9713BEDA-C2ED-4E22-A477-6206AD09D1AB",
                            "ItemResponseOID": "69A71286-BDA1-4A6E-A1A4-B0AF69FF4586",
                            "Value": "3",
                            "Position": "3"
                        },
                        {
                            "ElementOID": "CF086B68-914F-4900-883F-DE3AE25D8CE9",
                            "Description": "Often",
                            "FormItemOID": "9713BEDA-C2ED-4E22-A477-6206AD09D1AB",
                            "ItemResponseOID": "47A6931A-363A-4F45-B489-4F4D505E6782",
                            "Value": "4",
                            "Position": "4"
                        },
                        {
                            "ElementOID": "37512B7A-A877-4EC5-B3D7-B49408BCFA83",
                            "Description": "Always",
                            "FormItemOID": "9713BEDA-C2ED-4E22-A477-6206AD09D1AB",
                            "ItemResponseOID": "731C3A5F-80DC-47F7-9BF0-3F20ACE67BF0",
                            "Value": "5",
                            "Position": "5"
                        }
                    ]
                }
            ]
        },
        {
            "FormItemOID": "090F00D2-87B0-4097-89FF-E39BEAC746A7",
            "ID": "EDDEP50",
            "Order": "27",
            "Elements": [
                {
                    "ElementOID": "8AB8BA58-3BB0-40B6-B656-C24F1169069B",
                    "Description": "In the past 7 days",
                    "ElementOrder": "1"
                },
                {
                    "ElementOID": "EB0E199A-1B60-4ADA-862D-9D5174C6645D",
                    "Description": "I felt guilty",
                    "ElementOrder": "2"
                },
                {
                    "ElementOID": "87C8FF40-80E7-4B41-A215-ED92240C0A19",
                    "Description": "ContainerFor87C8FF40-80E7-4B41-A215-ED92240C0A19",
                    "ElementOrder": "3",
                    "Map": [
                        {
                            "ElementOID": "365FA920-DF10-4CB8-BBF9-79DEF04B2CA3",
                            "Description": "Never",
                            "FormItemOID": "090F00D2-87B0-4097-89FF-E39BEAC746A7",
                            "ItemResponseOID": "03FFE196-C4D2-444D-8054-A4582BC65E5E",
                            "Value": "1",
                            "Position": "1"
                        },
                        {
                            "ElementOID": "D7E2F03F-394D-4440-B3BA-10EA6ABF9C03",
                            "Description": "Rarely",
                            "FormItemOID": "090F00D2-87B0-4097-89FF-E39BEAC746A7",
                            "ItemResponseOID": "1700FAF3-2EDC-44F2-BFFF-D3B9E107EBD1",
                            "Value": "2",
                            "Position": "2"
                        },
                        {
                            "ElementOID": "4BCCFF45-CBAC-4C29-A160-9A8DBEB4E2A8",
                            "Description": "Sometimes",
                            "FormItemOID": "090F00D2-87B0-4097-89FF-E39BEAC746A7",
                            "ItemResponseOID": "55BDC4F6-F403-4036-974E-D7F9FE3CC55D",
                            "Value": "3",
                            "Position": "3"
                        },
                        {
                            "ElementOID": "CF086B68-914F-4900-883F-DE3AE25D8CE9",
                            "Description": "Often",
                            "FormItemOID": "090F00D2-87B0-4097-89FF-E39BEAC746A7",
                            "ItemResponseOID": "5F9F3525-4F41-437C-A65D-8E8F5463DF14",
                            "Value": "4",
                            "Position": "4"
                        },
                        {
                            "ElementOID": "37512B7A-A877-4EC5-B3D7-B49408BCFA83",
                            "Description": "Always",
                            "FormItemOID": "090F00D2-87B0-4097-89FF-E39BEAC746A7",
                            "ItemResponseOID": "78827B6F-E526-43B0-B503-1A60DAABFC0E",
                            "Value": "5",
                            "Position": "5"
                        }
                    ]
                }
            ]
        },
        {
            "FormItemOID": "6CB7D9BF-193A-4844-B508-DE48F0712452",
            "ID": "EDDEP54",
            "Order": "28",
            "Elements": [
                {
                    "ElementOID": "8AB8BA58-3BB0-40B6-B656-C24F1169069B",
                    "Description": "In the past 7 days",
                    "ElementOrder": "1"
                },
                {
                    "ElementOID": "8B5BE446-6F60-4403-A153-D7720E54A558",
                    "Description": "I felt emotionally exhausted",
                    "ElementOrder": "2"
                },
                {
                    "ElementOID": "87C8FF40-80E7-4B41-A215-ED92240C0A19",
                    "Description": "ContainerFor87C8FF40-80E7-4B41-A215-ED92240C0A19",
                    "ElementOrder": "3",
                    "Map": [
                        {
                            "ElementOID": "365FA920-DF10-4CB8-BBF9-79DEF04B2CA3",
                            "Description": "Never",
                            "FormItemOID": "6CB7D9BF-193A-4844-B508-DE48F0712452",
                            "ItemResponseOID": "3F8A1FA8-77C9-4DBD-BEC1-ABD4FB835441",
                            "Value": "1",
                            "Position": "1"
                        },
                        {
                            "ElementOID": "D7E2F03F-394D-4440-B3BA-10EA6ABF9C03",
                            "Description": "Rarely",
                            "FormItemOID": "6CB7D9BF-193A-4844-B508-DE48F0712452",
                            "ItemResponseOID": "25F49AB0-9492-4A61-9580-A467025F4F8A",
                            "Value": "2",
                            "Position": "2"
                        },
                        {
                            "ElementOID": "4BCCFF45-CBAC-4C29-A160-9A8DBEB4E2A8",
                            "Description": "Sometimes",
                            "FormItemOID": "6CB7D9BF-193A-4844-B508-DE48F0712452",
                            "ItemResponseOID": "0ABAD533-EB82-4D7C-AC2E-5F8F6220C27D",
                            "Value": "3",
                            "Position": "3"
                        },
                        {
                            "ElementOID": "CF086B68-914F-4900-883F-DE3AE25D8CE9",
                            "Description": "Often",
                            "FormItemOID": "6CB7D9BF-193A-4844-B508-DE48F0712452",
                            "ItemResponseOID": "AB570405-456B-43F1-BFD7-27F71C94DF05",
                            "Value": "4",
                            "Position": "4"
                        },
                        {
                            "ElementOID": "37512B7A-A877-4EC5-B3D7-B49408BCFA83",
                            "Description": "Always",
                            "FormItemOID": "6CB7D9BF-193A-4844-B508-DE48F0712452",
                            "ItemResponseOID": "38C2983E-40F6-47EA-AD6B-4A31C0B9F24A",
                            "Value": "5",
                            "Position": "5"
                        }
                    ]
                }
            ]
        }
    ]
}